CREATE DATABASE  IF NOT EXISTS `casabenjamin` /*!40100 DEFAULT CHARACTER SET utf8 COLLATE utf8_unicode_ci */;
USE `casabenjamin`;
-- MySQL dump 10.13  Distrib 5.7.17, for Win64 (x86_64)
--
-- Host: 127.0.0.1    Database: casabenjamin
-- ------------------------------------------------------
-- Server version	5.7.19-log

/*!40101 SET @OLD_CHARACTER_SET_CLIENT=@@CHARACTER_SET_CLIENT */;
/*!40101 SET @OLD_CHARACTER_SET_RESULTS=@@CHARACTER_SET_RESULTS */;
/*!40101 SET @OLD_COLLATION_CONNECTION=@@COLLATION_CONNECTION */;
/*!40101 SET NAMES utf8 */;
/*!40103 SET @OLD_TIME_ZONE=@@TIME_ZONE */;
/*!40103 SET TIME_ZONE='+00:00' */;
/*!40014 SET @OLD_UNIQUE_CHECKS=@@UNIQUE_CHECKS, UNIQUE_CHECKS=0 */;
/*!40014 SET @OLD_FOREIGN_KEY_CHECKS=@@FOREIGN_KEY_CHECKS, FOREIGN_KEY_CHECKS=0 */;
/*!40101 SET @OLD_SQL_MODE=@@SQL_MODE, SQL_MODE='NO_AUTO_VALUE_ON_ZERO' */;
/*!40111 SET @OLD_SQL_NOTES=@@SQL_NOTES, SQL_NOTES=0 */;

--
-- Table structure for table `bed`
--

DROP TABLE IF EXISTS `bed`;
/*!40101 SET @saved_cs_client     = @@character_set_client */;
/*!40101 SET character_set_client = utf8 */;
CREATE TABLE `bed` (
  `id` int(11) NOT NULL AUTO_INCREMENT,
  `bed_type_id` int(11) DEFAULT NULL,
  `double_bed_partner_id` int(11) DEFAULT NULL,
  `is_hidden` bit(1) DEFAULT NULL,
  PRIMARY KEY (`id`),
  UNIQUE KEY `room_bed_unq` (`id`),
  KEY `double_bed_partner_fk_idx` (`double_bed_partner_id`),
  CONSTRAINT `double_bed_partner_fk` FOREIGN KEY (`double_bed_partner_id`) REFERENCES `bed` (`id`) ON DELETE NO ACTION ON UPDATE NO ACTION
) ENGINE=InnoDB AUTO_INCREMENT=501 DEFAULT CHARSET=utf8 COLLATE=utf8_unicode_ci;
/*!40101 SET character_set_client = @saved_cs_client */;

--
-- Dumping data for table `bed`
--

LOCK TABLES `bed` WRITE;
/*!40000 ALTER TABLE `bed` DISABLE KEYS */;
INSERT INTO `bed` VALUES (1,2,2,NULL),(2,2,1,NULL),(3,1,NULL,NULL),(4,2,5,NULL),(5,2,4,NULL),(6,2,7,NULL),(7,2,6,NULL),(8,1,NULL,NULL),(9,2,10,NULL),(10,2,9,NULL),(11,1,NULL,NULL),(12,1,NULL,NULL),(13,1,NULL,NULL),(14,1,NULL,NULL),(15,1,NULL,NULL),(16,1,NULL,NULL),(17,1,NULL,NULL),(18,1,NULL,NULL),(19,1,NULL,NULL),(20,1,NULL,NULL),(21,1,NULL,NULL),(22,1,NULL,NULL),(23,1,NULL,NULL),(24,1,NULL,NULL),(25,1,NULL,NULL),(26,1,NULL,NULL),(27,1,NULL,NULL),(28,1,NULL,NULL),(29,1,NULL,NULL),(30,1,NULL,NULL),(31,2,32,NULL),(32,2,31,NULL),(33,1,NULL,NULL),(34,2,35,NULL),(35,2,34,NULL),(36,1,NULL,NULL),(37,1,NULL,NULL),(38,1,NULL,NULL),(39,1,NULL,NULL),(40,1,NULL,NULL),(41,1,NULL,NULL),(42,1,NULL,NULL),(43,1,NULL,NULL),(44,1,NULL,NULL),(45,1,NULL,NULL),(46,1,NULL,NULL),(47,1,NULL,NULL),(48,1,NULL,NULL),(49,1,NULL,NULL),(50,1,NULL,NULL),(51,1,NULL,NULL),(52,1,NULL,NULL),(53,1,NULL,NULL),(54,1,NULL,NULL),(55,1,NULL,NULL),(56,1,NULL,NULL),(57,1,NULL,NULL),(58,1,NULL,NULL),(59,1,NULL,NULL),(60,1,NULL,NULL),(61,1,NULL,NULL),(62,1,NULL,NULL),(63,1,NULL,NULL),(64,1,NULL,NULL),(65,2,66,NULL),(66,2,65,NULL),(67,1,NULL,NULL),(68,2,69,NULL),(69,2,68,NULL),(70,2,71,NULL),(71,2,70,NULL),(72,1,NULL,NULL),(73,2,74,NULL),(74,2,73,NULL),(75,2,76,NULL),(76,2,75,NULL),(77,2,78,NULL),(78,2,77,NULL),(79,2,80,NULL),(80,2,79,NULL),(81,2,82,NULL),(82,2,81,NULL),(83,1,NULL,NULL),(84,1,NULL,NULL),(85,1,NULL,NULL),(86,1,NULL,NULL),(87,1,NULL,NULL),(88,1,NULL,NULL),(89,1,NULL,NULL),(90,1,NULL,NULL),(91,1,NULL,NULL),(92,1,NULL,NULL),(93,1,NULL,NULL),(94,1,NULL,NULL),(95,1,NULL,NULL),(96,1,NULL,NULL),(97,1,NULL,NULL),(98,1,NULL,NULL),(99,1,NULL,NULL),(100,1,NULL,NULL),(101,1,NULL,NULL),(102,1,NULL,NULL),(103,1,NULL,NULL),(104,1,NULL,NULL),(105,1,NULL,NULL),(106,1,NULL,NULL),(107,1,NULL,NULL),(108,1,NULL,NULL),(109,1,NULL,NULL),(110,1,NULL,NULL),(111,1,NULL,NULL),(112,1,NULL,NULL),(113,2,114,NULL),(114,2,113,NULL),(115,2,116,NULL),(116,2,115,NULL),(117,2,118,NULL),(118,2,117,NULL),(119,2,120,NULL),(120,2,119,NULL),(121,2,122,NULL),(122,2,121,NULL),(123,2,124,NULL),(124,2,123,NULL),(125,2,126,NULL),(126,2,125,NULL),(127,2,128,NULL),(128,2,127,NULL),(129,2,130,NULL),(130,2,129,NULL),(131,2,132,NULL),(132,2,131,NULL),(133,1,NULL,NULL),(134,1,NULL,NULL),(135,1,NULL,NULL),(136,1,NULL,NULL),(137,1,NULL,NULL),(138,1,NULL,NULL),(139,1,NULL,NULL),(140,1,NULL,NULL),(141,1,NULL,NULL),(142,1,NULL,NULL),(143,1,NULL,NULL),(144,1,NULL,NULL),(145,1,NULL,NULL),(146,1,NULL,NULL),(147,1,NULL,NULL),(148,1,NULL,NULL),(149,1,NULL,NULL),(150,1,NULL,NULL),(151,1,NULL,NULL),(152,1,NULL,NULL),(153,1,NULL,NULL),(154,1,NULL,NULL),(155,1,NULL,NULL),(156,1,NULL,NULL),(157,1,NULL,NULL),(158,1,NULL,NULL),(159,1,NULL,NULL),(160,1,NULL,NULL),(161,1,NULL,NULL),(162,1,NULL,NULL),(163,2,164,NULL),(164,2,163,NULL),(165,2,166,NULL),(166,2,165,NULL),(167,2,168,NULL),(168,2,167,NULL),(169,2,170,NULL),(170,2,169,NULL),(171,2,172,NULL),(172,2,171,NULL),(173,1,NULL,NULL),(174,2,175,NULL),(175,2,174,NULL),(176,1,NULL,NULL),(177,2,178,NULL),(178,2,177,NULL),(179,2,180,NULL),(180,2,179,NULL),(181,1,NULL,NULL),(182,1,NULL,NULL),(183,2,184,NULL),(184,2,183,NULL),(185,2,186,NULL),(186,2,185,NULL),(187,1,NULL,NULL),(188,1,NULL,NULL),(189,2,190,NULL),(190,2,189,NULL),(191,2,192,NULL),(192,2,191,NULL),(193,1,NULL,NULL),(194,1,NULL,NULL),(195,2,196,NULL),(196,2,195,NULL),(197,2,198,NULL),(198,2,197,NULL),(199,1,NULL,NULL),(200,1,NULL,NULL),(201,2,202,NULL),(202,2,201,NULL),(203,2,204,NULL),(204,2,203,NULL),(205,1,NULL,NULL),(206,1,NULL,NULL),(207,2,208,NULL),(208,2,207,NULL),(209,2,210,NULL),(210,2,209,NULL),(211,1,NULL,NULL),(212,1,NULL,NULL),(213,2,214,NULL),(214,2,213,NULL),(215,1,NULL,NULL),(216,2,217,NULL),(217,2,216,NULL),(218,2,219,NULL),(219,2,218,NULL),(220,2,221,NULL),(221,2,220,NULL),(222,2,223,NULL),(223,2,222,NULL),(224,2,225,NULL),(225,2,224,NULL),(226,2,227,NULL),(227,2,226,NULL),(228,2,229,NULL),(229,2,228,NULL),(230,1,NULL,NULL),(231,1,NULL,NULL),(232,1,NULL,NULL),(233,1,NULL,NULL),(234,1,NULL,NULL),(235,2,236,NULL),(236,2,235,NULL),(237,1,NULL,NULL),(238,1,NULL,NULL),(239,1,NULL,NULL),(240,1,NULL,NULL),(241,2,242,NULL),(242,2,241,NULL),(243,2,244,NULL),(244,2,243,NULL),(245,2,246,NULL),(246,2,245,NULL),(247,2,248,NULL),(248,2,247,NULL),(249,2,250,NULL),(250,2,249,NULL),(251,2,252,NULL),(252,2,251,NULL),(253,2,254,NULL),(254,2,253,NULL),(255,2,256,NULL),(256,2,255,NULL),(257,2,258,NULL),(258,2,257,NULL),(259,1,NULL,NULL),(260,2,261,NULL),(261,2,260,NULL),(262,1,NULL,NULL),(263,2,264,NULL),(264,2,263,NULL),(265,2,266,NULL),(266,2,265,NULL),(267,2,268,NULL),(268,2,267,NULL),(269,2,270,NULL),(270,2,269,NULL),(271,1,NULL,NULL),(272,1,NULL,NULL),(273,1,NULL,NULL),(274,1,NULL,NULL),(275,1,NULL,NULL),(276,1,NULL,NULL),(277,1,NULL,NULL),(278,1,NULL,NULL),(279,1,NULL,NULL),(280,1,NULL,NULL),(281,1,NULL,NULL),(282,1,NULL,NULL),(283,1,NULL,NULL),(284,1,NULL,NULL),(285,1,NULL,NULL),(286,1,NULL,NULL),(287,1,NULL,NULL),(288,1,NULL,NULL),(289,1,NULL,NULL),(290,1,NULL,NULL),(291,1,NULL,NULL),(292,1,NULL,NULL),(293,1,NULL,NULL),(294,1,NULL,NULL),(295,1,NULL,NULL),(296,1,NULL,NULL),(297,1,NULL,NULL),(298,1,NULL,NULL),(299,1,NULL,NULL),(300,1,NULL,NULL),(301,1,NULL,NULL),(302,1,NULL,NULL),(303,1,NULL,NULL),(304,1,NULL,NULL),(305,1,NULL,NULL),(306,1,NULL,NULL),(307,1,NULL,NULL),(308,1,NULL,NULL),(309,1,NULL,NULL),(310,1,NULL,NULL),(311,1,NULL,NULL),(312,1,NULL,NULL),(313,1,NULL,NULL),(314,1,NULL,NULL),(315,1,NULL,NULL),(316,1,NULL,NULL),(317,1,NULL,NULL),(318,1,NULL,NULL),(319,1,NULL,NULL),(320,1,NULL,NULL),(321,1,NULL,NULL),(322,1,NULL,NULL),(323,1,NULL,NULL),(324,1,NULL,NULL),(325,1,NULL,NULL),(326,1,NULL,NULL),(327,1,NULL,NULL),(328,1,NULL,NULL),(329,1,NULL,NULL),(330,1,NULL,NULL),(331,1,NULL,NULL),(332,1,NULL,NULL),(333,1,NULL,NULL),(334,1,NULL,NULL),(335,1,NULL,NULL),(336,1,NULL,NULL),(337,1,NULL,NULL),(338,1,NULL,NULL),(339,1,NULL,NULL),(340,1,NULL,NULL),(341,1,NULL,NULL),(342,1,NULL,NULL),(343,1,NULL,NULL),(344,1,NULL,NULL),(345,1,NULL,NULL),(346,1,NULL,NULL),(347,1,NULL,NULL),(348,1,NULL,NULL),(349,1,NULL,NULL),(350,1,NULL,NULL),(351,1,NULL,NULL),(352,1,NULL,NULL),(353,1,NULL,NULL),(354,1,NULL,NULL),(355,1,NULL,NULL),(356,1,NULL,NULL),(357,1,NULL,NULL),(358,1,NULL,NULL),(359,1,NULL,NULL),(360,1,NULL,NULL),(361,1,NULL,NULL),(362,1,NULL,NULL),(363,1,NULL,NULL),(364,1,NULL,NULL),(365,1,NULL,NULL),(366,1,NULL,NULL),(367,1,NULL,NULL),(368,1,NULL,NULL),(369,1,NULL,NULL),(370,1,NULL,NULL),(371,1,NULL,NULL),(372,1,NULL,NULL),(373,1,NULL,NULL),(374,1,NULL,NULL),(375,1,NULL,NULL),(376,1,NULL,NULL),(377,1,NULL,NULL),(378,1,NULL,NULL),(379,1,NULL,NULL),(380,1,NULL,NULL),(381,1,NULL,NULL),(382,1,NULL,NULL),(383,1,NULL,NULL),(384,1,NULL,NULL),(385,1,NULL,NULL),(386,1,NULL,NULL),(387,1,NULL,NULL),(388,1,NULL,NULL),(389,1,NULL,NULL),(390,1,NULL,NULL),(391,1,NULL,NULL),(392,1,NULL,NULL),(393,1,NULL,NULL),(394,1,NULL,NULL),(395,1,NULL,NULL),(396,1,NULL,NULL),(397,1,NULL,NULL),(398,1,NULL,NULL),(399,1,NULL,NULL),(400,1,NULL,NULL),(401,1,NULL,NULL),(402,1,NULL,NULL),(403,1,NULL,NULL),(404,1,NULL,NULL),(405,1,NULL,NULL),(406,1,NULL,NULL),(407,1,NULL,NULL),(408,1,NULL,NULL),(409,1,NULL,NULL),(410,1,NULL,NULL),(411,1,NULL,NULL),(412,1,NULL,NULL),(413,1,NULL,NULL),(414,1,NULL,NULL),(415,1,NULL,NULL),(416,1,NULL,NULL),(417,1,NULL,NULL),(418,1,NULL,NULL),(419,1,NULL,NULL),(420,1,NULL,NULL),(421,1,NULL,NULL),(422,1,NULL,NULL),(423,1,NULL,NULL),(424,1,NULL,NULL),(425,1,NULL,NULL),(426,1,NULL,NULL),(427,1,NULL,NULL),(428,1,NULL,NULL),(429,1,NULL,NULL),(430,1,NULL,NULL),(431,1,NULL,NULL),(432,1,NULL,NULL),(433,1,NULL,NULL),(434,1,NULL,NULL),(435,1,NULL,NULL),(436,1,NULL,NULL),(437,1,NULL,NULL),(438,1,NULL,NULL),(439,1,NULL,NULL),(440,1,NULL,NULL),(441,1,NULL,NULL),(442,1,NULL,NULL),(443,1,NULL,NULL),(444,1,NULL,NULL),(445,1,NULL,NULL),(446,1,NULL,NULL),(447,1,NULL,NULL),(448,1,NULL,NULL),(449,1,NULL,NULL),(450,1,NULL,NULL),(451,1,NULL,NULL),(452,1,NULL,NULL),(453,1,NULL,NULL),(454,1,NULL,NULL),(455,1,NULL,NULL),(456,1,NULL,NULL),(457,1,NULL,NULL),(458,1,NULL,NULL),(459,1,NULL,NULL),(460,1,NULL,NULL),(461,1,NULL,NULL),(462,1,NULL,NULL),(463,1,NULL,NULL),(464,1,NULL,NULL),(465,1,NULL,NULL),(466,1,NULL,NULL),(467,1,NULL,NULL),(468,1,NULL,NULL),(469,1,NULL,NULL),(470,1,NULL,NULL),(471,1,NULL,NULL),(472,1,NULL,NULL),(473,1,NULL,NULL),(474,1,NULL,NULL),(475,1,NULL,NULL),(476,1,NULL,NULL),(477,1,NULL,NULL),(478,1,NULL,NULL),(479,1,NULL,NULL),(480,1,NULL,NULL),(481,1,NULL,NULL),(482,1,NULL,NULL),(483,1,NULL,NULL),(484,1,NULL,NULL),(485,1,NULL,NULL),(486,1,NULL,NULL),(487,1,NULL,NULL),(488,1,NULL,NULL),(489,1,NULL,NULL),(490,1,NULL,NULL),(491,1,NULL,NULL),(492,1,NULL,NULL),(493,1,NULL,NULL),(494,1,NULL,NULL),(495,1,NULL,NULL),(496,1,NULL,NULL),(497,1,NULL,NULL),(498,1,NULL,NULL),(499,1,NULL,NULL),(500,1,NULL,'');
/*!40000 ALTER TABLE `bed` ENABLE KEYS */;
UNLOCK TABLES;

--
-- Table structure for table `bed_type`
--

DROP TABLE IF EXISTS `bed_type`;
/*!40101 SET @saved_cs_client     = @@character_set_client */;
/*!40101 SET character_set_client = utf8 */;
CREATE TABLE `bed_type` (
  `id` int(11) NOT NULL AUTO_INCREMENT,
  `type` varchar(45) COLLATE utf8_unicode_ci DEFAULT NULL,
  PRIMARY KEY (`id`)
) ENGINE=InnoDB AUTO_INCREMENT=3 DEFAULT CHARSET=utf8 COLLATE=utf8_unicode_ci;
/*!40101 SET character_set_client = @saved_cs_client */;

--
-- Dumping data for table `bed_type`
--

LOCK TABLES `bed_type` WRITE;
/*!40000 ALTER TABLE `bed_type` DISABLE KEYS */;
INSERT INTO `bed_type` VALUES (1,'single'),(2,'double');
/*!40000 ALTER TABLE `bed_type` ENABLE KEYS */;
UNLOCK TABLES;

--
-- Table structure for table `check_outs`
--

DROP TABLE IF EXISTS `check_outs`;
/*!40101 SET @saved_cs_client     = @@character_set_client */;
/*!40101 SET character_set_client = utf8 */;
CREATE TABLE `check_outs` (
  `id` int(11) NOT NULL AUTO_INCREMENT,
  `user_id` int(11) DEFAULT NULL,
  `bed_id` int(11) DEFAULT NULL,
  `user_sex` bit(1) DEFAULT NULL,
  `check_in_date` datetime DEFAULT NULL,
  `check_out_date` datetime DEFAULT NULL,
  `total_kitchen` decimal(10,0) DEFAULT NULL,
  `total_services` decimal(10,0) DEFAULT NULL,
  `total_accommodation` decimal(10,0) DEFAULT NULL,
  `total_nights` int(11) DEFAULT NULL,
  `total_cash` decimal(10,0) DEFAULT NULL,
  `total_credit` decimal(10,0) DEFAULT NULL,
  `total_discount` decimal(10,0) DEFAULT NULL,
  `total_canceled` decimal(10,0) DEFAULT NULL,
  `total_debit` decimal(10,0) DEFAULT NULL,
  `total` decimal(10,0) DEFAULT NULL,
  `price_per_night` decimal(10,0) DEFAULT NULL,
  `staff` varchar(45) COLLATE utf8_unicode_ci DEFAULT NULL,
  `user_name` varchar(45) COLLATE utf8_unicode_ci DEFAULT NULL,
  PRIMARY KEY (`id`),
  KEY `co_uid_idx` (`user_id`),
  CONSTRAINT `co_uid` FOREIGN KEY (`user_id`) REFERENCES `user` (`id`) ON DELETE NO ACTION ON UPDATE NO ACTION
) ENGINE=InnoDB AUTO_INCREMENT=175 DEFAULT CHARSET=utf8 COLLATE=utf8_unicode_ci;
/*!40101 SET character_set_client = @saved_cs_client */;

--
-- Dumping data for table `check_outs`
--

LOCK TABLES `check_outs` WRITE;
/*!40000 ALTER TABLE `check_outs` DISABLE KEYS */;
INSERT INTO `check_outs` VALUES (1,24,126,'','2017-10-02 14:10:00','2017-10-05 08:46:22',1145,0,1200,3,0,0,0,0,1145,2345,400,'evyatar','matan נ'),(2,29,218,'\0','2017-10-03 14:29:00','2017-10-05 10:17:56',0,0,800,2,0,0,0,0,0,800,400,'evyatar','limor noked'),(3,30,219,'\0','2017-10-03 16:30:00','2017-10-05 10:18:20',0,0,800,2,0,0,0,0,0,800,400,'evyatar','maayan israelovitz'),(5,17,82,'','2017-10-03 14:57:00','2017-10-08 12:22:01',1010,0,1500,5,0,0,0,0,1010,2510,300,'evyatar','moshe yehoshua'),(6,34,58,'\0','2017-10-05 18:16:00','2017-10-08 13:34:05',0,0,900,3,0,0,0,0,0,900,300,'evyatar','avia van'),(7,35,59,'\0','2017-10-05 18:18:00','2017-10-08 13:35:11',0,0,900,3,0,0,0,0,0,900,300,'evyatar','talia kolovski'),(8,14,54,'','2017-10-04 15:44:00','2017-10-08 13:41:34',330,0,1200,4,0,0,0,0,330,1530,300,'evyatar','TZAH saban'),(9,13,53,'','2017-10-04 14:39:00','2017-10-08 13:42:36',0,0,1200,4,0,0,0,0,0,1200,300,'evyatar','EDEN shirabni'),(10,12,52,'','2017-10-03 14:37:00','2017-10-08 13:43:58',230,0,1500,5,0,0,0,0,230,1730,300,'evyatar','tal hason'),(11,16,77,'','2017-07-25 15:54:00','2017-10-08 13:53:48',0,0,0,75,0,0,0,0,0,0,0,'evyatar','guy juli'),(12,66,265,'','2017-10-07 16:24:00','2017-10-08 16:25:18',0,0,0,2,0,0,0,0,0,0,0,'evyatar','jp fd'),(13,45,21,'\0','2017-10-05 15:08:00','2017-10-08 23:02:03',670,0,1200,4,0,0,0,0,670,1870,300,'buba','gal uzan'),(14,68,59,'\0','2017-10-08 17:19:00','2017-10-09 07:38:24',0,0,300,1,0,0,0,0,0,300,300,'evyatar','maya doron'),(15,21,103,'','2017-10-04 16:05:00','2017-10-09 10:51:10',320,0,1800,6,0,0,0,0,320,2120,300,'ruhama','ASAF DANIELOV'),(16,22,104,'','2017-10-04 16:06:00','2017-10-09 10:51:34',1220,0,1800,6,150,0,0,0,1220,3020,300,'ruhama','AMIR DANILOV'),(17,10,48,'','2017-10-03 14:00:00','2017-10-09 10:53:11',1450,0,1800,6,0,0,0,0,1450,3250,300,'ruhama','rotem yohananof'),(18,11,49,'','2017-10-03 14:33:00','2017-10-09 11:12:11',2400,0,1800,6,0,0,0,0,2400,4200,300,'ruhama','daniel bitton'),(19,70,164,'','2017-10-08 19:13:00','2017-10-09 12:06:01',100,0,400,1,0,0,0,0,100,500,400,'ruhama','guy hanegvi'),(20,69,163,'','2017-10-08 19:12:00','2017-10-09 12:06:29',255,0,400,1,0,0,0,0,255,655,400,'ruhama','tal garfi'),(21,63,58,'\0','2017-10-08 16:14:00','2017-10-09 12:24:36',120,0,300,1,0,0,0,0,120,420,300,'evyatar','mor fadida'),(22,51,57,'\0','2017-10-05 15:33:00','2017-10-09 12:26:06',450,0,1200,4,0,0,0,0,450,1650,300,'evyatar','shir VOLOZKY'),(23,57,73,'','2017-10-05 15:44:00','2017-10-09 13:14:19',1615,0,1600,4,0,0,0,0,1615,3215,400,'evyatar','amitay rahum'),(24,55,72,'','2017-10-05 15:40:00','2017-10-09 13:16:41',1575,0,1600,4,0,0,0,0,1575,3175,400,'evyatar','yakir dabas'),(25,15,170,'','2017-10-04 15:46:00','2017-10-10 00:05:37',255,0,1800,6,0,0,0,0,255,2055,300,'buba','ZVI blank'),(26,80,156,'\0','2017-10-09 20:36:00','2017-10-10 08:54:05',0,0,300,1,0,0,0,0,0,300,300,'evyatar','ORPAZ HOUTA'),(27,79,155,'\0','2017-10-09 20:33:00','2017-10-10 08:54:18',0,0,300,1,0,0,0,0,0,300,300,'evyatar','HODAYA ITTA GOTTLIEB'),(28,72,154,'\0','2017-10-08 19:37:00','2017-10-10 09:12:37',0,0,600,2,0,0,0,0,0,600,300,'evyatar','yael katz'),(29,71,153,'\0','2017-10-08 19:36:00','2017-10-10 09:12:53',0,0,600,2,0,0,0,0,0,600,300,'evyatar','noa elbaz'),(30,61,129,'\0','2017-10-07 16:03:00','2017-10-10 10:07:48',20,0,1200,3,0,0,0,0,20,1220,400,'evyatar','ayala trabelsi'),(31,62,130,'','2017-10-07 16:04:00','2017-10-10 10:08:27',200,0,1200,3,0,0,0,0,200,1400,400,'evyatar','niv dayan'),(32,27,167,'\0','2017-10-04 14:25:00','2017-10-10 10:51:02',2745,0,2400,6,0,0,0,0,2745,5145,400,'evyatar','FREIDI GERLITZ'),(33,28,168,'\0','2017-10-04 16:28:00','2017-10-10 10:51:16',4125,0,2400,6,0,0,240,0,4125,6285,400,'evyatar','LEA SHROER'),(34,74,61,'\0','2017-10-08 22:45:00','2017-10-10 11:22:41',1600,0,500,2,0,0,0,0,1600,2100,250,'ruhama','KEREN MELAMED'),(35,73,60,'\0','2017-10-08 22:43:00','2017-10-10 11:31:34',1540,0,500,2,0,0,0,0,1540,2040,250,'ruhama','MICHAL FEFERBERG'),(36,76,258,'\0','2017-10-09 13:24:00','2017-10-10 13:32:26',0,0,400,1,0,0,0,0,0,400,400,'evyatar','yali izak'),(37,75,257,'\0','2017-10-09 11:58:00','2017-10-10 13:33:00',40,0,360,1,0,0,0,0,40,400,360,'evyatar','hen halzband'),(38,41,16,'\0','2017-10-06 15:02:00','2017-10-10 22:58:03',20,0,1500,5,0,0,0,0,20,1520,300,'buba','inbar edri'),(39,42,17,'\0','2017-10-06 15:04:00','2017-10-10 23:00:08',0,0,1500,5,0,0,0,0,0,1500,300,'buba','efrat netanel'),(40,50,28,'','2017-10-07 15:18:00','2017-10-11 07:17:35',70,0,1200,4,0,0,0,0,70,1270,300,'marco','guy haviv'),(41,48,26,'\0','2017-10-07 15:15:00','2017-10-11 07:19:07',180,0,1200,4,0,0,0,0,180,1380,300,'evyatar','maya dahan'),(42,49,27,'','2017-10-07 15:16:00','2017-10-11 07:46:53',210,0,1200,4,0,0,0,0,210,1410,300,'evyatar','ido donsky'),(43,84,164,'\0','2017-10-10 15:54:00','2017-10-11 08:20:33',150,0,400,1,0,0,0,0,150,550,400,'evyatar','michal choen'),(44,83,163,'\0','2017-10-10 15:54:00','2017-10-11 08:20:47',230,0,400,1,0,0,0,0,230,630,400,'evyatar','dorin hazak'),(45,87,49,'\0','2017-10-10 23:03:00','2017-10-11 09:11:04',150,0,300,1,0,0,0,0,150,450,300,'evyatar','racheli avrhami'),(46,85,47,'\0','2017-10-10 23:01:00','2017-10-11 09:11:25',150,0,300,1,0,0,0,0,150,450,300,'evyatar','talia haddad'),(47,86,48,'\0','2017-10-10 23:02:00','2017-10-11 09:13:56',190,0,300,1,0,0,0,0,190,490,300,'evyatar','michal nagar'),(48,81,45,'\0','2017-10-10 10:36:00','2017-10-11 09:17:05',425,0,400,1,0,0,0,0,425,825,400,'evyatar','SHANI'),(49,82,46,'\0','2017-10-10 10:37:00','2017-10-11 09:17:26',320,0,400,1,0,0,0,0,320,720,400,'evyatar','SHIRAN MASICH'),(50,37,7,'','2017-10-06 14:57:00','2017-10-11 09:32:47',850,0,3000,5,0,0,0,0,850,3850,600,'evyatar','amitay TAYEB'),(51,36,6,'','2017-10-06 14:53:00','2017-10-11 09:33:00',400,0,3000,5,0,0,0,0,400,3400,600,'evyatar','shlomi DAVID'),(52,58,121,'\0','2017-10-07 15:44:00','2017-10-11 09:36:18',435,0,1600,4,0,0,0,0,435,2035,400,'evyatar','linoy damti'),(53,59,122,'\0','2017-10-07 15:46:00','2017-10-11 09:36:31',460,0,1600,4,0,0,0,0,460,2060,400,'evyatar','odaya kobous'),(54,43,18,'\0','2017-10-06 15:04:00','2017-10-11 10:48:46',700,0,1500,5,0,0,0,0,700,2200,300,'evyatar','SHIR AVIV'),(55,44,19,'\0','2017-10-06 15:06:00','2017-10-11 10:49:00',60,0,1500,5,0,0,0,0,60,1560,300,'evyatar','MOR SHALEV'),(56,40,13,'\0','2017-10-06 15:01:00','2017-10-11 11:52:30',0,0,1500,5,0,0,0,0,0,1500,300,'evyatar','mor barzani'),(57,39,12,'\0','2017-10-06 15:01:00','2017-10-11 11:52:41',0,0,1500,5,0,0,0,0,0,1500,300,'evyatar','mayyan r'),(58,38,11,'\0','2017-10-06 15:00:00','2017-10-11 11:52:49',0,0,1500,5,0,0,0,0,0,1500,300,'evyatar','limor noked'),(59,46,22,'\0','2017-10-05 15:10:00','2017-10-11 11:55:35',1235,0,1800,6,0,0,0,0,1235,3035,300,'evyatar','Fsharon MARCUS'),(60,47,23,'\0','2017-10-05 15:13:00','2017-10-11 11:58:07',610,0,1800,6,0,0,0,0,610,2410,300,'evyatar','Fsandra LUBARSKI'),(61,67,267,'','2017-10-06 16:25:00','2017-10-13 08:09:05',3210,0,0,7,0,0,0,0,3210,3210,0,'evyatar','jp fd'),(62,88,163,'\0','2017-10-11 11:58:00','2017-10-13 10:50:54',575,0,600,2,0,0,0,0,575,1175,300,'evyatar','OFIR AZANKOT'),(63,89,164,'','2017-10-11 11:59:00','2017-10-13 10:51:52',720,0,600,2,0,0,0,0,720,1320,300,'evyatar','ROTEM YOHANANUF'),(65,98,16,'','2017-10-12 18:32:00','2017-10-13 11:45:53',0,0,300,1,0,0,0,0,0,300,300,'evyatar','DALE TSAGA'),(66,99,17,'','2017-10-12 18:33:00','2017-10-13 11:46:07',30,0,300,1,0,0,0,0,30,330,300,'evyatar','NADAV BINYAMIN'),(67,56,65,'','2017-10-08 10:40:00','2017-10-13 16:36:45',3340,0,2200,6,370,0,1075,0,3340,4465,300,'buba','stav karo'),(68,100,167,'\0','2017-10-12 20:29:00','2017-10-14 02:27:31',450,0,800,2,0,0,0,0,450,1250,400,'buba','dorin hazak'),(69,101,169,'\0','2017-10-12 20:32:00','2017-10-14 02:28:12',0,0,800,2,0,0,0,0,0,800,400,'buba','michal choen'),(70,94,11,'','2017-10-12 12:00:00','2017-10-14 02:34:18',3538,0,600,2,0,0,1700,0,3538,2438,300,'buba','omer nidam'),(71,102,21,'\0','2017-10-12 21:31:00','2017-10-15 00:06:52',0,0,900,3,0,0,0,0,0,900,300,'marco','inbar edri'),(72,103,22,'\0','2017-10-12 21:34:00','2017-10-15 00:07:04',0,0,900,3,0,0,0,0,0,900,300,'marco','efrat netanel'),(73,64,129,'','2017-10-07 16:16:00','2017-10-15 09:16:58',2780,0,3200,8,0,0,0,0,2780,5980,400,'evyatar','israel biro'),(74,65,130,'','2017-10-07 16:18:00','2017-10-15 09:17:07',2183,0,3200,8,0,0,0,0,2183,5383,400,'evyatar','salomon gabiahu'),(75,105,73,'\0','2017-10-12 22:29:00','2017-10-15 11:37:47',785,0,1200,3,0,0,0,0,785,1985,400,'evyatar','SHANI SUDRI'),(76,104,70,'\0','2017-10-12 22:28:00','2017-10-15 11:39:00',950,0,1200,3,0,0,0,0,950,2150,400,'evyatar','SHIRAN MASICH'),(77,110,13,'','2017-10-14 21:26:00','2017-10-15 12:00:43',510,0,300,1,0,0,0,0,510,810,300,'evyatar','NADAV BINYAMIN'),(78,111,14,'','2017-10-14 21:27:00','2017-10-15 12:00:54',0,0,300,1,0,0,0,0,0,300,300,'evyatar','DALE TSAGA'),(79,77,253,'','2017-10-09 14:17:00','2017-10-15 13:29:32',1950,0,600,6,0,0,0,0,1950,2550,300,'evyatar','amitay rahum'),(80,112,267,'','2017-10-15 00:10:00','2017-10-15 14:59:44',1190,0,0,2,0,0,0,0,1190,1190,0,'evyatar','g bee'),(81,78,254,'','2017-10-09 14:19:00','2017-10-16 07:20:43',2250,0,900,7,0,0,0,0,2250,3150,300,'evyatar','yakir dabas'),(82,109,45,'','2017-10-14 10:40:00','2017-10-16 08:59:07',1610,0,800,2,0,0,0,0,1610,2410,400,'evyatar','KIMHI GAL'),(83,113,21,'','2017-10-15 13:04:00','2017-10-16 12:06:04',185,0,300,1,0,0,0,0,185,485,300,'ruhama','OREN HAREL'),(84,114,22,'','2017-10-15 13:05:00','2017-10-16 12:06:17',0,0,300,1,0,0,0,0,0,300,300,'ruhama','HOVAV KAROANI'),(85,115,23,'','2017-10-15 13:13:00','2017-10-16 12:06:55',0,0,300,1,0,0,0,0,0,300,300,'ruhama','ELDAR EFRAT'),(86,120,167,'','2017-10-15 17:11:00','2017-10-16 12:12:06',420,0,400,1,0,0,0,0,420,820,400,'ruhama','ELAD MAZOR'),(87,121,168,'\0','2017-10-15 17:12:00','2017-10-16 12:12:29',0,0,400,1,0,0,0,0,0,400,400,'ruhama','HANNA PINCHASI'),(88,96,6,'\0','2017-10-12 18:09:00','2017-10-16 13:25:19',1898,0,1600,4,0,0,0,0,1898,3498,400,'ruhama','odaya kobous'),(89,97,7,'\0','2017-10-12 18:10:00','2017-10-16 13:25:34',1158,0,1600,4,0,0,0,150,1158,2758,400,'ruhama','linoy damti'),(90,95,12,'','2017-10-12 14:19:00','2017-10-17 12:03:42',1320,0,1500,5,0,2635,185,0,1320,2635,300,'evyatar','ido donky'),(91,26,127,'\0','2017-10-03 14:23:00','2017-10-17 12:04:32',3460,1300,6800,14,10360,0,1200,100,4760,10360,400,'evyatar','noa hofman'),(92,116,26,'\0','2017-10-15 15:00:00','2017-10-17 13:48:50',0,0,600,2,630,0,0,200,0,600,300,'ruhama','yael katz'),(93,124,267,'','2017-10-16 18:38:00','2017-10-17 13:56:54',280,0,800,1,1080,0,0,0,280,1080,800,'evyatar','TAL ASSARAF '),(94,125,268,'\0','2017-10-16 18:39:00','2017-10-17 13:57:19',0,0,800,1,800,0,0,0,0,800,800,'evyatar','ADVA BEN ISHAY'),(95,107,17,'\0','2017-10-13 20:26:00','2017-10-18 11:57:08',1915,0,1500,5,3415,0,0,0,1915,3415,300,'evyatar','SHIR ELIYAHU'),(96,122,19,'\0','2017-10-15 21:10:00','2017-10-18 11:58:50',0,0,900,3,900,0,0,0,0,900,300,'evyatar','lior damari'),(97,137,47,'','2017-10-17 20:36:00','2017-10-18 12:18:21',0,0,300,1,300,0,0,0,0,300,300,'ruhama','BARANES MOSHE'),(98,136,46,'','2017-10-17 20:35:00','2017-10-18 12:18:53',30,0,300,1,330,0,0,0,30,330,300,'ruhama','KASH AMOS'),(99,135,45,'','2017-10-17 20:33:00','2017-10-18 12:19:28',0,0,300,1,300,0,0,0,0,300,300,'ruhama','HEN ROEI'),(100,106,16,'','2017-10-13 20:24:00','2017-10-18 13:13:09',40,0,1500,5,1540,0,0,0,40,1540,300,'ruhama','YAN FRIDAN'),(101,108,18,'','2017-10-13 20:27:00','2017-10-18 13:13:34',1065,0,1500,5,2565,0,0,0,1065,2565,300,'ruhama','SHAHAR LEVI'),(102,60,125,'','2017-10-08 15:59:00','2017-10-18 15:21:54',2910,0,8800,11,0,8510,3200,0,2910,8510,800,'evyatar','gnesin alexsander'),(103,52,67,'','2017-10-05 15:34:00','2017-10-18 15:23:26',8043,0,5600,14,13643,0,0,0,8043,13643,400,'evyatar','udi lotem'),(104,54,68,'','2017-10-07 15:39:00','2017-10-18 15:23:51',7148,0,4600,12,11748,0,0,0,7148,11748,400,'evyatar','billi yegudayev'),(105,53,69,'','2017-10-07 15:38:00','2017-10-18 15:24:08',5368,0,3600,12,8968,0,0,0,5368,8968,300,'evyatar','avi reuven'),(106,132,23,'\0','2017-10-17 19:10:00','2017-10-19 07:01:00',220,0,600,2,820,0,0,0,220,820,300,'kobi','GAL UZAN'),(107,134,168,'','2017-10-17 19:12:00','2017-10-19 12:24:12',0,0,800,2,800,0,0,0,0,800,400,'evyatar','GUY FISHMAN'),(108,133,167,'','2017-10-17 19:11:00','2017-10-19 12:24:26',40,0,800,2,840,0,0,0,40,840,400,'evyatar','TOMER BEN ALTAVA'),(109,117,27,'\0','2017-10-15 15:01:00','2017-10-19 12:36:15',755,0,1200,4,0,0,100,0,755,1855,300,'evyatar','noa elbaz'),(110,139,76,'\0','2017-10-18 10:21:00','2017-10-20 10:15:56',0,0,800,2,800,0,0,0,0,800,400,'evyatar','leoniris moya'),(111,138,75,'','2017-10-18 10:20:00','2017-10-20 10:16:15',990,0,800,2,1790,0,0,0,990,1790,400,'evyatar','haim aharon'),(112,127,127,'\0','2017-10-17 13:36:00','2017-10-20 10:47:45',340,0,1200,3,1540,0,0,0,340,1540,400,'evyatar','noa hofman'),(113,154,213,'\0','2017-10-19 16:55:00','2017-10-20 11:45:46',200,0,360,1,560,0,0,0,200,560,360,'evyatar','LEA ITHAK'),(114,155,214,'\0','2017-10-19 16:57:00','2017-10-20 11:46:01',0,0,360,1,360,0,0,0,0,360,360,'evyatar','MAY DEMRI'),(115,150,121,'','2017-10-18 22:37:00','2017-10-20 12:31:38',820,0,1600,2,2020,0,400,0,820,2020,800,'evyatar','ron shahin'),(116,146,119,'\0','2017-10-18 19:52:00','2017-10-20 12:45:57',235,0,1000,2,735,0,500,0,235,735,500,'evyatar','sara juliana perez diaz'),(117,90,31,'','2017-10-11 14:03:00','2017-10-20 13:27:21',10030,0,2700,9,0,12730,0,120,10030,12730,300,'evyatar','moshe shimon'),(118,92,32,'','2017-10-11 14:05:00','2017-10-20 13:28:00',4185,0,2700,9,0,6885,0,0,4185,6885,300,'evyatar','ram moshe'),(119,91,33,'','2017-10-11 14:04:00','2017-10-20 13:28:14',3245,0,2700,9,0,5945,0,0,3245,5945,300,'evyatar','itamar gabay'),(120,93,34,'','2017-10-11 14:06:00','2017-10-20 13:28:26',2260,0,2700,9,0,4960,0,0,2260,4960,300,'evyatar','shmuel moshe'),(121,162,60,'\0','2017-10-20 11:41:00','2017-10-21 09:09:16',200,0,300,1,0,0,0,0,200,500,300,'marco','daniel cohen'),(122,163,61,'\0','2017-10-20 11:42:00','2017-10-21 09:09:52',200,0,300,1,0,0,0,0,200,500,300,'marco','mor dahry '),(123,166,8,'','2017-10-18 17:49:00','2017-10-21 11:46:16',370,0,1500,3,0,0,0,0,370,1870,500,'marco','franggely '),(124,144,6,'\0','2017-10-18 17:49:00','2017-10-21 11:56:46',1500,0,1200,3,2560,0,140,0,1500,2560,400,'evyatar','odaya kobous'),(125,145,7,'\0','2017-10-18 17:50:00','2017-10-21 11:57:00',1620,0,1200,3,2820,0,0,270,1620,2820,400,'evyatar','linoy damti'),(126,128,129,'','2017-10-17 18:33:00','2017-10-21 12:03:18',350,0,1600,4,1950,0,0,0,350,1950,400,'evyatar','MOR ALMAGOR'),(127,129,130,'','2017-10-17 18:34:00','2017-10-21 12:03:27',1050,0,1600,4,2650,0,0,0,1050,2650,400,'evyatar','IDAN ALMAGOR'),(128,123,11,'','2017-10-16 13:32:00','2017-10-21 14:16:28',2275,0,1800,6,4075,0,0,0,2275,4075,300,'evyatar','atias yarden'),(129,126,30,'\0','2017-10-17 12:05:00','2017-10-21 14:29:28',1195,0,1500,5,2395,0,300,0,1195,2395,300,'evyatar','sapir horesh'),(130,25,123,'','2017-09-21 14:16:00','2017-10-21 16:04:06',1920,0,15500,31,16920,0,0,0,1920,17420,500,'buba','daniel manobela'),(131,153,27,'\0','2017-10-19 16:38:00','2017-10-21 20:02:18',0,0,1080,3,0,0,360,0,0,720,360,'CAMI','ROTEM ASHURY'),(132,152,26,'\0','2017-10-19 16:34:00','2017-10-21 20:21:55',0,0,810,3,0,0,360,0,0,450,270,'CAMI','BAR ELMALKAYS'),(133,159,167,'','2017-10-20 00:38:00','2017-10-22 12:18:05',1320,0,1200,3,2520,0,0,0,1320,2520,400,'evyatar','DOR AHARON'),(134,160,168,'\0','2017-10-20 00:40:00','2017-10-22 12:18:14',30,0,1200,3,1230,0,0,0,30,1230,400,'evyatar','EMUNA AHARON'),(135,119,164,'\0','2017-10-15 15:28:00','2017-10-22 13:02:19',1675,0,2100,7,3775,0,0,0,1675,3775,300,'evyatar','hila meir'),(136,118,163,'\0','2017-10-15 15:27:00','2017-10-22 14:25:15',1415,0,2400,8,3515,0,300,0,1415,3515,300,'evyatar','amit hagai'),(137,170,11,'','2017-10-22 10:35:00','2017-10-23 09:49:00',650,0,300,1,950,0,0,0,650,950,300,'evyatar','ben sahar'),(138,156,70,'\0','2017-10-19 17:41:00','2017-10-23 09:53:03',1745,0,1600,4,3345,0,0,0,1745,3345,400,'evyatar','SHANI'),(139,157,71,'\0','2017-10-19 17:42:00','2017-10-23 09:53:15',600,0,1600,4,2200,0,0,0,600,2200,400,'evyatar','SHIRAN MASICH'),(140,147,26,'','2017-10-18 21:51:00','2017-10-23 10:03:40',3300,0,1500,5,4800,0,0,0,3300,4800,300,'evyatar','tal yehoshua'),(141,149,28,'','2017-10-18 21:53:00','2017-10-23 10:03:55',2390,0,1500,5,3890,0,0,0,2390,3890,300,'evyatar','ezra yeoshua'),(142,164,75,'\0','2017-10-20 14:04:00','2017-10-23 10:18:24',560,0,1200,3,1760,0,0,0,560,1760,400,'evyatar','michal choen'),(143,165,76,'\0','2017-10-20 14:05:00','2017-10-23 10:18:35',200,0,1200,3,1400,0,0,0,200,1400,400,'evyatar','dorin hazak'),(144,167,265,'','2017-10-20 19:05:00','2017-10-23 10:27:33',800,0,2250,3,3050,0,0,0,800,3050,750,'evyatar','TAL ASSARAF '),(145,168,266,'\0','2017-10-20 19:07:00','2017-10-23 10:27:49',170,0,2250,3,2420,0,0,0,170,2420,750,'evyatar','ADVA BEN ISHAY'),(146,140,257,'','2017-10-18 10:39:00','2017-10-23 11:15:47',1085,0,2000,5,0,3085,0,0,1085,3085,400,'evyatar','ROTEM YOHANANUF'),(147,141,258,'\0','2017-10-18 10:40:00','2017-10-23 11:15:58',500,0,2000,5,0,2300,200,0,500,2300,400,'evyatar','OFIR AZANKOT'),(148,176,130,'','2017-10-22 14:57:00','2017-10-23 11:31:16',50,0,400,1,450,0,0,0,50,450,400,'evyatar','OMRI LUGASI'),(149,175,129,'\0','2017-10-22 14:55:00','2017-10-23 11:31:29',0,0,400,1,400,0,0,0,0,400,400,'evyatar','LISA LUGASI'),(150,148,27,'','2017-10-18 21:52:00','2017-10-23 11:35:43',2450,0,1500,5,3950,0,0,230,2450,3950,300,'evyatar','tomer skliar'),(151,142,12,'','2017-10-18 12:41:00','2017-10-23 11:41:12',2000,0,1500,5,3500,0,0,0,2000,3500,300,'evyatar','KIMHI GAL'),(152,143,125,'','2017-10-18 16:35:00','2017-10-24 16:08:58',3355,0,5600,7,2000,6155,800,0,3355,8155,800,'evyatar','refael saban'),(153,183,23,'\0','2017-10-24 23:38:00','2017-10-25 11:05:40',0,0,300,1,300,0,0,0,0,300,300,'ruhama','yael katz'),(154,130,21,'\0','2017-10-17 19:07:00','2017-10-26 10:51:45',1010,0,2700,9,3710,0,0,0,1010,3710,300,'evyatar','Fsandra LUBARSKI'),(155,131,22,'\0','2017-10-17 19:08:00','2017-10-26 10:55:58',2025,0,2700,9,0,4725,0,0,2025,4725,300,'evyatar','Fsharon MARCUS'),(156,186,4,'','2017-10-26 00:09:00','2017-10-26 18:00:47',0,0,600,2,0,600,0,0,0,600,300,'evyatar','dj 2'),(157,185,1,'','2017-10-26 00:07:00','2017-10-26 18:01:06',0,0,1196,2,0,1196,0,0,0,1196,598,'evyatar','dj'),(158,184,6,'','2017-10-26 00:00:00','2017-10-26 18:01:35',2865,0,1200,2,0,4065,0,0,2865,4065,600,'evyatar','jb'),(159,187,167,'','2017-10-26 00:11:00','2017-10-26 18:01:52',120,0,1200,2,0,1320,0,0,120,1320,600,'evyatar','amigo jp'),(160,195,1,'','2017-10-26 23:45:00','2017-10-27 00:14:50',440,0,0,0,440,0,0,0,440,440,0,'buba','jp'),(161,188,52,'\0','2017-10-26 16:53:00','2017-10-28 11:55:01',1060,0,600,2,1660,0,0,0,1060,1660,300,'buba','shir nagar '),(162,189,53,'\0','2017-10-26 16:58:00','2017-10-28 11:55:24',775,0,600,2,1375,0,0,0,775,1375,300,'buba','amit amar'),(163,180,13,'','2017-10-24 19:44:00','2017-10-28 13:21:47',2165,0,1200,4,3365,0,0,0,2165,3365,300,'buba','ben sahar'),(164,190,54,'\0','2017-10-26 17:00:00','2017-10-28 14:02:41',895,0,900,3,1495,0,0,0,895,1795,300,'marco','orel ben muyal'),(165,196,241,'\0','2017-10-27 16:00:00','2017-10-29 12:29:07',1070,0,800,2,1870,0,0,0,1070,1870,400,'evyatar','EMUNA AHARON'),(166,197,242,'','2017-10-27 16:01:00','2017-10-29 12:29:23',950,0,800,2,1750,0,0,0,950,1750,400,'evyatar','DOR AHARON'),(167,177,11,'','2017-10-24 14:20:00','2017-10-29 14:20:51',1310,0,2340,6,3650,0,0,0,1310,3650,390,'evyatar','sharon yardeni'),(168,171,31,'','2017-10-22 13:24:00','2017-10-29 22:39:21',6855,0,2400,8,2000,7255,0,200,6855,9255,300,'buba','MOSHE RAM'),(169,172,32,'','2017-10-22 13:25:00','2017-10-29 22:40:26',2990,0,2400,8,0,5390,0,350,2990,5390,300,'buba','moshe shimon'),(170,173,33,'','2017-10-22 13:25:00','2017-10-29 22:40:56',1925,0,2400,8,0,4325,0,200,1925,4325,300,'buba','shmuel moshe'),(171,174,34,'','2017-10-22 13:26:00','2017-10-29 22:41:54',2860,0,2400,8,0,5260,0,200,2860,5260,300,'buba','itamar gabay'),(172,201,22,'','2017-10-29 18:28:00','2017-10-30 06:27:39',90,0,300,1,0,390,0,0,90,390,300,'evyatar','RAUL MAYOLO RAMIREZ'),(173,193,129,'','2017-10-26 18:59:00','2017-10-30 09:46:57',1105,0,1600,4,2705,0,0,0,1105,2705,400,'evyatar','BEN BEN YAIR'),(174,194,130,'','2017-10-26 19:00:00','2017-10-30 09:47:09',755,0,1600,4,2355,0,0,0,755,2355,400,'evyatar','NIR SAMUELS ');
/*!40000 ALTER TABLE `check_outs` ENABLE KEYS */;
UNLOCK TABLES;

--
-- Table structure for table `event_type`
--

DROP TABLE IF EXISTS `event_type`;
/*!40101 SET @saved_cs_client     = @@character_set_client */;
/*!40101 SET character_set_client = utf8 */;
CREATE TABLE `event_type` (
  `id` int(11) NOT NULL,
  `type` varchar(45) COLLATE utf8_unicode_ci DEFAULT NULL,
  PRIMARY KEY (`id`)
) ENGINE=InnoDB DEFAULT CHARSET=utf8 COLLATE=utf8_unicode_ci;
/*!40101 SET character_set_client = @saved_cs_client */;

--
-- Dumping data for table `event_type`
--

LOCK TABLES `event_type` WRITE;
/*!40000 ALTER TABLE `event_type` DISABLE KEYS */;
INSERT INTO `event_type` VALUES (1,'Moved Bed'),(2,'Canceled Order'),(3,'Canceled Order Item');
/*!40000 ALTER TABLE `event_type` ENABLE KEYS */;
UNLOCK TABLES;

--
-- Table structure for table `expense`
--

DROP TABLE IF EXISTS `expense`;
/*!40101 SET @saved_cs_client     = @@character_set_client */;
/*!40101 SET character_set_client = utf8 */;
CREATE TABLE `expense` (
  `id` int(11) NOT NULL AUTO_INCREMENT,
  `expense_date` date DEFAULT NULL,
  `expense_val` decimal(10,0) DEFAULT NULL,
  `expense_category_id` int(11) DEFAULT NULL,
  PRIMARY KEY (`id`),
  KEY `exp_date` (`expense_date`),
  KEY `expense_cid_idx` (`expense_category_id`),
  CONSTRAINT `expense_cid` FOREIGN KEY (`expense_category_id`) REFERENCES `expense_category` (`id`) ON DELETE NO ACTION ON UPDATE NO ACTION
) ENGINE=InnoDB AUTO_INCREMENT=35 DEFAULT CHARSET=utf8 COLLATE=utf8_unicode_ci;
/*!40101 SET character_set_client = @saved_cs_client */;

--
-- Dumping data for table `expense`
--

LOCK TABLES `expense` WRITE;
/*!40000 ALTER TABLE `expense` DISABLE KEYS */;
INSERT INTO `expense` VALUES (1,'2017-10-01',10000,1),(2,'2017-10-01',6660,2),(3,'2017-10-01',2550,3),(4,'2017-10-01',3800,4),(5,'2017-10-01',2550,5),(6,'2017-10-01',26950,6),(8,'2017-10-01',6600,7),(9,'2017-10-01',7500,8),(10,'2017-10-01',500,9),(11,'2017-10-01',750,10),(12,'2017-10-01',500,11),(13,'2017-10-01',250,12),(14,'2017-10-01',7200,16),(15,'2017-10-01',12950,6),(16,'2017-10-01',2220,23),(17,'2017-10-01',5175,25),(18,'2017-10-01',18715,24),(19,'2017-10-01',9125,19),(20,'2017-10-01',57090,17),(21,'2017-10-01',6180,20),(22,'2017-10-01',22340,18),(23,'2017-10-01',2515,26),(24,'2017-10-01',765,11),(25,'2017-10-01',2840,15),(27,'2017-10-01',540,29),(28,'2017-10-01',8690,30),(31,'2017-10-01',4990,28),(32,'2017-10-01',1500,35),(33,'2017-10-01',23860,36),(34,'2017-10-01',24925,37);
/*!40000 ALTER TABLE `expense` ENABLE KEYS */;
UNLOCK TABLES;

--
-- Table structure for table `expense_category`
--

DROP TABLE IF EXISTS `expense_category`;
/*!40101 SET @saved_cs_client     = @@character_set_client */;
/*!40101 SET character_set_client = utf8 */;
CREATE TABLE `expense_category` (
  `id` int(11) NOT NULL AUTO_INCREMENT,
  `name` varchar(145) COLLATE utf8_unicode_ci DEFAULT NULL,
  PRIMARY KEY (`id`)
) ENGINE=InnoDB AUTO_INCREMENT=38 DEFAULT CHARSET=utf8 COLLATE=utf8_unicode_ci;
/*!40101 SET character_set_client = @saved_cs_client */;

--
-- Dumping data for table `expense_category`
--

LOCK TABLES `expense_category` WRITE;
/*!40000 ALTER TABLE `expense_category` DISABLE KEYS */;
INSERT INTO `expense_category` VALUES (1,'Electricidad hotel'),(2,'Electricidad cocina'),(3,'Electricidad tienda'),(4,'Electricidad lavadora'),(5,'Electricidad apartamento'),(6,'agua hotel'),(7,'gaz hotel'),(8,'internet hotel'),(9,'internet oficina'),(10,'internet   -  izzi apartemento'),(11,'internet apartamento 2'),(12,'izzi lubi'),(13,'Seguro'),(14,'Materiales de la piscina'),(15,'materiales omasia (filtoros nuevos)'),(16,'limpiar picina   -  fumigacion'),(17,'city club'),(18,'sams'),(19,'coca cola'),(20,'deli playa'),(21,'plastick'),(22,'helados'),(23,'hielo'),(24,'verdoras'),(25,'pan pita'),(26,'pan bagget    -  masa'),(27,'pan bimbo'),(28,'gasolina'),(29,'garafones agua'),(30,'carne ariel'),(31,'carne shoki'),(32,'tahini'),(33,'haimi bamba- bisli'),(34,'salario company'),(35,'salario efectivo'),(36,'TOTAL \"K\"'),(37,'TOTAL \"B\"');
/*!40000 ALTER TABLE `expense_category` ENABLE KEYS */;
UNLOCK TABLES;

--
-- Table structure for table `guest_count`
--

DROP TABLE IF EXISTS `guest_count`;
/*!40101 SET @saved_cs_client     = @@character_set_client */;
/*!40101 SET character_set_client = utf8 */;
CREATE TABLE `guest_count` (
  `id` int(11) NOT NULL AUTO_INCREMENT,
  `guestcount_date` date DEFAULT NULL,
  `count` int(11) DEFAULT NULL,
  PRIMARY KEY (`id`),
  UNIQUE KEY `guestcount_date_UNIQUE` (`guestcount_date`)
) ENGINE=InnoDB AUTO_INCREMENT=138 DEFAULT CHARSET=utf8 COLLATE=utf8_unicode_ci;
/*!40101 SET character_set_client = @saved_cs_client */;

--
-- Dumping data for table `guest_count`
--

LOCK TABLES `guest_count` WRITE;
/*!40000 ALTER TABLE `guest_count` DISABLE KEYS */;
INSERT INTO `guest_count` VALUES (80,'2017-09-22',9),(81,'2017-09-23',9),(82,'2017-09-24',9),(83,'2017-09-25',9),(84,'2017-09-26',9),(85,'2017-09-27',9),(86,'2017-09-28',9),(87,'2017-09-29',9),(88,'2017-09-30',9),(89,'2017-10-01',9),(90,'2017-10-02',10),(91,'2017-10-03',17),(92,'2017-10-04',24),(93,'2017-10-05',30),(94,'2017-10-06',40),(95,'2017-10-07',52),(96,'2017-10-08',53),(97,'2017-10-09',48),(98,'2017-10-10',40),(99,'2017-10-11',25),(100,'2017-10-12',37),(101,'2017-10-13',34),(102,'2017-10-14',34),(103,'2017-10-15',35),(104,'2017-10-16',29),(105,'2017-10-17',36),(106,'2017-10-18',39),(107,'2017-10-19',43),(108,'2017-10-20',41),(109,'2017-10-21',30),(110,'2017-10-22',33),(111,'2017-10-23',18),(112,'2017-10-24',24),(113,'2017-10-25',23),(114,'2017-10-26',29),(117,'2017-10-27',30),(122,'2017-10-28',26),(127,'2017-10-29',23),(132,'2017-10-30',25);
/*!40000 ALTER TABLE `guest_count` ENABLE KEYS */;
UNLOCK TABLES;

--
-- Table structure for table `ingredient`
--

DROP TABLE IF EXISTS `ingredient`;
/*!40101 SET @saved_cs_client     = @@character_set_client */;
/*!40101 SET character_set_client = utf8 */;
CREATE TABLE `ingredient` (
  `id` int(11) NOT NULL AUTO_INCREMENT,
  `name` varchar(145) COLLATE utf8_unicode_ci DEFAULT NULL,
  PRIMARY KEY (`id`)
) ENGINE=InnoDB AUTO_INCREMENT=167 DEFAULT CHARSET=utf8 COLLATE=utf8_unicode_ci;
/*!40101 SET character_set_client = @saved_cs_client */;

--
-- Dumping data for table `ingredient`
--

LOCK TABLES `ingredient` WRITE;
/*!40000 ALTER TABLE `ingredient` DISABLE KEYS */;
INSERT INTO `ingredient` VALUES (1,'chocolate'),(2,'zucaritas'),(3,'banana y miel'),(4,'banana'),(5,'sandia'),(6,'melon'),(7,'pine'),(8,'fresa'),(9,'dos huevos'),(10,'queso filli'),(11,'ensalada'),(12,'pan tostado '),(13,'pan pita'),(14,'hummos'),(15,'tajini'),(17,'pan bagget'),(18,' huevos con Especias'),(19,'pan frances'),(20,'miel'),(21,'yogurth'),(22,'granola'),(23,'nutella'),(24,'frutas'),(25,'tomate'),(26,'cebolla'),(27,'pepino'),(28,'Zanahoria'),(29,'pimenton rojo'),(30,'huevos homelet'),(31,'huevos revuelto'),(32,'huevos ojos'),(33,' pan bimbo'),(34,'picnte'),(35,'mayonesa'),(36,'catsop'),(37,'berenjena frita'),(38,'bulgara'),(39,'champinones'),(40,'maiz'),(41,'queso'),(42,'EN EL HOMELET'),(43,'ex cebolla'),(44,'ex tomate'),(45,'EN LA ENSALADA'),(46,'homelet'),(47,'EN EL HUEVO'),(49,'salsa pizza'),(50,'huevo doro'),(51,'cilantro'),(52,'atun'),(53,'limon'),(54,'lechoga'),(55,'aguacate'),(57,'queso feta'),(58,'aceitunas negras'),(59,'aceitunas verde'),(60,'aceite de oliva'),(61,'garbanzo caliente'),(62,'nachos'),(63,'pechuga de pollo '),(64,'salsa teriaki'),(65,'EN LA TOSTADA'),(66,'arroz'),(67,'papas a la francesa'),(68,'pure de papa'),(69,'KOSHER'),(70,'cebolla cocida'),(71,'EXTRA'),(72,'kabab'),(73,'falfel'),(74,'hummos chico'),(75,'salsa de tomate'),(76,'rull'),(77,'kinder bueno'),(78,'papa'),(79,'EXTRA EN LA BUREKAS'),(80,'pepenios'),(81,'extra queso'),(82,'pimento picnte'),(83,'pasta'),(84,'repollo'),(85,'extra pollo'),(86,'extra carne'),(87,'extra pasta'),(88,'extra verdoras'),(89,'extra arroz'),(90,'extra papas fritas'),(91,'carne'),(92,'carne de hamburgesa'),(93,'EN LA HAMBURGESA'),(94,'EXTRA EN LA HAMBURGESA'),(95,'tortilla de carne'),(96,'milanesa'),(97,'kabab'),(98,'shawarma'),(99,'pollo'),(100,'verduras'),(101,'EN LA VERDURAS'),(102,'pasta napolitana'),(103,'pasta rose'),(104,'pasta pesto'),(105,'pasta alfredo'),(106,'pasta bolonesa'),(107,'albahaca'),(108,'crema de leche'),(109,'pesto'),(110,'carne molida'),(111,'sin'),(112,'malteada de oreo'),(113,'malteada de kinder bueno'),(114,'ensalada de frutas'),(115,'tostada de nutella'),(116,'banana split'),(117,'pancake'),(118,'banana'),(119,'fresa'),(120,'melon'),(121,'sandilla'),(122,'pine'),(123,'mango'),(124,'banana frita'),(125,'helado'),(126,'nutella'),(127,'oreo'),(128,'agua'),(129,'agua'),(130,'gaseosa'),(131,'juegos en botella'),(132,'te helado'),(133,'jugo natural'),(134,'jugo natural en agua'),(135,'jugos en botalla'),(136,'jogo natural en leche'),(137,'te'),(138,'nescafe'),(139,'chocolate'),(140,'cafe frio'),(141,'cafe caliente'),(142,'chocolate frio'),(143,'chocolate caliente'),(144,'con'),(145,'CON'),(146,'redbull'),(147,'couscous'),(148,'golash '),(149,'Fish & Chips'),(150,' bulas de carne '),(151,'corona'),(152,'grey goose'),(153,'smirnoff'),(154,'Heineken '),(155,'sigaros'),(156,'bisli'),(157,'bamba chica'),(158,'bamba grnde'),(159,'kamagra'),(160,'redbull'),(161,'absolut'),(162,'black level'),(163,'mango'),(164,'pargit'),(165,'pechoga de pollo con verdoras'),(166,'soda');
/*!40000 ALTER TABLE `ingredient` ENABLE KEYS */;
UNLOCK TABLES;

--
-- Table structure for table `menu_category`
--

DROP TABLE IF EXISTS `menu_category`;
/*!40101 SET @saved_cs_client     = @@character_set_client */;
/*!40101 SET character_set_client = utf8 */;
CREATE TABLE `menu_category` (
  `id` int(11) NOT NULL AUTO_INCREMENT,
  `name` varchar(145) COLLATE utf8_unicode_ci DEFAULT NULL,
  `number` int(11) DEFAULT NULL,
  `parent_cat_id` int(11) DEFAULT NULL,
  `menu_category_type` int(11) NOT NULL DEFAULT '1',
  `is_active` bit(1) NOT NULL DEFAULT b'1',
  PRIMARY KEY (`id`),
  UNIQUE KEY `cat_unq` (`number`,`name`,`menu_category_type`),
  KEY `cattype_idx` (`menu_category_type`),
  CONSTRAINT `cmenutype` FOREIGN KEY (`menu_category_type`) REFERENCES `menu_category_type` (`id`) ON DELETE NO ACTION ON UPDATE NO ACTION
) ENGINE=InnoDB AUTO_INCREMENT=24 DEFAULT CHARSET=utf8 COLLATE=utf8_unicode_ci;
/*!40101 SET character_set_client = @saved_cs_client */;

--
-- Dumping data for table `menu_category`
--

LOCK TABLES `menu_category` WRITE;
/*!40000 ALTER TABLE `menu_category` DISABLE KEYS */;
INSERT INTO `menu_category` VALUES (1,'Desayunos',1,NULL,1,''),(3,'Sandwiches',2,NULL,1,''),(4,'Ensalada',4,NULL,1,''),(5,'Tostadas',5,NULL,1,''),(6,'Comidas',6,NULL,1,''),(7,'Especiales de la casa',7,NULL,1,''),(8,'pastas',8,NULL,1,''),(9,'Hummos',9,NULL,1,''),(10,'Postres',10,NULL,1,''),(11,'bebidas',11,NULL,1,''),(12,'Bebidas caliente',12,NULL,1,''),(13,'Cerveza',13,NULL,1,''),(14,'Vodkas',14,NULL,1,''),(15,'Extras',15,NULL,1,''),(16,'Vetrina',16,NULL,1,''),(17,'cena especial',17,NULL,1,''),(18,'viajes',18,NULL,1,'\0'),(19,'Sandwiches carnes',3,NULL,1,''),(20,'bakalar',200,NULL,2,'\0'),(21,'holbox',201,NULL,2,'\0'),(22,'viajes',205,NULL,2,''),(23,'Massage',300,NULL,2,'');
/*!40000 ALTER TABLE `menu_category` ENABLE KEYS */;
UNLOCK TABLES;

--
-- Table structure for table `menu_category_type`
--

DROP TABLE IF EXISTS `menu_category_type`;
/*!40101 SET @saved_cs_client     = @@character_set_client */;
/*!40101 SET character_set_client = utf8 */;
CREATE TABLE `menu_category_type` (
  `id` int(11) NOT NULL AUTO_INCREMENT,
  `name` varchar(45) COLLATE utf8_unicode_ci DEFAULT NULL,
  PRIMARY KEY (`id`)
) ENGINE=InnoDB AUTO_INCREMENT=3 DEFAULT CHARSET=utf8 COLLATE=utf8_unicode_ci;
/*!40101 SET character_set_client = @saved_cs_client */;

--
-- Dumping data for table `menu_category_type`
--

LOCK TABLES `menu_category_type` WRITE;
/*!40000 ALTER TABLE `menu_category_type` DISABLE KEYS */;
INSERT INTO `menu_category_type` VALUES (1,'Kitchen'),(2,'Services');
/*!40000 ALTER TABLE `menu_category_type` ENABLE KEYS */;
UNLOCK TABLES;

--
-- Table structure for table `menu_item`
--

DROP TABLE IF EXISTS `menu_item`;
/*!40101 SET @saved_cs_client     = @@character_set_client */;
/*!40101 SET character_set_client = utf8 */;
CREATE TABLE `menu_item` (
  `id` int(11) NOT NULL AUTO_INCREMENT,
  `name` varchar(145) COLLATE utf8_unicode_ci NOT NULL,
  `number` int(11) DEFAULT NULL,
  `cat_id` int(11) NOT NULL,
  `menu_category_type` int(11) NOT NULL DEFAULT '1',
  `price` decimal(10,0) NOT NULL,
  `is_active` bit(1) NOT NULL DEFAULT b'1',
  PRIMARY KEY (`id`),
  UNIQUE KEY `item_num_unq` (`name`,`cat_id`),
  UNIQUE KEY `item_cat_num_unq` (`cat_id`,`number`),
  KEY `menu_item_cat_id_idx` (`cat_id`),
  CONSTRAINT `menu_item_cat_id` FOREIGN KEY (`cat_id`) REFERENCES `menu_category` (`id`) ON DELETE NO ACTION ON UPDATE NO ACTION
) ENGINE=InnoDB AUTO_INCREMENT=190 DEFAULT CHARSET=utf8 COLLATE=utf8_unicode_ci;
/*!40101 SET character_set_client = @saved_cs_client */;

--
-- Dumping data for table `menu_item`
--

LOCK TABLES `menu_item` WRITE;
/*!40000 ALTER TABLE `menu_item` DISABLE KEYS */;
INSERT INTO `menu_item` VALUES (1,'cereales',1,1,1,60,''),(2,'musli',2,1,1,100,''),(3,'Desayuno de la casa',3,1,1,100,''),(4,'desayuno israeli',4,1,1,120,''),(5,'desayuno frances',5,1,1,120,''),(6,'shakshuka',6,1,1,120,''),(8,'sandwich omelet',7,3,1,100,''),(9,'sandwich mozarella',8,3,1,100,''),(10,'sandwich aguacate',9,3,1,120,''),(11,'sandwich sabih',10,3,1,120,''),(12,'sandwich tunisai',11,3,1,120,''),(13,'ensalada israeli',12,4,1,80,''),(14,'ensalada griega',13,4,1,100,''),(15,'ensalada de atun',14,4,1,100,''),(16,'ensalada jerusalem',15,4,1,100,''),(17,'ensalada guacamoli',16,4,1,100,''),(18,'ensalada de pollo',17,4,1,150,''),(19,'tostada de queso',18,5,1,100,''),(20,'tostada bulgara',19,5,1,120,''),(21,'tostada de atun',20,5,1,120,''),(22,'pechuga de pollo  asado',22,6,1,150,''),(23,'milanesa',23,6,1,150,''),(24,'parguit',24,6,1,150,''),(25,'kabab',25,6,1,150,''),(26,'shawarma',26,6,1,150,''),(27,'salmon a la plancha',27,6,1,200,''),(28,'atun rojo a la plancha',28,6,1,220,''),(29,'adamme',29,7,1,80,''),(30,'plato de papas fritas',30,7,1,80,''),(31,'falfel pita',31,7,1,100,''),(32,'Plato falfel',32,7,1,120,''),(33,'malawah',33,7,1,120,''),(34,'malawah pizza',34,7,1,120,''),(35,'ziva',35,7,1,150,''),(36,'burekas',36,7,1,140,''),(37,'pizza de la casa',37,7,1,180,''),(38,'salteado de verduras / mukpatz',38,7,1,150,''),(39,'salteado/ mukpatz - vegetariano',39,7,1,120,''),(40,'hamburgesa',40,7,1,150,''),(41,'tortilla de carne',41,7,1,150,''),(42,'pasta napolitana',42,8,1,120,''),(43,'pasta rose',43,8,1,140,''),(45,'pasta pesto',44,8,1,140,''),(46,'pasta alfredo',45,8,1,140,''),(47,'pasta bolonesa',46,8,1,150,''),(48,'hummos de la casa',47,9,1,120,''),(49,'hummos tahini',48,9,1,140,''),(50,'hummos champinones y cebolla',49,9,1,150,''),(51,'hummos falfel',50,9,1,150,''),(52,'hummos carne',51,9,1,180,''),(53,'malteada de oreo',52,10,1,80,''),(54,'malteada de kinder bueno',53,10,1,100,''),(55,'tostada de nutella',55,10,1,100,''),(56,'banana split',56,10,1,100,''),(57,'pancake',57,10,1,120,''),(58,'ensalada de frutas',54,10,1,100,''),(59,'agua',58,11,1,20,''),(62,'gaseosa',59,11,1,30,''),(63,'jugos en botalla',60,11,1,35,''),(64,'te helado',61,11,1,35,''),(65,'jugo natural en agua',62,11,1,50,''),(66,'jogo natural en leche',63,11,1,60,''),(67,'te',64,12,1,20,''),(68,'nescafe',65,12,1,30,''),(69,'cafe ',66,12,1,30,''),(70,'chocolate',67,12,1,25,''),(71,'corona',68,13,1,40,''),(72,'Heineken ',69,13,1,50,''),(73,'dos xx',70,13,1,35,''),(74,'vaso de smirnoff con redbull',71,14,1,120,''),(75,'vaso de smirnoff con jugo',72,14,1,100,''),(76,'vaso de vodka grey goose con redbull',73,14,1,150,''),(77,'vaso de vodka grey goose con jogo',74,14,1,130,''),(78,'shot vodka',75,14,1,80,''),(79,'shot whisky',76,14,1,120,''),(80,'shot taquilla',77,14,1,80,''),(81,'botella de smirnoff',78,14,1,600,''),(82,'botella de absolut',79,14,1,600,''),(83,'botella de grey goose',80,14,1,1000,''),(84,'botella de black label',81,14,1,1200,''),(85,'redbull',82,14,1,50,''),(86,'gaseosa',83,14,1,30,''),(87,'jugo',84,14,1,30,''),(88,'EXTRA',85,15,1,0,''),(89,'aceitunas negras',86,15,1,10,''),(90,'aceitunas verde',87,15,1,10,''),(91,'cebolla',88,15,1,10,''),(92,'maiz',89,15,1,10,''),(93,'champinunes',90,15,1,10,''),(94,'tomate',91,15,1,15,''),(95,'pimenton rojo',92,15,1,15,''),(96,'atun',93,15,1,15,''),(97,'huevo doro',94,15,1,15,''),(98,'queso feta',95,15,1,20,''),(101,'queso',96,15,1,15,''),(102,'queso filli',97,15,1,20,''),(103,'quso bulgara',98,15,1,20,''),(104,'Hummos',99,15,1,30,''),(105,'pan bagget',100,15,1,10,''),(106,'pan pita',101,15,1,10,''),(107,'pan bimbo',102,15,1,10,''),(108,'pan tostado',103,15,1,10,''),(109,'yogort',104,15,1,20,''),(110,'granola',105,15,1,20,''),(111,'nutella',106,15,1,15,''),(113,'miel',107,15,1,15,''),(114,'melon',108,15,1,10,''),(115,'sandilla',109,15,1,10,''),(116,'fresa',110,15,1,10,''),(117,'pine',111,15,1,10,''),(118,'banana',112,15,1,10,''),(119,'garbanzo',113,15,1,20,''),(120,'verdoras para mukpatz',114,15,1,40,''),(121,'pollo ',115,15,1,80,''),(122,'pasta',116,15,1,40,''),(123,'arroz para mokpatz',117,15,1,40,''),(124,'huevo en el homelet',118,15,1,40,''),(125,'huevo en el revuelto',119,15,1,40,''),(126,'huevo en el ojos',120,15,1,40,''),(127,'huevo en el especias',121,15,1,40,''),(128,'ensalada',122,15,1,30,''),(129,'tajini',123,15,1,30,''),(130,'aguacate',124,15,1,20,''),(131,' salsa de tomate',125,15,1,15,''),(132,'papas fritas',126,15,1,30,''),(133,'pure de papa',127,15,1,30,''),(134,'KOSHER',128,15,1,50,''),(135,'cigarros',129,16,1,65,''),(136,'filter ',130,16,1,20,''),(137,'rizla',131,16,1,70,''),(138,'filter conos',132,16,1,70,''),(139,'filter + rizla',133,16,1,90,''),(140,'grinder',134,16,1,100,''),(141,'condom',135,16,1,40,''),(142,'pipa',136,16,1,80,''),(143,'fuego',137,16,1,20,''),(144,'kamagra',138,16,1,150,''),(145,'cochara',139,16,1,50,''),(146,'bisli',140,16,1,35,''),(147,'bamba chica',141,16,1,30,''),(148,'bamba grnde',142,16,1,100,''),(149,'doritos',143,16,1,20,''),(151,'pringels',144,16,1,35,''),(152,'artik',145,16,1,30,''),(153,'helado',146,16,1,40,''),(154,'helado grande',147,16,1,100,''),(155,'kinder bueno',148,16,1,35,''),(156,'kitkat',149,16,1,35,''),(157,'m&m',150,16,1,35,''),(158,'oreo',151,16,1,35,''),(159,'snikers',152,16,1,35,''),(160,'bonbon',153,16,1,15,''),(161,'toalla',154,16,1,200,''),(162,'cepillo de dientes',155,16,1,40,''),(163,'pasta de dientes',156,16,1,50,''),(164,'corta barba hombre',157,16,1,50,''),(165,'corta barba mujer',158,16,1,60,''),(166,'shampo',159,16,1,80,''),(167,'papel de bebe chico',160,16,1,50,''),(168,'papel de bebe grande',161,16,1,60,''),(169,'axe hombre',162,16,1,80,''),(170,'dordornte de mujer',163,16,1,70,''),(171,'speedstick de mujer',164,16,1,50,''),(172,'spray mosquitos',165,16,1,100,''),(173,'kotexs pad',166,16,1,80,''),(174,'kotexs tampon',167,16,1,80,''),(175,'crema de sul',168,16,1,200,''),(176,'kidosh',169,17,1,200,''),(177,'jahnon',170,17,1,140,''),(178,'orden dia especial ',171,17,1,0,''),(179,'bakalar',172,18,1,1300,'\0'),(180,'holbox',173,18,1,1500,'\0'),(181,'sandwich carne',174,19,1,150,''),(182,'bakalar',201,22,2,1300,''),(183,'holbox',202,22,2,1500,''),(184,'holiday',172,17,1,200,''),(185,'soda',206,11,1,20,''),(186,'Swedish Massage - 40',1,23,2,800,''),(187,'Swedish Massage - 60',2,23,2,1100,''),(188,'Deep tissue  40',3,23,2,1000,''),(189,'Deep tissue  60',4,23,2,1300,'');
/*!40000 ALTER TABLE `menu_item` ENABLE KEYS */;
UNLOCK TABLES;

--
-- Table structure for table `menu_item_ingredient`
--

DROP TABLE IF EXISTS `menu_item_ingredient`;
/*!40101 SET @saved_cs_client     = @@character_set_client */;
/*!40101 SET character_set_client = utf8 */;
CREATE TABLE `menu_item_ingredient` (
  `id` int(11) NOT NULL AUTO_INCREMENT,
  `menu_item_id` int(11) NOT NULL,
  `ingredient_id` int(11) NOT NULL,
  `ingredient_price` decimal(10,0) DEFAULT NULL,
  `ingredients_group` varchar(45) COLLATE utf8_unicode_ci NOT NULL,
  `ingredients_group_number` int(11) NOT NULL,
  `ingredients_group_single_select` bit(1) NOT NULL DEFAULT b'0',
  PRIMARY KEY (`id`),
  UNIQUE KEY `ing_uniq` (`menu_item_id`,`ingredient_id`,`ingredients_group`),
  KEY `menu_item_id_idx` (`menu_item_id`),
  KEY `ingredient_id_idx` (`ingredient_id`),
  CONSTRAINT `ingredient_id` FOREIGN KEY (`ingredient_id`) REFERENCES `ingredient` (`id`) ON DELETE NO ACTION ON UPDATE NO ACTION,
  CONSTRAINT `menu_item_id` FOREIGN KEY (`menu_item_id`) REFERENCES `menu_item` (`id`) ON DELETE NO ACTION ON UPDATE NO ACTION
) ENGINE=InnoDB AUTO_INCREMENT=987 DEFAULT CHARSET=utf8 COLLATE=utf8_unicode_ci;
/*!40101 SET character_set_client = @saved_cs_client */;

--
-- Dumping data for table `menu_item_ingredient`
--

LOCK TABLES `menu_item_ingredient` WRITE;
/*!40000 ALTER TABLE `menu_item_ingredient` DISABLE KEYS */;
INSERT INTO `menu_item_ingredient` VALUES (1,1,1,0,'choose 1',1,''),(2,1,2,0,'choose 1',1,''),(3,1,3,10,'extra',2,'\0'),(4,2,4,0,'frutas',1,'\0'),(5,2,5,0,'frutas',1,'\0'),(6,2,6,0,'frutas',1,'\0'),(7,2,7,0,'frutas',1,'\0'),(8,2,8,0,'frutas',1,'\0'),(10,3,11,0,'en el plato',1,'\0'),(12,3,12,0,'pan',2,''),(13,3,13,0,'pan',2,''),(14,3,17,0,'pan',2,''),(15,3,14,0,'salsa',3,'\0'),(16,3,15,0,'salsa',3,'\0'),(17,3,10,0,'salsa',3,'\0'),(36,4,11,0,'en el plato ( choose 2 )',1,'\0'),(37,4,12,0,'pan',2,''),(38,4,17,0,'pan',2,''),(39,4,13,0,'pan',2,''),(40,4,14,0,'salsas',3,''),(41,4,15,0,'salsas',3,''),(42,4,10,0,'salsas',3,''),(43,2,21,0,'en el plato',2,'\0'),(44,2,22,0,'en el plato',2,'\0'),(45,2,23,10,'extra',3,'\0'),(46,2,20,10,'extra',3,'\0'),(47,5,19,0,'en el plato ( choose 3 )',1,'\0'),(48,5,20,0,'en el plato ( choose 3 )',1,'\0'),(49,5,22,0,'en el plato ( choose 3 )',1,'\0'),(50,5,21,0,'en el plato ( choose 3 )',1,'\0'),(51,5,5,0,'frutas ( choose 3 )',2,'\0'),(52,5,4,0,'frutas ( choose 3 )',2,'\0'),(53,5,6,0,'frutas ( choose 3 )',2,'\0'),(54,5,7,0,'frutas ( choose 3 )',2,'\0'),(55,5,8,0,'frutas ( choose 3 )',2,'\0'),(56,5,23,10,'extra',3,'\0'),(57,5,22,10,'extra',3,'\0'),(58,5,20,10,'extra',3,'\0'),(59,5,21,10,'extra',3,'\0'),(60,5,24,10,'extra',3,'\0'),(61,6,13,0,'pan ',1,''),(62,6,17,0,'pan ',1,''),(63,6,12,0,'pan ',1,''),(74,6,11,0,'ensalada',2,'\0'),(82,1,23,10,'extra',2,'\0'),(87,4,30,0,'en el plato ( choose 2 )',1,'\0'),(88,4,31,0,'en el plato ( choose 2 )',1,'\0'),(89,4,32,0,'en el plato ( choose 2 )',1,'\0'),(91,4,18,0,'en el plato ( choose 2 )',1,'\0'),(92,3,30,0,'en el plato',1,'\0'),(93,3,31,0,'en el plato',1,'\0'),(94,3,32,0,'en el plato',1,'\0'),(95,3,18,0,'en el plato',1,'\0'),(111,8,13,0,'pan',1,''),(112,8,17,0,'pan',1,''),(113,8,33,0,'pan',1,''),(114,8,10,0,'salsas',2,'\0'),(115,8,14,0,'salsas',2,'\0'),(116,8,15,0,'salsas',2,'\0'),(117,8,34,0,'salsas',2,'\0'),(118,8,35,0,'salsas',2,'\0'),(155,8,46,0,'ensalada/extras',3,'\0'),(156,8,42,0,'ensalada/extras',3,'\0'),(157,8,43,10,'ensalada/extras',3,'\0'),(159,8,44,10,'ensalada/extras',3,'\0'),(160,8,39,10,'ensalada/extras',3,'\0'),(161,8,41,10,'ensalada/extras',3,'\0'),(162,8,38,20,'ensalada/extras',3,'\0'),(163,8,11,0,'ensalada/extras',3,'\0'),(164,8,45,0,'ensalada/extras',3,'\0'),(165,8,25,0,'ensalada/extras',3,'\0'),(166,8,26,0,'ensalada/extras',3,'\0'),(167,8,27,0,'ensalada/extras',3,'\0'),(168,8,28,0,'ensalada/extras',3,'\0'),(169,8,37,20,'ensalada/extras',3,'\0'),(171,9,13,0,'pan',1,''),(172,9,17,0,'pan',1,''),(173,9,33,0,'pan',1,''),(184,9,49,0,'salsas',2,'\0'),(185,9,41,0,'salsas',2,'\0'),(186,9,35,0,'salsas',2,'\0'),(189,9,11,0,'ensalada',3,'\0'),(190,9,45,0,'ensalada',3,'\0'),(191,9,25,0,'ensalada',3,'\0'),(192,9,26,0,'ensalada',3,'\0'),(193,9,27,0,'ensalada',3,'\0'),(194,9,28,0,'ensalada',3,'\0'),(195,10,33,0,'pan',1,''),(196,10,17,0,'pan',1,''),(197,10,13,0,'pan',1,''),(198,10,35,0,'salsas',2,'\0'),(199,10,36,0,'salsas',2,'\0'),(200,10,50,0,'en el pan',3,'\0'),(201,10,25,0,'en el pan',3,'\0'),(202,10,26,0,'en el pan',3,'\0'),(203,11,13,0,'pan',1,'\0'),(204,11,17,0,'pan',1,'\0'),(205,11,33,0,'pan',1,'\0'),(206,11,15,0,'salsas',2,''),(207,11,14,0,'salsas',2,''),(208,11,35,0,'salsas',2,''),(209,11,50,0,'en el pan/ensalada',3,'\0'),(217,11,37,0,'en el pan/ensalada',3,'\0'),(219,11,11,0,'en el pan/ensalada',3,'\0'),(220,11,45,0,'en el pan/ensalada',3,'\0'),(221,11,25,0,'en el pan/ensalada',3,'\0'),(222,11,26,0,'en el pan/ensalada',3,'\0'),(223,11,27,0,'en el pan/ensalada',3,'\0'),(224,11,51,0,'en el pan/ensalada',3,'\0'),(225,12,13,0,'pan',1,''),(226,12,17,0,'pan',1,''),(227,12,33,0,'pan',1,''),(240,12,34,0,'salsas',2,''),(242,12,53,0,'salsas',2,''),(243,12,52,0,'en el pàn',3,'\0'),(244,12,50,0,'en el pàn',3,'\0'),(245,12,25,0,'en el pàn',3,'\0'),(246,13,27,0,'en la ensalada',1,'\0'),(247,13,25,0,'en la ensalada',1,'\0'),(248,13,26,0,'en la ensalada',1,'\0'),(249,13,54,0,'en la ensalada',1,'\0'),(250,13,53,0,'en la ensalada',1,'\0'),(257,3,51,0,'en el plato',1,'\0'),(258,3,26,0,'en el plato',1,'\0'),(259,4,51,0,'en el plato ( choose 2 )',1,'\0'),(260,4,26,0,'en el plato ( choose 2 )',1,'\0'),(261,4,45,0,'en el plato ( choose 2 )',1,'\0'),(263,4,25,0,'en el plato ( choose 2 )',1,'\0'),(264,4,27,0,'en el plato ( choose 2 )',1,'\0'),(266,4,43,0,'en el plato ( choose 2 )',1,'\0'),(267,4,28,0,'en el plato ( choose 2 )',1,'\0'),(268,3,45,0,'en el plato',1,'\0'),(269,3,25,0,'en el plato',1,'\0'),(270,3,27,0,'en el plato',1,'\0'),(271,3,43,0,'en el plato',1,'\0'),(272,3,28,0,'en el plato',1,'\0'),(273,6,45,0,'ensalada',2,'\0'),(274,6,25,0,'ensalada',2,'\0'),(275,6,26,0,'ensalada',2,'\0'),(276,6,27,0,'ensalada',2,'\0'),(277,6,28,0,'ensalada',2,'\0'),(280,14,27,0,'en la ensalada',1,'\0'),(281,14,25,0,'en la ensalada',1,'\0'),(282,14,26,0,'en la ensalada',1,'\0'),(283,14,54,0,'en la ensalada',1,'\0'),(284,14,57,0,'en la ensalada',1,'\0'),(285,14,58,0,'en la ensalada',1,'\0'),(286,14,60,0,'en la ensalada',1,'\0'),(287,14,53,0,'en la ensalada',1,'\0'),(299,14,13,10,'extra pan',3,''),(300,14,17,10,'extra pan',3,''),(301,14,33,10,'extra pan',3,''),(302,14,45,0,'extras en la ensalada',2,''),(303,14,50,10,'extras en la ensalada',2,''),(304,14,55,20,'extras en la ensalada',2,''),(305,15,27,0,'en la ensalada',1,'\0'),(306,15,25,0,'en la ensalada',1,'\0'),(307,15,26,0,'en la ensalada',1,'\0'),(308,15,54,0,'en la ensalada',1,'\0'),(309,15,50,0,'en la ensalada',1,'\0'),(310,15,52,0,'en la ensalada',1,'\0'),(313,15,13,10,'pan',3,'\0'),(314,15,17,10,'pan',3,'\0'),(316,15,33,10,'pan',3,'\0'),(317,15,12,10,'pan',3,'\0'),(318,14,12,10,'extra pan',3,''),(322,13,45,0,'extras en la ensalda',2,'\0'),(323,13,55,20,'extras en la ensalda',2,'\0'),(324,13,50,10,'extras en la ensalda',2,'\0'),(325,13,57,20,'extras en la ensalda',2,'\0'),(326,13,12,10,'pan',3,'\0'),(327,13,13,10,'pan',3,'\0'),(328,13,17,10,'pan',3,'\0'),(329,13,33,10,'pan',3,'\0'),(330,15,45,0,'extras en la ensalada',2,'\0'),(331,15,55,20,'extras en la ensalada',2,'\0'),(332,15,57,20,'extras en la ensalada',2,'\0'),(333,15,29,10,'extras en la ensalada',2,'\0'),(334,14,29,10,'extras en la ensalada',2,''),(335,13,29,10,'extras en la ensalda',2,'\0'),(336,16,27,0,'en la ensalada',1,'\0'),(337,16,25,0,'en la ensalada',1,'\0'),(338,16,26,0,'en la ensalada',1,'\0'),(339,16,61,0,'en la ensalada',1,'\0'),(340,16,51,0,'en la ensalada',1,'\0'),(341,16,50,0,'en la ensalada',1,'\0'),(342,16,15,0,'en la ensalada',1,'\0'),(343,16,55,20,'extras',2,'\0'),(344,16,57,20,'extras',2,'\0'),(345,16,14,20,'extras',2,'\0'),(346,16,12,10,'pan',3,'\0'),(347,16,13,10,'pan',3,'\0'),(348,16,17,10,'pan',3,'\0'),(349,16,33,10,'pan',3,'\0'),(350,16,29,10,'extras',2,'\0'),(351,16,28,5,'extras',2,'\0'),(352,13,28,5,'extras en la ensalda',2,'\0'),(353,14,28,5,'extras en la ensalada',2,''),(354,15,28,5,'extras en la ensalada',2,'\0'),(355,17,55,0,'en la ensalada',1,'\0'),(356,17,25,0,'en la ensalada',1,'\0'),(357,17,26,0,'en la ensalada',1,'\0'),(358,17,62,0,'en la ensalada',1,'\0'),(359,17,50,10,'extra en la ensaladas',2,'\0'),(360,17,57,20,'extra en la ensaladas',2,'\0'),(361,18,63,0,'en la ensalada ',1,'\0'),(362,18,64,0,'en la ensalada ',1,'\0'),(363,18,27,0,'en la ensalada ',1,'\0'),(364,18,25,0,'en la ensalada ',1,'\0'),(366,18,26,0,'en la ensalada ',1,'\0'),(367,18,54,0,'en la ensalada ',1,'\0'),(368,18,45,0,'extras en la ensalada',2,'\0'),(372,18,50,10,'extras en la ensalada',2,'\0'),(374,18,55,20,'extras en la ensalada',2,'\0'),(375,18,29,10,'extras en la ensalada',2,'\0'),(376,18,59,10,'extras en la ensalada',2,'\0'),(377,18,13,10,'pan',3,'\0'),(378,18,17,10,'pan',3,'\0'),(379,18,12,10,'pan',3,'\0'),(380,18,33,10,'pan',3,'\0'),(381,19,33,0,'pan',1,''),(382,19,17,0,'pan',1,''),(383,19,13,0,'pan',1,''),(384,19,49,0,'salsas',2,'\0'),(385,19,35,0,'salsas',2,'\0'),(386,19,36,0,'salsas',2,'\0'),(388,19,65,0,'verdoras ',3,''),(399,19,34,0,'salsas',2,'\0'),(400,19,41,0,'salsas',2,'\0'),(401,19,25,0,'verdoras ',3,''),(402,19,26,0,'verdoras ',3,''),(403,19,39,0,'verdoras ',3,''),(404,19,40,0,'verdoras ',3,''),(405,19,59,0,'verdoras ',3,''),(406,19,58,0,'verdoras ',3,''),(407,19,29,0,'verdoras ',3,''),(408,20,33,0,'pan',1,''),(409,20,13,0,'pan',1,''),(410,20,17,0,'pan',1,''),(411,20,49,0,'salsas',2,'\0'),(412,20,35,0,'salsas',2,'\0'),(413,20,36,0,'salsas',2,'\0'),(414,20,34,0,'salsas',2,'\0'),(416,20,57,0,'en la tostada',3,'\0'),(417,20,25,0,'en la tostada',3,'\0'),(418,21,33,0,'pan',1,''),(419,21,17,0,'pan',1,''),(420,21,13,0,'pan',1,''),(421,21,49,0,'salsas',2,'\0'),(422,21,35,0,'salsas',2,'\0'),(423,21,36,0,'salsas',2,'\0'),(424,21,34,0,'salsas',2,'\0'),(425,21,41,0,'salsas',2,'\0'),(426,21,52,0,'en la tostada',3,'\0'),(427,21,26,0,'en la tostada',3,'\0'),(444,22,67,0,'en el plato',1,''),(445,22,66,0,'en el plato',1,''),(446,22,68,0,'en el plato',1,''),(447,22,11,0,'ensalada',2,'\0'),(448,22,45,0,'ensalada',2,'\0'),(449,22,25,0,'ensalada',2,'\0'),(450,22,26,0,'ensalada',2,'\0'),(451,22,27,0,'ensalada',2,'\0'),(452,22,28,0,'ensalada',2,'\0'),(462,22,71,0,'extras',3,'\0'),(463,22,67,30,'extras',3,'\0'),(464,22,66,30,'extras',3,'\0'),(465,22,68,30,'extras',3,'\0'),(466,22,70,10,'extras',3,'\0'),(467,22,69,50,'extras',3,'\0'),(468,23,66,0,'en el plato',1,''),(469,23,67,0,'en el plato',1,''),(470,23,68,0,'en el plato',1,''),(471,23,11,0,'ensalada',2,'\0'),(472,23,45,0,'ensalada',2,'\0'),(473,23,25,0,'ensalada',2,'\0'),(474,23,26,0,'ensalada',2,'\0'),(475,23,27,0,'ensalada',2,'\0'),(476,23,28,0,'ensalada',2,'\0'),(477,23,71,0,'extras',3,'\0'),(478,23,67,30,'extras',3,'\0'),(479,23,66,30,'extras',3,'\0'),(480,23,68,30,'extras',3,'\0'),(481,23,70,10,'extras',3,'\0'),(482,23,69,50,'extras',3,'\0'),(483,24,67,0,'en el plato',1,''),(484,24,66,0,'en el plato',1,''),(485,24,68,0,'en el plato',1,''),(486,24,11,0,'ensalada',2,'\0'),(487,24,45,0,'ensalada',2,'\0'),(488,24,25,0,'ensalada',2,'\0'),(489,24,26,0,'ensalada',2,'\0'),(490,24,27,0,'ensalada',2,'\0'),(491,24,28,0,'ensalada',2,'\0'),(492,24,71,0,'extras',3,'\0'),(494,24,67,30,'extras',3,'\0'),(495,24,66,30,'extras',3,'\0'),(496,24,68,30,'extras',3,'\0'),(497,24,70,10,'extras',3,'\0'),(498,24,69,50,'extras',3,'\0'),(499,25,66,0,'en el plato',1,''),(500,25,67,0,'en el plato',1,''),(501,25,68,0,'en el plato',1,''),(502,25,11,0,'ensalada',2,'\0'),(503,25,45,0,'ensalada',2,'\0'),(504,25,25,0,'ensalada',2,'\0'),(505,25,26,0,'ensalada',2,'\0'),(506,25,27,0,'ensalada',2,'\0'),(507,25,28,0,'ensalada',2,'\0'),(508,25,71,0,'extras',3,'\0'),(509,25,67,30,'extras',3,'\0'),(510,25,66,30,'extras',3,'\0'),(511,25,68,30,'extras',3,'\0'),(513,25,70,10,'extras',3,'\0'),(514,25,69,50,'extras',3,'\0'),(515,26,67,0,'en el plato',1,''),(516,26,66,0,'en el plato',1,''),(517,26,68,0,'en el plato',1,''),(518,26,11,0,'ensalada',2,'\0'),(519,26,45,0,'ensalada',2,'\0'),(520,26,25,0,'ensalada',2,'\0'),(521,26,26,0,'ensalada',2,'\0'),(522,26,27,0,'ensalada',2,'\0'),(523,26,28,0,'ensalada',2,'\0'),(524,26,71,0,'extras',3,'\0'),(525,26,67,30,'extras',3,'\0'),(526,26,66,30,'extras',3,'\0'),(527,26,68,30,'extras',3,'\0'),(529,26,70,10,'extras',3,'\0'),(530,26,69,50,'extras',3,'\0'),(531,27,67,0,'en el plato',1,''),(532,27,66,0,'en el plato',1,''),(533,27,68,0,'en el plato',1,''),(534,27,11,0,'ensalada',2,'\0'),(535,27,45,0,'ensalada',2,'\0'),(536,27,25,0,'ensalada',2,'\0'),(537,27,26,0,'ensalada',2,'\0'),(538,27,27,0,'ensalada',2,'\0'),(539,27,28,0,'ensalada',2,'\0'),(540,27,71,0,'extras',3,'\0'),(541,27,67,30,'extras',3,'\0'),(542,27,66,30,'extras',3,'\0'),(543,27,68,30,'extras',3,'\0'),(544,27,70,10,'extras',3,'\0'),(545,27,69,50,'extras',3,'\0'),(546,28,67,0,'en el plato',1,''),(547,28,66,0,'en el plato',1,''),(548,28,68,0,'en el plato',1,''),(549,28,11,0,'ensalada',2,'\0'),(550,28,45,0,'ensalada',2,'\0'),(551,28,25,0,'ensalada',2,'\0'),(552,28,26,0,'ensalada',2,'\0'),(553,28,27,0,'ensalada',2,'\0'),(554,28,28,0,'ensalada',2,'\0'),(555,28,71,0,'extra',3,'\0'),(556,28,67,30,'extra',3,'\0'),(557,28,66,30,'extra',3,'\0'),(558,28,68,30,'extra',3,'\0'),(559,28,70,10,'extra',3,'\0'),(560,28,69,50,'extra',3,'\0'),(561,31,13,0,'pan',1,''),(562,31,17,0,'pan',1,''),(563,31,14,0,'salsas',2,'\0'),(565,31,34,0,'salsas',2,'\0'),(566,31,15,0,'salsas',2,'\0'),(567,31,35,0,'salsas',2,'\0'),(568,31,36,0,'salsas',2,'\0'),(573,31,11,0,'ensalada/ extras',3,'\0'),(574,31,45,0,'ensalada/ extras',3,'\0'),(575,31,25,0,'ensalada/ extras',3,'\0'),(576,31,26,0,'ensalada/ extras',3,'\0'),(577,31,27,0,'ensalada/ extras',3,'\0'),(578,31,28,0,'ensalada/ extras',3,'\0'),(579,31,67,30,'ensalada/ extras',3,'\0'),(580,32,73,0,'incluido en el plato',1,'\0'),(581,32,74,0,'incluido en el plato',1,'\0'),(582,32,15,0,'incluido en el plato',1,'\0'),(584,32,11,0,'ensalada',2,'\0'),(585,32,45,0,'ensalada',2,'\0'),(586,32,25,0,'ensalada',2,'\0'),(587,32,26,0,'ensalada',2,'\0'),(588,32,27,0,'ensalada',2,'\0'),(589,32,28,0,'ensalada',2,'\0'),(590,32,13,0,'pan',3,''),(591,32,12,0,'pan',3,''),(592,32,17,0,'pan',3,''),(614,33,76,0,'opcion',1,'\0'),(615,33,75,0,'en plato/en rull',2,'\0'),(616,33,50,0,'en plato/en rull',2,'\0'),(617,33,34,0,'en plato/en rull',2,'\0'),(620,33,23,0,'en plato/en rull',2,'\0'),(624,34,76,0,'opcion',1,'\0'),(625,34,49,0,'en el rull/plato',2,'\0'),(626,34,41,0,'en el rull/plato',2,'\0'),(627,34,50,0,'en el rull/plato',2,'\0'),(628,34,34,0,'en el rull/plato',2,'\0'),(639,35,75,0,'en el plato',1,'\0'),(640,35,50,0,'en el plato',1,'\0'),(643,35,10,0,'salsa ',2,''),(644,35,74,0,'salsa ',2,''),(648,35,71,0,'extras',3,'\0'),(649,35,10,20,'extras',3,'\0'),(650,35,74,20,'extras',3,'\0'),(651,35,75,10,'extras',3,'\0'),(652,33,71,0,'extras',3,'\0'),(654,33,57,20,'extras',3,'\0'),(655,33,10,20,'extras',3,'\0'),(656,33,74,20,'extras',3,'\0'),(657,33,75,10,'extras',3,'\0'),(659,33,77,30,'extras',3,'\0'),(660,34,71,0,'extras',3,'\0'),(661,34,25,10,'extras',3,'\0'),(662,34,26,10,'extras',3,'\0'),(663,34,40,10,'extras',3,'\0'),(664,34,39,10,'extras',3,'\0'),(665,34,58,10,'extras',3,'\0'),(666,34,59,10,'extras',3,'\0'),(667,34,52,15,'extras',3,'\0'),(668,34,50,15,'extras',3,'\0'),(669,34,10,20,'extras',3,'\0'),(670,34,57,20,'extras',3,'\0'),(672,36,41,0,'tipo de burekas',1,''),(673,36,78,0,'tipo de burekas',1,''),(674,36,50,0,'en el plato',2,'\0'),(679,36,79,10,'extras',3,'\0'),(680,36,25,0,'extras',3,'\0'),(681,36,26,0,'extras',3,'\0'),(682,36,40,0,'extras',3,'\0'),(683,36,39,0,'extras',3,'\0'),(684,36,58,0,'extras',3,'\0'),(685,36,59,0,'extras',3,'\0'),(690,36,80,0,'extras',3,'\0'),(691,36,10,20,'extras',3,'\0'),(692,36,57,20,'extras',3,'\0'),(694,36,52,15,'extras',3,'\0'),(696,36,75,0,'en el plato',2,'\0'),(698,37,58,0,'verdoras ( choose 2 )',1,'\0'),(699,37,59,0,'verdoras ( choose 2 )',1,'\0'),(700,37,25,0,'verdoras ( choose 2 )',1,'\0'),(701,37,40,0,'verdoras ( choose 2 )',1,'\0'),(702,37,39,0,'verdoras ( choose 2 )',1,'\0'),(703,37,52,0,'verdoras ( choose 2 )',1,'\0'),(704,37,81,0,'verdoras ( choose 2 )',1,'\0'),(705,37,29,0,'verdoras ( choose 2 )',1,'\0'),(706,37,50,0,'verdoras ( choose 2 )',1,'\0'),(707,37,57,0,'verdoras ( choose 2 )',1,'\0'),(709,37,25,10,'extras',2,'\0'),(710,37,40,10,'extras',2,'\0'),(711,37,26,10,'extras',2,'\0'),(712,37,39,10,'extras',2,'\0'),(713,37,59,10,'extras',2,'\0'),(714,37,58,10,'extras',2,'\0'),(715,37,82,0,'verdoras ( choose 2 )',1,'\0'),(716,37,82,10,'extras',2,'\0'),(721,37,29,10,'extras',2,'\0'),(722,37,50,15,'extras',2,'\0'),(723,37,52,15,'extras',2,'\0'),(725,37,57,20,'extras',2,'\0'),(727,37,81,20,'extras',2,'\0'),(728,37,26,0,'verdoras ( choose 2 )',1,'\0'),(731,38,66,0,'tipo de salteado',1,''),(732,38,83,0,'tipo de salteado',1,''),(733,38,84,0,'verdoras ( choose 3 )',2,'\0'),(734,38,28,0,'verdoras ( choose 3 )',2,'\0'),(735,38,29,0,'verdoras ( choose 3 )',2,'\0'),(736,38,71,0,'extras',3,'\0'),(737,38,40,10,'extras',3,'\0'),(738,38,26,10,'extras',3,'\0'),(739,38,26,0,'verdoras ( choose 3 )',2,'\0'),(740,38,40,0,'verdoras ( choose 3 )',2,'\0'),(741,38,39,0,'verdoras ( choose 3 )',2,'\0'),(742,38,39,10,'extras',3,'\0'),(743,38,29,10,'extras',3,'\0'),(744,38,84,10,'extras',3,'\0'),(745,38,28,10,'extras',3,'\0'),(746,38,88,40,'extras',3,'\0'),(747,38,89,40,'extras',3,'\0'),(748,38,87,40,'extras',3,'\0'),(749,38,85,80,'extras',3,'\0'),(756,39,66,0,'tipo de salteado',1,''),(757,39,83,0,'tipo de salteado',1,''),(758,39,84,0,'verdoras ( choose  3 )',2,'\0'),(759,39,28,0,'verdoras ( choose  3 )',2,'\0'),(760,39,29,0,'verdoras ( choose  3 )',2,'\0'),(761,39,26,0,'verdoras ( choose  3 )',2,'\0'),(762,39,40,0,'verdoras ( choose  3 )',2,'\0'),(763,39,39,0,'verdoras ( choose  3 )',2,'\0'),(764,39,71,0,'extras',3,'\0'),(765,39,40,10,'extras',3,'\0'),(766,39,26,10,'extras',3,'\0'),(767,39,39,10,'extras',3,'\0'),(768,39,29,10,'extras',3,'\0'),(769,39,28,10,'extras',3,'\0'),(770,39,84,10,'extras',3,'\0'),(771,39,88,40,'extras',3,'\0'),(772,39,89,40,'extras',3,'\0'),(773,39,87,40,'extras',3,'\0'),(787,40,25,0,'verdoras',2,'\0'),(788,40,54,0,'verdoras',2,'\0'),(789,40,26,0,'verdoras',2,'\0'),(792,40,94,0,'en la hamburgesa / extras',3,'\0'),(793,40,86,80,'en la hamburgesa / extras',3,'\0'),(794,40,32,40,'en la hamburgesa / extras',3,'\0'),(795,40,90,30,'en la hamburgesa / extras',3,'\0'),(797,40,70,10,'en la hamburgesa / extras',3,'\0'),(798,40,36,0,'carne / salsas',1,'\0'),(799,40,35,0,'carne / salsas',1,'\0'),(800,40,34,0,'carne / salsas',1,'\0'),(801,40,92,0,'carne / salsas',1,'\0'),(802,41,96,0,'tipo de carne',1,''),(803,41,99,0,'tipo de carne',1,''),(804,41,98,0,'tipo de carne',1,''),(805,41,72,0,'tipo de carne',1,''),(806,41,14,0,'salsas',2,'\0'),(807,41,15,0,'salsas',2,'\0'),(808,41,100,0,'verduras ( choose 3 )',3,'\0'),(809,41,101,0,'verduras ( choose 3 )',3,'\0'),(810,41,29,0,'verduras ( choose 3 )',3,'\0'),(811,41,28,0,'verduras ( choose 3 )',3,'\0'),(812,41,84,0,'verduras ( choose 3 )',3,'\0'),(813,41,25,0,'verduras ( choose 3 )',3,'\0'),(814,41,26,0,'verduras ( choose 3 )',3,'\0'),(815,41,39,0,'verduras ( choose 3 )',3,'\0'),(816,41,58,0,'verduras ( choose 3 )',3,'\0'),(817,41,59,0,'verduras ( choose 3 )',3,'\0'),(818,41,40,0,'verduras ( choose 3 )',3,'\0'),(820,41,34,0,'salsas',2,'\0'),(821,42,75,0,'en la pasta',1,'\0'),(822,42,107,0,'en la pasta',1,'\0'),(823,42,74,30,'extras',2,'\0'),(824,42,13,10,'extras',2,'\0'),(825,42,12,10,'extras',2,'\0'),(826,42,17,10,'extras',2,'\0'),(827,43,25,0,'en la pasta',1,'\0'),(828,43,108,0,'en la pasta',1,'\0'),(829,43,107,0,'en la pasta',1,'\0'),(830,43,74,30,'extras',2,'\0'),(831,43,13,10,'extras',2,'\0'),(832,43,17,10,'extras',2,'\0'),(833,43,12,10,'extras',2,'\0'),(834,45,108,0,'en la pasta',1,'\0'),(835,45,109,0,'en la pasta',1,'\0'),(836,45,74,30,'extras',2,'\0'),(837,45,13,10,'extras',2,'\0'),(838,45,17,10,'extras',2,'\0'),(839,45,12,10,'extras',2,'\0'),(840,46,108,0,'en la pasta',1,'\0'),(841,46,39,0,'en la pasta',1,'\0'),(843,46,13,10,'extras',2,'\0'),(844,46,17,10,'extras',2,'\0'),(845,46,12,10,'extras',2,'\0'),(846,47,75,0,'en la pasta',1,'\0'),(847,47,110,0,'en la pasta',1,'\0'),(848,47,74,30,'extras',2,'\0'),(849,47,13,10,'extras',2,'\0'),(850,47,17,10,'extras',2,'\0'),(851,47,12,10,'extras',2,'\0'),(852,50,39,0,'en el hummos',1,'\0'),(853,50,26,0,'en el hummos',1,'\0'),(854,50,15,0,'en el hummos',1,'\0'),(855,52,110,0,'tipo de carne',1,''),(856,52,99,0,'tipo de carne',1,''),(857,52,98,0,'tipo de carne',1,''),(860,53,71,0,'extras',1,'\0'),(861,53,127,30,'extras',1,'\0'),(862,53,77,30,'extras',1,'\0'),(864,53,4,10,'extras',1,'\0'),(865,54,71,0,'extra ',1,'\0'),(866,54,77,30,'extra ',1,'\0'),(867,54,127,30,'extra ',1,'\0'),(868,54,125,20,'extra ',1,'\0'),(870,53,125,20,'extras',1,'\0'),(871,56,124,0,'en el plato',1,'\0'),(872,56,125,0,'en el plato',1,'\0'),(873,56,23,0,'en el plato',1,'\0'),(874,56,127,0,'en el plato',1,'\0'),(875,57,126,0,'en el pancake',1,'\0'),(877,57,125,0,'en el pancake',1,'\0'),(878,57,4,0,'frutas',2,''),(879,57,119,0,'frutas',2,''),(880,57,6,0,'frutas',2,''),(881,57,122,0,'frutas',2,''),(882,57,5,0,'frutas',2,''),(883,57,8,10,'extras',3,'\0'),(884,57,4,10,'extras',3,'\0'),(885,57,6,10,'extras',3,'\0'),(886,57,7,10,'extras',3,'\0'),(887,57,5,10,'extras',3,'\0'),(888,57,125,20,'extras',3,'\0'),(889,57,127,30,'extras',3,'\0'),(890,57,77,30,'extras',3,'\0'),(891,58,8,0,'frutas',1,'\0'),(892,58,6,0,'frutas',1,'\0'),(893,58,4,0,'frutas',1,'\0'),(894,58,5,0,'frutas',1,'\0'),(895,58,7,0,'frutas',1,'\0'),(896,58,21,20,'estras',2,'\0'),(897,58,22,20,'estras',2,'\0'),(898,58,127,30,'estras',2,'\0'),(899,58,77,30,'estras',2,'\0'),(900,58,38,40,'estras',2,'\0'),(901,65,8,0,'frutas ( choose 3 )',1,'\0'),(902,65,7,0,'frutas ( choose 3 )',1,'\0'),(903,65,6,0,'frutas ( choose 3 )',1,'\0'),(904,65,5,0,'frutas ( choose 3 )',1,'\0'),(905,65,4,0,'frutas ( choose 3 )',1,'\0'),(906,65,8,10,'extras',2,'\0'),(907,65,7,10,'extras',2,'\0'),(908,65,6,10,'extras',2,'\0'),(909,65,5,10,'extras',2,'\0'),(910,65,4,10,'extras',2,'\0'),(911,66,119,0,'frutas( choose 3 )',1,'\0'),(912,66,122,0,'frutas( choose 3 )',1,'\0'),(913,66,6,0,'frutas( choose 3 )',1,'\0'),(914,66,5,0,'frutas( choose 3 )',1,'\0'),(915,66,4,0,'frutas( choose 3 )',1,'\0'),(916,66,8,10,'extras ',2,'\0'),(917,66,7,10,'extras ',2,'\0'),(918,66,6,10,'extras ',2,'\0'),(919,66,5,10,'extras ',2,'\0'),(920,66,4,10,'extras ',2,'\0'),(921,69,140,0,'tipo de cafe',1,''),(922,69,141,0,'tipo de cafe',1,''),(923,70,142,0,'tipo de chocalate',1,''),(924,70,143,0,'tipo de chocalate',1,''),(925,178,147,180,'tipo de orden',1,''),(926,178,150,150,'tipo de orden',1,''),(927,178,149,150,'tipo de orden',1,''),(928,178,148,150,'tipo de orden',1,''),(929,6,71,0,'extras',3,'\0'),(930,6,14,10,'extras',3,'\0'),(931,6,15,10,'extras',3,'\0'),(932,6,10,10,'extras',3,'\0'),(948,181,96,0,'carnes',1,''),(949,181,63,0,'carnes',1,''),(950,181,73,0,'carnes',1,''),(951,181,97,0,'carnes',1,''),(952,181,98,0,'carnes',1,''),(953,181,17,0,'pan',2,''),(954,181,13,0,'pan',2,''),(955,181,33,0,'pan',2,''),(956,181,14,0,'salsas / extras',3,'\0'),(957,181,15,0,'salsas / extras',3,'\0'),(958,181,34,0,'salsas / extras',3,'\0'),(959,181,36,0,'salsas / extras',3,'\0'),(960,181,35,0,'salsas / extras',3,'\0'),(961,181,11,0,'salsas / extras',3,'\0'),(962,181,45,0,'salsas / extras',3,'\0'),(963,181,25,0,'salsas / extras',3,'\0'),(964,181,26,0,'salsas / extras',3,'\0'),(965,181,27,0,'salsas / extras',3,'\0'),(966,181,71,0,'salsas / extras',3,'\0'),(967,181,67,30,'salsas / extras',3,'\0'),(968,181,74,10,'salsas / extras',3,'\0'),(969,66,163,0,'frutas( choose 3 )',1,'\0'),(970,66,163,10,'extras ',2,'\0'),(971,65,163,0,'frutas ( choose 3 )',1,'\0'),(972,65,163,10,'extras',2,'\0'),(973,181,164,0,'carnes',1,''),(974,39,17,0,'tipo de salteado',1,''),(978,39,17,0,'verdoras ( choose  3 )',2,'\0'),(979,39,14,0,'verdoras ( choose  3 )',2,'\0'),(980,39,34,0,'verdoras ( choose  3 )',2,'\0'),(981,39,100,0,'verdoras ( choose  3 )',2,'\0'),(982,38,17,0,'tipo de salteado',1,''),(984,38,14,0,'verdoras ( choose 3 )',2,'\0'),(985,38,34,0,'verdoras ( choose 3 )',2,'\0'),(986,38,165,0,'verdoras ( choose 3 )',2,'\0');
/*!40000 ALTER TABLE `menu_item_ingredient` ENABLE KEYS */;
UNLOCK TABLES;

--
-- Table structure for table `menu_order`
--

DROP TABLE IF EXISTS `menu_order`;
/*!40101 SET @saved_cs_client     = @@character_set_client */;
/*!40101 SET character_set_client = utf8 */;
CREATE TABLE `menu_order` (
  `id` int(11) NOT NULL AUTO_INCREMENT,
  `user_id` int(11) NOT NULL,
  `user_name` varchar(45) COLLATE utf8_unicode_ci DEFAULT NULL,
  `user_bed` int(11) DEFAULT NULL,
  `order_date` datetime NOT NULL,
  `pay_type_id` int(11) NOT NULL,
  `is_canceled` bit(1) NOT NULL DEFAULT b'0',
  `staff_id` int(11) DEFAULT NULL,
  `staff_name` varchar(45) COLLATE utf8_unicode_ci DEFAULT NULL,
  `total` decimal(10,0) NOT NULL,
  `split_count` int(11) DEFAULT NULL,
  `split_total` decimal(10,0) DEFAULT NULL,
  `splited_by` int(11) DEFAULT NULL,
  `splited_order_id` int(11) DEFAULT NULL,
  `canceled_by_staff_id` int(11) DEFAULT NULL,
  `menu_category_type` int(11) NOT NULL,
  `comment` varchar(245) COLLATE utf8_unicode_ci DEFAULT NULL,
  PRIMARY KEY (`id`),
  UNIQUE KEY `user_order_unq` (`user_id`,`id`),
  KEY `pay_type_id_idx` (`pay_type_id`),
  KEY `cat_type_indx` (`menu_category_type`),
  KEY `order_date_indx` (`order_date`),
  CONSTRAINT `order_user_id_fk` FOREIGN KEY (`user_id`) REFERENCES `user` (`id`) ON DELETE NO ACTION ON UPDATE NO ACTION,
  CONSTRAINT `pay_type_id` FOREIGN KEY (`pay_type_id`) REFERENCES `pay_type` (`id`) ON DELETE NO ACTION ON UPDATE NO ACTION
) ENGINE=InnoDB AUTO_INCREMENT=2374 DEFAULT CHARSET=utf8 COLLATE=utf8_unicode_ci;
/*!40101 SET character_set_client = @saved_cs_client */;

--
-- Dumping data for table `menu_order`
--

LOCK TABLES `menu_order` WRITE;
/*!40000 ALTER TABLE `menu_order` DISABLE KEYS */;
INSERT INTO `menu_order` VALUES (1,1,'system',0,'2017-10-03 19:09:38',3,'\0',4,'evyatar',120,0,0,0,0,0,1,NULL),(2,10,'rotem yohananof',48,'2017-10-04 15:27:41',1,'\0',4,'evyatar',320,0,0,0,0,0,1,NULL),(3,11,'daniel bitton',49,'2017-10-04 15:36:39',1,'\0',4,'evyatar',190,0,0,0,0,0,1,NULL),(4,17,'moshe yehoshua',82,'2017-10-04 16:01:48',1,'\0',4,'evyatar',850,0,0,0,0,0,1,NULL),(5,24,'matan נ',126,'2017-10-04 16:16:02',1,'\0',4,'evyatar',920,0,0,0,0,0,1,NULL),(6,25,'daniel manobela',127,'2017-10-04 16:23:08',1,'\0',4,'evyatar',1525,0,0,0,0,0,1,NULL),(7,26,'noa hofman',131,'2017-10-04 16:25:19',1,'\0',4,'evyatar',140,0,0,0,0,0,1,NULL),(8,33,'KEREN leiva',234,'2017-10-04 16:39:01',1,'\0',4,'evyatar',35,0,0,0,0,0,1,NULL),(9,19,'elior buba',88,'2017-10-04 16:43:16',1,'\0',4,'evyatar',100,0,0,0,0,0,1,NULL),(10,24,'matan נ',126,'2017-10-04 16:45:48',1,'\0',7,'buba',25,0,0,0,0,0,1,NULL),(11,19,'elior buba',88,'2017-10-04 16:47:59',1,'',7,'buba',425,2,850,19,0,7,1,NULL),(12,20,'VENEZA d',89,'2017-10-04 16:47:59',1,'',7,'buba',425,2,850,19,11,0,1,'Splited with elior buba order #11'),(13,9,'haim',99,'2017-10-04 17:15:42',1,'\0',4,'evyatar',100,0,0,0,0,0,1,NULL),(14,21,'ASAF DANIELOV',108,'2017-10-04 17:48:37',1,'\0',4,'evyatar',170,0,0,0,0,0,1,NULL),(15,23,'קובי',120,'2017-10-04 17:56:52',1,'\0',4,'evyatar',65,0,0,0,0,0,1,NULL),(16,27,'FREIDI GERLITZ',173,'2017-10-04 17:59:23',1,'\0',4,'evyatar',100,0,0,0,0,0,1,NULL),(17,11,'daniel bitton',49,'2017-10-04 18:25:37',1,'\0',4,'evyatar',75,0,0,0,0,0,1,NULL),(18,11,'daniel bitton',49,'2017-10-04 18:27:28',1,'\0',4,'evyatar',200,0,0,0,0,0,1,NULL),(19,24,'matan נ',126,'2017-10-05 08:42:16',1,'\0',4,'evyatar',200,0,0,0,0,0,1,NULL),(20,25,'daniel manobela',127,'2017-10-05 09:53:02',1,'\0',4,'evyatar',30,0,0,0,0,0,1,NULL),(21,22,'AMIR DANILOV',109,'2017-10-05 10:39:53',1,'\0',4,'evyatar',240,0,0,0,0,0,1,NULL),(22,11,'daniel bitton',49,'2017-10-05 10:44:41',1,'\0',5,'juli',130,0,0,0,0,0,1,NULL),(23,10,'rotem yohananof',48,'2017-10-05 11:03:24',1,'\0',5,'juli',20,0,0,0,0,0,1,NULL),(24,11,'daniel bitton',49,'2017-10-05 11:36:16',1,'\0',4,'evyatar',20,0,0,0,0,0,1,NULL),(25,17,'moshe yehoshua',82,'2017-10-05 13:20:34',1,'\0',4,'evyatar',20,0,0,0,0,0,1,NULL),(26,27,'FREIDI GERLITZ',173,'2017-10-05 13:26:41',1,'\0',4,'evyatar',20,0,0,0,0,0,1,NULL),(27,17,'moshe yehoshua',82,'2017-10-05 13:26:53',1,'\0',4,'evyatar',120,0,0,0,0,0,1,NULL),(28,23,'קובי',120,'2017-10-05 13:27:18',1,'\0',4,'evyatar',100,0,0,0,0,0,1,NULL),(29,27,'FREIDI GERLITZ',173,'2017-10-05 13:37:16',1,'\0',5,'juli',60,0,0,0,0,0,1,NULL),(30,1,'system',0,'2017-10-05 13:50:22',2,'',4,'evyatar',120,0,0,0,0,4,1,NULL),(31,27,'FREIDI GERLITZ',173,'2017-10-05 14:15:23',1,'\0',4,'evyatar',300,0,0,0,0,0,1,NULL),(32,26,'noa hofman',131,'2017-10-05 14:15:49',1,'\0',4,'evyatar',40,0,0,0,0,0,1,NULL),(33,23,'קובי',120,'2017-10-05 14:16:06',1,'\0',4,'evyatar',100,0,0,0,0,0,1,NULL),(34,27,'FREIDI GERLITZ',173,'2017-10-05 15:36:06',1,'\0',4,'evyatar',60,0,0,0,0,0,1,NULL),(35,12,'tal hason',52,'2017-10-05 16:00:49',1,'\0',12,'ado',50,0,0,0,0,0,1,NULL),(36,14,'TZAH saban',54,'2017-10-05 16:16:52',1,'\0',4,'evyatar',210,0,0,0,0,0,1,NULL),(37,27,'FREIDI GERLITZ',173,'2017-10-05 16:20:58',1,'\0',4,'evyatar',120,0,0,0,0,0,1,NULL),(38,12,'tal hason',52,'2017-10-05 16:54:40',1,'\0',4,'evyatar',180,0,0,0,0,0,1,NULL),(39,26,'noa hofman',131,'2017-10-05 16:57:11',1,'\0',4,'evyatar',140,0,0,0,0,0,1,NULL),(40,14,'TZAH saban',54,'2017-10-05 17:24:57',1,'\0',4,'evyatar',120,0,0,0,0,0,1,NULL),(41,1,'system',0,'2017-10-05 21:28:15',3,'\0',7,'buba',150,0,0,0,0,0,1,NULL),(42,17,'moshe yehoshua',82,'2017-10-05 21:34:09',1,'\0',7,'buba',20,0,0,0,0,0,1,NULL),(43,1,'system',0,'2017-10-06 10:24:22',3,'\0',4,'evyatar',0,0,0,0,0,0,1,NULL),(44,1,'system',0,'2017-10-06 11:17:51',3,'\0',9,'ruhama',0,0,0,0,0,0,1,NULL),(45,1,'system',0,'2017-10-06 14:42:35',3,'\0',4,'evyatar',0,0,0,0,0,0,1,NULL),(46,9,'haim',99,'2017-10-07 14:22:27',1,'\0',5,'juli',100,0,0,0,0,0,1,NULL),(47,27,'FREIDI GERLITZ',173,'2017-10-08 14:20:19',1,'\0',4,'evyatar',40,0,0,0,0,0,1,NULL),(48,36,'shlomi DAVID',6,'2017-10-08 14:57:12',1,'\0',4,'evyatar',170,0,0,0,0,0,1,NULL),(49,37,'amitay TAYEB',7,'2017-10-08 15:00:16',1,'\0',4,'evyatar',305,0,0,0,0,0,1,NULL),(50,43,'SHIR AVIV',18,'2017-10-08 15:06:48',1,'\0',4,'evyatar',670,0,0,0,0,0,1,NULL),(51,44,'MOR SHALEV',19,'2017-10-08 15:07:49',1,'\0',4,'evyatar',30,0,0,0,0,0,1,NULL),(52,45,'gal uzan',21,'2017-10-08 15:10:12',1,'\0',4,'evyatar',620,0,0,0,0,0,1,NULL),(53,46,'Fsharon MARCUS',22,'2017-10-08 15:13:32',1,'\0',4,'evyatar',765,0,0,0,0,0,1,NULL),(54,47,'Fsandra LUBARSKI',23,'2017-10-08 15:15:16',1,'\0',4,'evyatar',490,0,0,0,0,0,1,NULL),(55,48,'maya dahan',26,'2017-10-08 15:16:31',1,'\0',4,'evyatar',100,0,0,0,0,0,1,NULL),(56,49,'ido donsky',27,'2017-10-08 15:18:14',1,'\0',4,'evyatar',210,0,0,0,0,0,1,NULL),(57,50,'guy haviv',28,'2017-10-08 15:19:24',1,'\0',4,'evyatar',70,0,0,0,0,0,1,NULL),(58,10,'rotem yohananof',48,'2017-10-08 15:21:43',1,'\0',4,'evyatar',820,0,0,0,0,0,1,NULL),(59,11,'daniel bitton',49,'2017-10-08 15:26:07',1,'\0',4,'evyatar',1065,0,0,0,0,0,1,NULL),(60,11,'daniel bitton',49,'2017-10-08 15:27:25',1,'\0',4,'evyatar',200,0,0,0,0,0,1,NULL),(61,15,'ZVI blank',55,'2017-10-08 15:28:35',1,'\0',4,'evyatar',255,0,0,0,0,0,1,NULL),(62,21,'ASAF DANIELOV',108,'2017-10-08 15:33:56',1,'\0',4,'evyatar',150,0,0,0,0,0,1,NULL),(63,51,'shir VOLOZKY',57,'2017-10-08 15:34:43',1,'\0',4,'evyatar',450,0,0,0,0,0,1,NULL),(64,52,'udi lotem',67,'2017-10-08 15:37:50',1,'\0',4,'evyatar',1400,0,0,0,0,0,1,NULL),(65,53,'avi reuven',69,'2017-10-08 15:39:09',1,'\0',4,'evyatar',480,0,0,0,0,0,1,NULL),(66,22,'AMIR DANILOV',109,'2017-10-08 15:39:13',1,'\0',4,'evyatar',690,0,0,0,0,0,1,NULL),(67,54,'billi yegudayev',70,'2017-10-08 15:40:27',1,'\0',4,'evyatar',420,0,0,0,0,0,1,NULL),(68,55,'yakir dabas',72,'2017-10-08 15:44:16',1,'\0',4,'evyatar',1220,0,0,0,0,0,1,NULL),(69,57,'amitay rahum',73,'2017-10-08 15:46:59',1,'\0',4,'evyatar',1415,0,0,0,0,0,1,NULL),(70,59,'odaya kobous',126,'2017-10-08 15:47:54',1,'\0',4,'evyatar',440,0,0,0,0,0,1,NULL),(71,56,'stav karo',122,'2017-10-08 15:55:42',1,'\0',4,'evyatar',1665,0,0,0,0,0,1,NULL),(72,60,'gnesin alexsander',130,'2017-10-08 16:02:05',1,'\0',4,'evyatar',40,0,0,0,0,0,1,NULL),(73,26,'noa hofman',131,'2017-10-08 16:03:22',1,'\0',4,'evyatar',810,0,0,0,0,0,1,NULL),(74,62,'niv dayan',134,'2017-10-08 16:05:40',1,'\0',4,'evyatar',200,0,0,0,0,0,1,NULL),(75,27,'FREIDI GERLITZ',173,'2017-10-08 16:08:09',1,'\0',4,'evyatar',300,0,0,0,0,0,1,NULL),(76,28,'LEA SHROER',174,'2017-10-08 16:16:25',1,'\0',4,'evyatar',2695,0,0,0,0,0,1,NULL),(77,64,'israel biro',218,'2017-10-08 16:17:50',1,'\0',4,'evyatar',280,0,0,0,0,0,1,NULL),(78,65,'salomon gabiahu',219,'2017-10-08 16:19:56',1,'\0',4,'evyatar',700,0,0,0,0,0,1,NULL),(79,59,'odaya kobous',126,'2017-10-08 16:20:57',1,'\0',4,'evyatar',20,0,0,0,0,0,1,NULL),(80,32,'SUSAN F',233,'2017-10-08 16:21:33',1,'\0',4,'evyatar',715,0,0,0,0,0,1,NULL),(81,33,'KEREN leiva',234,'2017-10-08 16:22:42',1,'\0',4,'evyatar',565,0,0,0,0,0,1,NULL),(82,67,'jp fd',267,'2017-10-08 16:26:43',1,'\0',4,'evyatar',595,0,0,0,0,0,1,NULL),(83,9,'haim',99,'2017-10-08 16:38:51',1,'\0',4,'evyatar',150,0,0,0,0,0,1,NULL),(84,54,'billi yegudayev',70,'2017-10-08 16:42:35',1,'\0',7,'buba',40,0,0,0,0,0,1,NULL),(85,53,'avi reuven',69,'2017-10-08 16:43:08',1,'\0',4,'evyatar',240,0,0,0,0,0,1,NULL),(86,54,'billi yegudayev',70,'2017-10-08 17:02:35',1,'\0',4,'evyatar',40,0,0,0,0,0,1,NULL),(87,52,'udi lotem',67,'2017-10-08 17:40:15',1,'\0',4,'evyatar',360,0,0,0,0,0,1,NULL),(88,56,'stav karo',117,'2017-10-08 17:40:28',1,'\0',4,'evyatar',40,0,0,0,0,0,1,NULL),(89,52,'udi lotem',67,'2017-10-08 17:53:06',1,'\0',4,'evyatar',20,0,0,0,0,0,1,NULL),(90,60,'gnesin alexsander',125,'2017-10-08 17:58:48',1,'\0',4,'evyatar',150,0,0,0,0,0,1,NULL),(91,60,'gnesin alexsander',125,'2017-10-08 17:59:05',1,'\0',4,'evyatar',65,0,0,0,0,0,1,NULL),(92,60,'gnesin alexsander',125,'2017-10-08 18:00:47',1,'\0',4,'evyatar',60,0,0,0,0,0,1,NULL),(93,27,'FREIDI GERLITZ',167,'2017-10-08 18:01:55',1,'\0',4,'evyatar',40,0,0,0,0,0,1,NULL),(94,23,'קובי',115,'2017-10-08 18:16:43',1,'\0',4,'evyatar',850,0,0,0,0,0,1,NULL),(95,10,'rotem yohananof',48,'2017-10-08 18:29:16',1,'\0',5,'juli',120,0,0,0,0,0,1,NULL),(96,56,'stav karo',117,'2017-10-08 18:36:58',1,'\0',4,'evyatar',40,0,0,0,0,0,1,NULL),(97,54,'billi yegudayev',68,'2017-10-08 18:42:59',1,'\0',4,'evyatar',20,0,0,0,0,0,1,NULL),(98,27,'FREIDI GERLITZ',167,'2017-10-08 18:44:41',1,'\0',4,'evyatar',40,0,0,0,0,0,1,NULL),(99,9,'haim',95,'2017-10-08 18:51:08',1,'\0',12,'ado',50,0,0,0,0,0,1,NULL),(100,52,'udi lotem',67,'2017-10-08 19:26:40',1,'\0',4,'evyatar',120,0,0,0,0,0,1,NULL),(101,41,'inbar edri',16,'2017-10-08 19:31:14',1,'\0',12,'ado',20,0,0,0,0,0,1,NULL),(102,11,'daniel bitton',49,'2017-10-08 19:37:18',1,'\0',12,'ado',140,0,0,0,0,0,1,NULL),(103,60,'gnesin alexsander',125,'2017-10-08 19:47:18',1,'\0',12,'ado',20,0,0,0,0,0,1,NULL),(104,52,'udi lotem',67,'2017-10-08 19:47:47',1,'\0',12,'ado',20,0,0,0,0,0,1,NULL),(105,11,'daniel bitton',49,'2017-10-08 19:51:10',1,'\0',12,'ado',20,0,0,0,0,0,1,NULL),(106,22,'AMIR DANILOV',104,'2017-10-08 19:55:16',1,'\0',7,'buba',150,0,0,0,0,0,1,NULL),(107,65,'salomon gabiahu',214,'2017-10-08 20:00:33',1,'\0',7,'buba',20,0,0,0,0,0,1,NULL),(108,11,'daniel bitton',49,'2017-10-08 20:02:09',1,'\0',12,'ado',65,0,0,0,0,0,1,NULL),(109,1,'system',0,'2017-10-08 20:04:42',3,'\0',12,'ado',505,0,0,0,0,0,1,NULL),(110,26,'noa hofman',127,'2017-10-08 20:11:02',1,'\0',7,'buba',30,0,0,0,0,0,1,NULL),(111,67,'jp fd',267,'2017-10-08 20:11:40',1,'\0',7,'buba',35,0,0,0,0,0,1,NULL),(112,28,'LEA SHROER',168,'2017-10-08 20:15:10',1,'\0',7,'buba',30,0,0,0,0,0,1,NULL),(113,57,'amitay rahum',73,'2017-10-08 20:18:28',1,'\0',7,'buba',20,0,0,0,0,0,1,NULL),(114,56,'stav karo',117,'2017-10-08 20:30:03',1,'\0',7,'buba',20,0,0,0,0,0,1,NULL),(115,55,'yakir dabas',72,'2017-10-08 20:33:54',1,'\0',12,'ado',120,0,0,0,0,0,1,NULL),(116,57,'amitay rahum',73,'2017-10-08 20:37:50',1,'\0',7,'buba',80,0,0,0,0,0,1,NULL),(117,54,'billi yegudayev',68,'2017-10-08 20:53:58',1,'\0',12,'ado',20,0,0,0,0,0,1,NULL),(118,19,'elior buba',83,'2017-10-08 20:55:36',1,'\0',7,'buba',260,0,0,0,0,0,1,NULL),(119,47,'Fsandra LUBARSKI',23,'2017-10-08 21:04:48',1,'\0',7,'buba',20,0,0,0,0,0,1,NULL),(120,11,'daniel bitton',49,'2017-10-08 21:26:01',1,'\0',12,'ado',55,0,0,0,0,0,1,NULL),(121,22,'AMIR DANILOV',104,'2017-10-08 21:37:44',3,'\0',7,'buba',150,0,0,0,0,0,1,NULL),(122,47,'Fsandra LUBARSKI',23,'2017-10-08 21:41:58',1,'\0',7,'buba',30,0,0,0,0,0,1,NULL),(123,45,'gal uzan',21,'2017-10-08 21:42:21',1,'\0',7,'buba',30,0,0,0,0,0,1,NULL),(124,46,'Fsharon MARCUS',22,'2017-10-08 21:44:11',1,'\0',7,'buba',170,0,0,0,0,0,1,NULL),(125,57,'amitay rahum',73,'2017-10-08 21:46:57',1,'\0',7,'buba',20,0,0,0,0,0,1,NULL),(126,56,'stav karo',117,'2017-10-08 21:47:10',1,'\0',7,'buba',20,0,0,0,0,0,1,NULL),(127,71,'noa elbaz',153,'2017-10-08 21:53:17',1,'\0',12,'ado',0,0,0,0,0,0,1,NULL),(128,72,'yael katz',154,'2017-10-08 21:53:34',1,'\0',12,'ado',0,0,0,0,0,0,1,NULL),(129,69,'tal garfi',163,'2017-10-08 22:09:09',1,'\0',12,'ado',20,0,0,0,0,0,1,NULL),(130,70,'guy hanegvi',164,'2017-10-08 22:09:21',1,'\0',12,'ado',20,0,0,0,0,0,1,NULL),(131,70,'guy hanegvi',164,'2017-10-08 22:16:36',1,'\0',7,'buba',80,0,0,0,0,0,1,NULL),(132,57,'amitay rahum',73,'2017-10-08 22:17:05',1,'\0',7,'buba',80,0,0,0,0,0,1,NULL),(133,53,'avi reuven',69,'2017-10-08 22:21:14',1,'\0',7,'buba',150,0,0,0,0,0,1,NULL),(134,54,'billi yegudayev',68,'2017-10-08 22:21:56',1,'\0',7,'buba',150,0,0,0,0,0,1,NULL),(135,56,'stav karo',117,'2017-10-08 22:23:51',1,'\0',7,'buba',30,0,0,0,0,0,1,NULL),(136,69,'tal garfi',163,'2017-10-08 22:28:14',1,'\0',7,'buba',20,0,0,0,0,0,1,NULL),(137,53,'avi reuven',69,'2017-10-08 22:28:53',1,'\0',7,'buba',35,0,0,0,0,0,1,NULL),(138,54,'billi yegudayev',68,'2017-10-08 22:30:46',1,'\0',12,'ado',35,0,0,0,0,0,1,NULL),(139,56,'stav karo',117,'2017-10-08 22:32:57',1,'\0',12,'ado',65,0,0,0,0,0,1,NULL),(140,64,'israel biro',213,'2017-10-08 22:34:11',1,'\0',7,'buba',120,0,0,0,0,0,1,NULL),(141,64,'israel biro',213,'2017-10-08 22:34:26',1,'\0',7,'buba',120,0,0,0,0,0,1,NULL),(142,45,'gal uzan',21,'2017-10-08 22:44:59',1,'\0',7,'buba',20,0,0,0,0,0,1,NULL),(143,9,'haim',95,'2017-10-08 22:54:48',1,'\0',7,'buba',50,0,0,0,0,0,1,NULL),(144,11,'daniel bitton',49,'2017-10-08 23:10:32',1,'\0',7,'buba',100,0,0,0,0,0,1,NULL),(145,27,'FREIDI GERLITZ',167,'2017-10-08 23:12:32',1,'\0',7,'buba',20,0,0,0,0,0,1,NULL),(146,27,'FREIDI GERLITZ',167,'2017-10-08 23:13:10',1,'\0',7,'buba',65,0,0,0,0,0,1,NULL),(147,69,'tal garfi',163,'2017-10-08 23:26:52',1,'\0',7,'buba',135,0,0,0,0,0,1,NULL),(148,69,'tal garfi',163,'2017-10-08 23:27:07',1,'\0',7,'buba',20,0,0,0,0,0,1,NULL),(149,1,'system',0,'2017-10-08 23:37:36',3,'\0',7,'buba',125,0,0,0,0,0,1,NULL),(150,73,'MICHAL FEFERBERG',60,'2017-10-08 23:39:53',1,'\0',7,'buba',200,0,0,0,0,0,1,NULL),(151,1,'system',0,'2017-10-08 23:43:07',3,'\0',7,'buba',560,0,0,0,0,0,1,NULL),(152,28,'LEA SHROER',168,'2017-10-08 23:57:13',1,'\0',7,'buba',0,0,0,0,0,0,1,NULL),(153,53,'avi reuven',69,'2017-10-08 23:57:19',1,'\0',7,'buba',120,0,0,0,0,0,1,NULL),(154,52,'udi lotem',67,'2017-10-09 00:00:07',1,'\0',7,'buba',100,0,0,0,0,0,1,NULL),(155,65,'salomon gabiahu',214,'2017-10-09 00:02:13',1,'\0',7,'buba',120,0,0,0,0,0,1,NULL),(156,64,'israel biro',213,'2017-10-09 00:02:39',1,'\0',7,'buba',120,0,0,0,0,0,1,NULL),(157,1,'system',0,'2017-10-09 00:16:33',3,'\0',7,'buba',40,0,0,0,0,0,1,NULL),(158,27,'FREIDI GERLITZ',167,'2017-10-09 00:17:37',1,'\0',7,'buba',40,0,0,0,0,0,1,NULL),(159,1,'system',0,'2017-10-09 00:24:32',3,'',7,'buba',150,0,0,0,0,7,1,NULL),(160,1,'system',0,'2017-10-09 00:28:35',3,'\0',7,'buba',210,0,0,0,0,0,1,NULL),(161,54,'billi yegudayev',68,'2017-10-09 00:57:44',1,'\0',7,'buba',240,0,0,0,0,0,1,NULL),(162,52,'udi lotem',67,'2017-10-09 00:58:11',1,'\0',7,'buba',240,0,0,0,0,0,1,NULL),(163,54,'billi yegudayev',68,'2017-10-09 00:58:59',1,'\0',7,'buba',160,0,0,0,0,0,1,NULL),(164,52,'udi lotem',67,'2017-10-09 00:59:34',1,'\0',7,'buba',0,0,0,0,0,0,1,NULL),(165,53,'avi reuven',69,'2017-10-09 01:02:33',1,'\0',7,'buba',80,0,0,0,0,0,1,NULL),(166,53,'avi reuven',69,'2017-10-09 01:06:31',1,'\0',7,'buba',40,0,0,0,0,0,1,NULL),(167,52,'udi lotem',67,'2017-10-09 01:07:11',1,'\0',7,'buba',120,0,0,0,0,0,1,NULL),(168,55,'yakir dabas',72,'2017-10-09 01:09:07',1,'\0',7,'buba',20,0,0,0,0,0,1,NULL),(169,55,'yakir dabas',72,'2017-10-09 01:13:21',1,'\0',7,'buba',100,0,0,0,0,0,1,NULL),(170,9,'haim',95,'2017-10-09 01:23:52',1,'\0',7,'buba',40,0,0,0,0,0,1,NULL),(171,22,'AMIR DANILOV',104,'2017-10-09 01:35:51',1,'\0',7,'buba',120,0,0,0,0,0,1,NULL),(172,55,'yakir dabas',72,'2017-10-09 01:40:34',1,'\0',7,'buba',30,0,0,0,0,0,1,NULL),(173,22,'AMIR DANILOV',104,'2017-10-09 01:57:26',1,'\0',7,'buba',20,0,0,0,0,0,1,NULL),(174,63,'mor fadida',58,'2017-10-09 02:02:37',1,'\0',7,'buba',120,0,0,0,0,0,1,NULL),(175,65,'salomon gabiahu',214,'2017-10-09 02:04:08',1,'\0',7,'buba',85,0,0,0,0,0,1,NULL),(176,10,'rotem yohananof',48,'2017-10-09 02:24:10',1,'\0',7,'buba',150,0,0,0,0,0,1,NULL),(177,54,'billi yegudayev',68,'2017-10-09 03:08:41',1,'\0',7,'buba',80,0,0,0,0,0,1,NULL),(178,74,'KEREN MELAMED',61,'2017-10-09 03:09:12',1,'\0',7,'buba',80,0,0,0,0,0,1,NULL),(179,56,'stav karo',117,'2017-10-09 03:17:15',1,'\0',7,'buba',35,0,0,0,0,0,1,NULL),(180,10,'rotem yohananof',48,'2017-10-09 03:25:56',1,'\0',7,'buba',20,0,0,0,0,0,1,NULL),(181,56,'stav karo',117,'2017-10-09 03:37:01',1,'\0',7,'buba',20,0,0,0,0,0,1,NULL),(182,52,'udi lotem',67,'2017-10-09 03:48:13',1,'\0',7,'buba',0,0,0,0,0,0,1,NULL),(183,1,'system',0,'2017-10-09 04:42:36',3,'\0',7,'buba',40,0,0,0,0,0,1,NULL),(184,9,'haim',95,'2017-10-09 04:53:21',1,'\0',7,'buba',200,0,0,0,0,0,1,NULL),(185,73,'MICHAL FEFERBERG',60,'2017-10-09 05:03:46',1,'\0',13,'reception',20,0,0,0,0,0,1,NULL),(186,53,'avi reuven',69,'2017-10-09 05:13:28',1,'\0',7,'buba',120,0,0,0,0,0,1,NULL),(187,52,'udi lotem',67,'2017-10-09 05:36:25',1,'\0',7,'buba',70,0,0,0,0,0,1,NULL),(188,28,'LEA SHROER',168,'2017-10-09 06:27:07',1,'\0',7,'buba',60,0,0,0,0,0,1,NULL),(189,60,'gnesin alexsander',125,'2017-10-09 07:02:31',1,'\0',7,'buba',35,0,0,0,0,0,1,NULL),(190,69,'tal garfi',163,'2017-10-09 07:20:18',1,'\0',4,'evyatar',60,0,0,0,0,0,1,NULL),(191,58,'linoy damti',121,'2017-10-09 07:25:00',1,'\0',4,'evyatar',80,0,0,0,0,0,1,NULL),(192,27,'FREIDI GERLITZ',167,'2017-10-09 07:49:32',1,'\0',4,'evyatar',200,0,0,0,0,0,1,NULL),(193,25,'daniel manobela',123,'2017-10-09 09:09:08',1,'\0',4,'evyatar',30,0,0,0,0,0,1,NULL),(194,58,'linoy damti',121,'2017-10-09 09:53:07',1,'\0',4,'evyatar',100,0,0,0,0,0,1,NULL),(195,25,'daniel manobela',123,'2017-10-09 09:53:28',1,'\0',4,'evyatar',30,0,0,0,0,0,1,NULL),(196,55,'yakir dabas',72,'2017-10-09 09:59:13',1,'\0',4,'evyatar',35,0,0,0,0,0,1,NULL),(197,55,'yakir dabas',72,'2017-10-09 09:59:44',1,'\0',4,'evyatar',50,0,0,0,0,0,1,NULL),(198,46,'Fsharon MARCUS',22,'2017-10-09 10:46:54',1,'\0',9,'ruhama',30,0,0,0,0,0,1,NULL),(199,47,'Fsandra LUBARSKI',23,'2017-10-09 10:47:14',1,'\0',9,'ruhama',30,0,0,0,0,0,1,NULL),(200,46,'Fsharon MARCUS',22,'2017-10-09 10:48:22',1,'\0',4,'evyatar',20,0,0,0,0,0,1,NULL),(201,11,'daniel bitton',49,'2017-10-09 10:48:52',1,'\0',9,'ruhama',120,0,0,0,0,0,1,NULL),(202,1,'system',0,'2017-10-09 10:49:36',3,'\0',9,'ruhama',120,0,0,0,0,0,1,NULL),(203,1,'system',0,'2017-10-09 10:56:50',3,'\0',9,'ruhama',150,0,0,0,0,0,1,NULL),(204,11,'daniel bitton',49,'2017-10-09 10:59:01',1,'\0',9,'ruhama',20,0,0,0,0,0,1,NULL),(205,1,'system',0,'2017-10-09 11:53:44',3,'\0',9,'ruhama',120,0,0,0,0,0,1,NULL),(206,1,'system',0,'2017-10-09 11:56:03',3,'\0',9,'ruhama',120,0,0,0,0,0,1,NULL),(207,1,'system',0,'2017-10-09 12:01:54',3,'\0',9,'ruhama',30,0,0,0,0,0,1,NULL),(208,47,'Fsandra LUBARSKI',23,'2017-10-09 12:08:08',1,'\0',4,'evyatar',20,0,0,0,0,0,1,NULL),(209,75,'hen halzband',257,'2017-10-09 12:19:00',1,'\0',4,'evyatar',40,0,0,0,0,0,1,NULL),(210,1,'system',0,'2017-10-09 12:24:46',3,'\0',9,'ruhama',60,0,0,0,0,0,1,NULL),(211,1,'system',0,'2017-10-09 12:36:31',3,'\0',9,'ruhama',120,0,0,0,0,0,1,NULL),(212,1,'system',0,'2017-10-09 12:42:07',3,'\0',9,'ruhama',20,0,0,0,0,0,1,NULL),(213,1,'system',0,'2017-10-09 13:12:38',3,'\0',9,'ruhama',35,0,0,0,0,0,1,NULL),(214,46,'Fsharon MARCUS',22,'2017-10-09 13:26:32',1,'\0',4,'evyatar',20,0,0,0,0,0,1,NULL),(215,56,'stav karo',117,'2017-10-09 13:34:02',1,'\0',9,'ruhama',150,0,0,0,0,0,1,NULL),(216,56,'stav karo',117,'2017-10-09 13:37:40',1,'\0',9,'ruhama',80,0,0,0,0,0,1,NULL),(217,67,'jp fd',267,'2017-10-09 13:43:22',1,'\0',4,'evyatar',500,0,0,0,0,0,1,NULL),(218,9,'haim',95,'2017-10-09 16:46:00',1,'\0',4,'evyatar',270,0,0,0,0,0,1,NULL),(219,56,'stav karo',117,'2017-10-09 16:53:07',1,'\0',4,'evyatar',20,0,0,0,0,0,1,NULL),(220,9,'haim',95,'2017-10-09 17:00:02',1,'\0',4,'evyatar',120,0,0,0,0,0,1,NULL),(221,27,'FREIDI GERLITZ',167,'2017-10-09 19:27:52',1,'\0',4,'evyatar',40,0,0,0,0,0,1,NULL),(222,64,'israel biro',213,'2017-10-09 19:28:48',1,'\0',4,'evyatar',185,0,0,0,0,0,1,NULL),(223,1,'system',0,'2017-10-09 19:31:28',3,'\0',4,'evyatar',35,0,0,0,0,0,1,NULL),(224,56,'stav karo',117,'2017-10-09 19:37:28',1,'\0',7,'buba',20,0,0,0,0,0,1,NULL),(225,54,'billi yegudayev',68,'2017-10-09 19:39:14',1,'\0',7,'buba',1300,0,0,0,0,0,1,NULL),(226,53,'avi reuven',69,'2017-10-09 19:39:51',1,'\0',7,'buba',1300,0,0,0,0,0,1,NULL),(227,73,'MICHAL FEFERBERG',60,'2017-10-09 20:02:13',1,'\0',7,'buba',1300,0,0,0,0,0,1,NULL),(228,74,'KEREN MELAMED',61,'2017-10-09 20:02:53',1,'\0',7,'buba',1300,0,0,0,0,0,1,NULL),(229,27,'FREIDI GERLITZ',167,'2017-10-09 20:03:39',1,'\0',7,'buba',1300,0,0,0,0,0,1,NULL),(230,28,'LEA SHROER',168,'2017-10-09 20:03:56',1,'\0',7,'buba',1300,0,0,0,0,0,1,NULL),(231,60,'gnesin alexsander',125,'2017-10-09 20:04:18',1,'\0',7,'buba',1300,0,0,0,0,0,1,NULL),(232,56,'stav karo',117,'2017-10-09 20:21:26',1,'\0',7,'buba',20,0,0,0,0,0,1,NULL),(233,53,'avi reuven',69,'2017-10-09 20:22:38',1,'\0',7,'buba',20,0,0,0,0,0,1,NULL),(234,77,'amitay rahum',260,'2017-10-09 20:34:12',1,'\0',7,'buba',65,0,0,0,0,0,1,NULL),(235,60,'gnesin alexsander',125,'2017-10-09 20:36:58',1,'\0',7,'buba',60,0,0,0,0,0,1,NULL),(236,54,'billi yegudayev',68,'2017-10-09 20:44:05',1,'\0',7,'buba',20,0,0,0,0,0,1,NULL),(237,58,'linoy damti',121,'2017-10-09 20:49:56',1,'\0',7,'buba',35,0,0,0,0,0,1,NULL),(238,56,'stav karo',117,'2017-10-09 21:03:33',1,'\0',7,'buba',40,0,0,0,0,0,1,NULL),(239,74,'KEREN MELAMED',61,'2017-10-09 21:10:59',1,'\0',7,'buba',120,0,0,0,0,0,1,NULL),(240,77,'amitay rahum',260,'2017-10-09 21:16:56',1,'\0',7,'buba',185,0,0,0,0,0,1,NULL),(241,25,'daniel manobela',123,'2017-10-09 21:24:11',1,'\0',7,'buba',30,0,0,0,0,0,1,NULL),(242,26,'noa hofman',127,'2017-10-09 21:50:45',1,'\0',7,'buba',120,0,0,0,0,0,1,NULL),(243,61,'ayala trabelsi',129,'2017-10-09 22:28:35',1,'\0',7,'buba',20,0,0,0,0,0,1,NULL),(244,23,'קובי',115,'2017-10-09 22:29:23',1,'\0',7,'buba',140,0,0,0,0,0,1,NULL),(245,23,'קובי',115,'2017-10-09 22:46:04',1,'\0',7,'buba',30,0,0,0,0,0,1,NULL),(246,56,'stav karo',117,'2017-10-09 23:00:04',1,'\0',7,'buba',20,0,0,0,0,0,1,NULL),(247,77,'amitay rahum',260,'2017-10-09 23:00:55',1,'\0',7,'buba',35,0,0,0,0,0,1,NULL),(248,60,'gnesin alexsander',125,'2017-10-09 23:20:12',1,'\0',7,'buba',20,0,0,0,0,0,1,NULL),(249,60,'gnesin alexsander',125,'2017-10-09 23:32:24',1,'\0',7,'buba',20,0,0,0,0,0,1,NULL),(250,60,'gnesin alexsander',125,'2017-10-09 23:45:53',1,'\0',7,'buba',20,0,0,0,0,0,1,NULL),(251,52,'udi lotem',67,'2017-10-09 23:49:49',1,'\0',7,'buba',20,0,0,0,0,0,1,NULL),(252,46,'Fsharon MARCUS',22,'2017-10-09 23:55:53',1,'\0',7,'buba',30,0,0,0,0,0,1,NULL),(253,1,'system',0,'2017-10-10 00:00:25',3,'',7,'buba',50,0,0,0,0,7,1,NULL),(254,36,'shlomi DAVID',6,'2017-10-10 00:01:33',1,'\0',7,'buba',50,0,0,0,0,0,1,NULL),(255,37,'amitay TAYEB',7,'2017-10-10 00:07:54',1,'\0',7,'buba',120,0,0,0,0,0,1,NULL),(256,1,'system',0,'2017-10-10 00:08:08',3,'\0',7,'buba',20,0,0,0,0,0,1,NULL),(257,1,'system',0,'2017-10-10 00:08:51',3,'\0',7,'buba',190,0,0,0,0,0,1,NULL),(258,36,'shlomi DAVID',6,'2017-10-10 00:16:07',1,'\0',7,'buba',50,0,0,0,0,0,1,NULL),(259,9,'haim',95,'2017-10-10 00:28:14',1,'\0',7,'buba',50,0,0,0,0,0,1,NULL),(260,37,'amitay TAYEB',7,'2017-10-10 00:29:35',1,'\0',7,'buba',120,0,0,0,0,0,1,NULL),(261,56,'stav karo',117,'2017-10-10 00:40:35',1,'\0',7,'buba',30,0,0,0,0,0,1,NULL),(262,46,'Fsharon MARCUS',22,'2017-10-10 01:04:22',1,'\0',7,'buba',80,0,0,0,0,0,1,NULL),(263,28,'LEA SHROER',168,'2017-10-10 01:16:44',1,'\0',7,'buba',20,0,0,0,0,0,1,NULL),(264,77,'amitay rahum',260,'2017-10-10 01:57:22',1,'\0',7,'buba',185,0,0,0,0,0,1,NULL),(265,77,'amitay rahum',260,'2017-10-10 02:19:28',1,'\0',7,'buba',30,0,0,0,0,0,1,NULL),(266,23,'קובי',115,'2017-10-10 03:03:47',1,'\0',7,'buba',65,0,0,0,0,0,1,NULL),(267,46,'Fsharon MARCUS',22,'2017-10-10 07:28:33',1,'\0',4,'evyatar',20,0,0,0,0,0,1,NULL),(268,47,'Fsandra LUBARSKI',23,'2017-10-10 07:29:36',1,'\0',4,'evyatar',20,0,0,0,0,0,1,NULL),(269,28,'LEA SHROER',168,'2017-10-10 08:25:33',1,'\0',4,'evyatar',20,0,0,0,0,0,1,NULL),(270,54,'billi yegudayev',68,'2017-10-10 09:01:29',1,'\0',4,'evyatar',30,0,0,0,0,0,1,NULL),(271,52,'udi lotem',67,'2017-10-10 09:16:06',1,'\0',4,'evyatar',235,0,0,0,0,0,1,NULL),(272,53,'avi reuven',69,'2017-10-10 09:32:04',1,'\0',4,'evyatar',105,0,0,0,0,0,1,NULL),(273,73,'MICHAL FEFERBERG',60,'2017-10-10 09:35:35',1,'\0',4,'evyatar',20,0,0,0,0,0,1,NULL),(274,74,'KEREN MELAMED',61,'2017-10-10 10:41:46',1,'\0',4,'evyatar',100,0,0,0,0,0,1,NULL),(275,52,'udi lotem',67,'2017-10-10 10:51:37',1,'\0',4,'evyatar',240,0,0,0,0,0,1,NULL),(276,77,'amitay rahum',260,'2017-10-10 11:09:07',1,'\0',9,'ruhama',20,0,0,0,0,0,1,NULL),(277,78,'yakir dabas',262,'2017-10-10 11:37:44',1,'\0',4,'evyatar',100,0,0,0,0,0,1,NULL),(278,77,'amitay rahum',260,'2017-10-10 11:39:56',1,'\0',4,'evyatar',100,0,0,0,0,0,1,NULL),(279,56,'stav karo',117,'2017-10-10 11:46:14',1,'\0',4,'evyatar',100,0,0,0,0,0,1,NULL),(280,77,'amitay rahum',260,'2017-10-10 11:56:49',1,'\0',9,'ruhama',35,0,0,0,0,0,1,NULL),(281,1,'system',0,'2017-10-10 12:01:21',3,'\0',4,'evyatar',130,0,0,0,0,0,1,NULL),(282,1,'system',0,'2017-10-10 12:02:08',3,'\0',4,'evyatar',230,0,0,0,0,0,1,NULL),(283,1,'system',0,'2017-10-10 12:02:46',3,'\0',4,'evyatar',55,0,0,0,0,0,1,NULL),(284,78,'yakir dabas',262,'2017-10-10 12:20:49',1,'\0',9,'ruhama',35,0,0,0,0,0,1,NULL),(285,56,'stav karo',117,'2017-10-10 12:26:54',1,'\0',4,'evyatar',20,0,0,0,0,0,1,NULL),(286,26,'noa hofman',127,'2017-10-10 13:33:54',1,'\0',7,'buba',1300,0,0,0,0,0,1,NULL),(287,67,'jp fd',267,'2017-10-10 13:38:50',1,'\0',4,'evyatar',440,0,0,0,0,0,1,NULL),(288,23,'קובי',115,'2017-10-10 14:43:20',1,'\0',15,'kobi',65,0,0,0,0,0,1,NULL),(289,1,'system',0,'2017-10-10 16:30:28',3,'\0',4,'evyatar',250,0,0,0,0,0,1,NULL),(290,1,'system',0,'2017-10-10 16:31:53',3,'\0',4,'evyatar',120,0,0,0,0,0,1,NULL),(291,1,'system',0,'2017-10-10 16:33:34',3,'\0',4,'evyatar',270,0,0,0,0,0,1,NULL),(292,1,'system',0,'2017-10-10 16:33:56',3,'\0',4,'evyatar',30,0,0,0,0,0,1,NULL),(293,1,'system',0,'2017-10-10 16:36:53',3,'\0',4,'evyatar',280,0,0,0,0,0,1,NULL),(294,1,'system',0,'2017-10-10 17:07:23',3,'\0',4,'evyatar',140,0,0,0,0,0,1,NULL),(295,1,'system',0,'2017-10-10 17:48:51',3,'\0',4,'evyatar',200,0,0,0,0,0,1,NULL),(296,9,'haim',95,'2017-10-10 17:50:38',1,'\0',4,'evyatar',420,0,0,0,0,0,1,NULL),(297,9,'haim',95,'2017-10-10 17:51:31',1,'\0',4,'evyatar',150,0,0,0,0,0,1,NULL),(298,60,'gnesin alexsander',125,'2017-10-10 17:51:55',1,'\0',4,'evyatar',420,0,0,0,0,0,1,NULL),(299,46,'Fsharon MARCUS',22,'2017-10-10 18:13:44',1,'\0',4,'evyatar',50,0,0,0,0,0,1,NULL),(300,1,'system',0,'2017-10-10 19:15:24',3,'\0',6,'marco',130,0,0,0,0,0,1,NULL),(301,81,'SHANI',45,'2017-10-10 19:17:15',1,'\0',6,'marco',200,0,0,0,0,0,1,NULL),(302,82,'SHIRAN MASICH',46,'2017-10-10 19:17:40',1,'\0',4,'evyatar',200,0,0,0,0,0,1,NULL),(303,9,'haim',95,'2017-10-10 19:18:55',1,'\0',6,'marco',240,0,0,0,0,0,1,NULL),(304,60,'gnesin alexsander',125,'2017-10-10 20:47:02',1,'\0',7,'buba',40,0,0,0,0,0,1,NULL),(305,36,'shlomi DAVID',6,'2017-10-10 21:41:23',1,'\0',7,'buba',60,0,0,0,0,0,1,NULL),(306,84,'michal choen',164,'2017-10-10 21:57:43',1,'\0',6,'marco',120,0,0,0,0,0,1,NULL),(307,83,'dorin hazak',163,'2017-10-10 21:58:54',1,'\0',6,'marco',30,0,0,0,0,0,1,NULL),(308,84,'michal choen',164,'2017-10-10 21:59:19',1,'\0',6,'marco',30,0,0,0,0,0,1,NULL),(309,83,'dorin hazak',163,'2017-10-10 22:00:07',1,'\0',6,'marco',200,0,0,0,0,0,1,NULL),(310,64,'israel biro',213,'2017-10-10 22:08:52',1,'\0',7,'buba',305,0,0,0,0,0,1,NULL),(311,58,'linoy damti',121,'2017-10-10 22:14:43',1,'\0',7,'buba',220,0,0,0,0,0,1,NULL),(312,60,'gnesin alexsander',125,'2017-10-10 23:06:16',1,'\0',7,'buba',40,0,0,0,0,0,1,NULL),(313,81,'SHANI',45,'2017-10-10 23:09:24',1,'\0',6,'marco',30,0,0,0,0,0,1,NULL),(314,64,'israel biro',213,'2017-10-10 23:18:25',1,'\0',7,'buba',65,0,0,0,0,0,1,NULL),(315,85,'talia haddad',47,'2017-10-10 23:25:19',1,'\0',7,'buba',20,0,0,0,0,0,1,NULL),(316,86,'michal nagar',48,'2017-10-10 23:25:28',1,'\0',7,'buba',20,0,0,0,0,0,1,NULL),(317,87,'racheli avrhami',49,'2017-10-10 23:25:42',1,'\0',7,'buba',20,0,0,0,0,0,1,NULL),(318,37,'amitay TAYEB',7,'2017-10-10 23:56:55',1,'\0',6,'marco',185,0,0,0,0,0,1,NULL),(319,46,'Fsharon MARCUS',22,'2017-10-11 00:21:09',1,'\0',6,'marco',30,0,0,0,0,0,1,NULL),(320,33,'KEREN leiva',229,'2017-10-11 00:24:27',1,'\0',6,'marco',130,0,0,0,0,0,1,NULL),(321,9,'haim',95,'2017-10-11 00:29:29',1,'\0',6,'marco',120,0,0,0,0,0,1,NULL),(322,1,'system',0,'2017-10-11 00:35:06',2,'\0',6,'marco',100,0,0,0,0,0,1,NULL),(323,36,'shlomi DAVID',6,'2017-10-11 00:49:07',1,'\0',6,'marco',40,0,0,0,0,0,1,NULL),(324,9,'haim',95,'2017-10-11 00:54:12',1,'\0',6,'marco',120,0,0,0,0,0,1,NULL),(325,1,'system',0,'2017-10-11 00:56:39',3,'\0',6,'marco',80,0,0,0,0,0,1,NULL),(326,37,'amitay TAYEB',7,'2017-10-11 00:59:56',1,'\0',6,'marco',120,0,0,0,0,0,1,NULL),(327,1,'system',0,'2017-10-11 01:36:26',3,'\0',6,'marco',35,0,0,0,0,0,1,NULL),(328,18,'orel f',80,'2017-10-11 01:55:20',1,'\0',6,'marco',120,0,0,0,0,0,1,NULL),(329,46,'Fsharon MARCUS',22,'2017-10-11 02:03:43',1,'\0',6,'marco',20,0,0,0,0,0,1,NULL),(330,60,'gnesin alexsander',125,'2017-10-11 02:15:22',1,'\0',6,'marco',20,0,0,0,0,0,1,NULL),(331,23,'קובי',115,'2017-10-11 02:21:51',1,'\0',6,'marco',185,0,0,0,0,0,1,NULL),(332,64,'israel biro',213,'2017-10-11 02:25:53',1,'\0',6,'marco',20,0,0,0,0,0,1,NULL),(333,60,'gnesin alexsander',125,'2017-10-11 02:50:36',1,'\0',6,'marco',20,0,0,0,0,0,1,NULL),(334,9,'haim',95,'2017-10-11 03:15:37',1,'\0',6,'marco',100,0,0,0,0,0,1,NULL),(335,1,'system',0,'2017-10-11 03:42:23',3,'\0',6,'marco',800,0,0,0,0,0,1,NULL),(336,1,'system',0,'2017-10-11 03:42:57',3,'\0',6,'marco',165,0,0,0,0,0,1,NULL),(337,1,'system',0,'2017-10-11 04:45:52',3,'\0',6,'marco',150,0,0,0,0,0,1,NULL),(338,9,'haim',95,'2017-10-11 04:48:44',1,'\0',6,'marco',50,0,0,0,0,0,1,NULL),(339,48,'maya dahan',26,'2017-10-11 07:18:28',1,'\0',4,'evyatar',80,0,0,0,0,0,1,NULL),(340,1,'system',0,'2017-10-11 07:21:21',3,'\0',6,'marco',800,0,0,0,0,0,1,NULL),(341,86,'michal nagar',48,'2017-10-11 08:00:47',1,'\0',4,'evyatar',140,0,0,0,0,0,1,NULL),(342,87,'racheli avrhami',49,'2017-10-11 08:01:48',1,'\0',4,'evyatar',100,0,0,0,0,0,1,NULL),(343,85,'talia haddad',47,'2017-10-11 08:02:03',1,'\0',4,'evyatar',100,0,0,0,0,0,1,NULL),(344,81,'SHANI',45,'2017-10-11 08:02:58',1,'\0',4,'evyatar',195,0,0,0,0,0,1,NULL),(345,82,'SHIRAN MASICH',46,'2017-10-11 08:03:38',1,'\0',4,'evyatar',120,0,0,0,0,0,1,NULL),(346,86,'michal nagar',48,'2017-10-11 08:04:28',1,'\0',4,'evyatar',30,0,0,0,0,0,1,NULL),(347,87,'racheli avrhami',49,'2017-10-11 08:04:40',1,'\0',4,'evyatar',30,0,0,0,0,0,1,NULL),(348,85,'talia haddad',47,'2017-10-11 08:10:16',1,'\0',4,'evyatar',30,0,0,0,0,0,1,NULL),(349,36,'shlomi DAVID',6,'2017-10-11 09:07:34',1,'\0',4,'evyatar',30,0,0,0,0,0,1,NULL),(350,67,'jp fd',267,'2017-10-11 09:43:52',1,'\0',4,'evyatar',160,0,0,0,0,0,1,NULL),(351,43,'SHIR AVIV',18,'2017-10-11 10:10:42',1,'\0',4,'evyatar',30,0,0,0,0,0,1,NULL),(352,44,'MOR SHALEV',19,'2017-10-11 10:10:48',1,'\0',4,'evyatar',30,0,0,0,0,0,1,NULL),(353,1,'system',0,'2017-10-11 10:16:27',3,'\0',4,'evyatar',270,0,0,0,0,0,1,NULL),(354,67,'jp fd',267,'2017-10-11 13:04:03',1,'\0',7,'buba',360,0,0,0,0,0,1,NULL),(355,67,'jp fd',267,'2017-10-11 14:29:34',1,'\0',4,'evyatar',150,0,0,0,0,0,1,NULL),(356,1,'system',0,'2017-10-11 14:44:32',3,'\0',15,'kobi',105,0,0,0,0,0,1,NULL),(357,26,'noa hofman',127,'2017-10-11 15:17:55',1,'\0',4,'evyatar',150,0,0,0,0,0,1,NULL),(358,90,'moshe shimon',31,'2017-10-11 15:42:23',1,'\0',4,'evyatar',600,0,0,0,0,0,1,NULL),(359,67,'jp fd',267,'2017-10-11 15:58:12',1,'\0',15,'kobi',40,0,0,0,0,0,1,NULL),(360,9,'haim',95,'2017-10-11 16:01:24',1,'\0',4,'evyatar',150,0,0,0,0,0,1,NULL),(361,91,'itamar gabay',33,'2017-10-11 16:09:02',1,'\0',4,'evyatar',800,0,0,0,0,0,1,NULL),(362,90,'moshe shimon',31,'2017-10-11 16:31:24',1,'\0',4,'evyatar',120,0,0,0,0,0,1,NULL),(363,54,'billi yegudayev',68,'2017-10-11 17:22:10',1,'\0',4,'evyatar',80,0,0,0,0,0,1,NULL),(364,52,'udi lotem',67,'2017-10-11 17:36:52',1,'\0',4,'evyatar',200,0,0,0,0,0,1,NULL),(365,54,'billi yegudayev',68,'2017-10-11 17:37:00',1,'\0',4,'evyatar',200,0,0,0,0,0,1,NULL),(366,53,'avi reuven',69,'2017-10-11 17:37:06',1,'\0',4,'evyatar',200,0,0,0,0,0,1,NULL),(367,88,'OFIR AZANKOT',163,'2017-10-11 17:37:33',1,'\0',4,'evyatar',200,0,0,0,0,0,1,NULL),(368,89,'ROTEM YOHANANUF',164,'2017-10-11 17:37:42',1,'\0',4,'evyatar',200,0,0,0,0,0,1,NULL),(369,77,'amitay rahum',260,'2017-10-11 17:38:16',1,'\0',4,'evyatar',200,0,0,0,0,0,1,NULL),(370,78,'yakir dabas',262,'2017-10-11 17:38:28',1,'\0',4,'evyatar',200,0,0,0,0,0,1,NULL),(371,56,'stav karo',117,'2017-10-11 17:39:00',1,'\0',4,'evyatar',200,0,0,0,0,0,1,NULL),(372,18,'orel f',80,'2017-10-11 17:48:20',1,'\0',4,'evyatar',200,0,0,0,0,0,1,NULL),(373,64,'israel biro',213,'2017-10-11 17:56:23',1,'\0',4,'evyatar',130,0,0,0,0,0,1,NULL),(374,19,'elior buba',83,'2017-10-11 18:04:57',1,'\0',7,'buba',150,0,0,0,0,0,1,NULL),(375,88,'OFIR AZANKOT',163,'2017-10-11 18:12:29',1,'\0',6,'marco',35,0,0,0,0,0,1,NULL),(376,67,'jp fd',267,'2017-10-11 19:19:27',1,'\0',6,'marco',215,0,0,0,0,0,1,NULL),(377,26,'noa hofman',127,'2017-10-11 19:54:18',1,'\0',6,'marco',35,0,0,0,0,0,1,NULL),(378,67,'jp fd',267,'2017-10-11 19:54:36',1,'\0',6,'marco',35,0,0,0,0,0,1,NULL),(379,67,'jp fd',267,'2017-10-11 20:34:17',1,'\0',6,'marco',70,0,0,0,0,0,1,NULL),(380,1,'system',0,'2017-10-11 21:12:34',3,'\0',7,'buba',330,0,0,0,0,0,1,NULL),(381,77,'amitay rahum',260,'2017-10-11 21:53:06',1,'\0',6,'marco',20,0,0,0,0,0,1,NULL),(382,52,'udi lotem',67,'2017-10-11 21:54:24',1,'\0',6,'marco',50,0,0,0,0,0,1,NULL),(383,52,'udi lotem',67,'2017-10-11 22:14:15',1,'\0',6,'marco',120,0,0,0,0,0,1,NULL),(384,1,'system',0,'2017-10-11 22:17:52',3,'\0',7,'buba',120,0,0,0,0,0,1,NULL),(385,52,'udi lotem',67,'2017-10-11 22:20:59',1,'\0',6,'marco',120,0,0,0,0,0,1,NULL),(386,56,'stav karo',65,'2017-10-11 22:21:36',1,'\0',6,'marco',120,0,0,0,0,0,1,NULL),(387,54,'billi yegudayev',68,'2017-10-11 22:48:59',1,'\0',6,'marco',120,0,0,0,0,0,1,NULL),(388,89,'ROTEM YOHANANUF',164,'2017-10-11 22:57:39',1,'\0',6,'marco',40,0,0,0,0,0,1,NULL),(389,52,'udi lotem',67,'2017-10-11 23:03:46',1,'\0',6,'marco',300,0,0,0,0,0,1,NULL),(390,89,'ROTEM YOHANANUF',164,'2017-10-11 23:07:01',1,'\0',6,'marco',40,0,0,0,0,0,1,NULL),(391,91,'itamar gabay',33,'2017-10-11 23:19:29',1,'\0',6,'marco',50,0,0,0,0,0,1,NULL),(392,90,'moshe shimon',31,'2017-10-11 23:19:41',1,'\0',6,'marco',40,0,0,0,0,0,1,NULL),(393,91,'itamar gabay',33,'2017-10-11 23:27:49',1,'\0',6,'marco',20,0,0,0,0,0,1,NULL),(394,52,'udi lotem',67,'2017-10-11 23:29:05',1,'\0',6,'marco',120,0,0,0,0,0,1,NULL),(395,1,'system',0,'2017-10-11 23:36:44',3,'\0',6,'marco',40,0,0,0,0,0,1,NULL),(396,1,'system',0,'2017-10-11 23:37:32',3,'\0',6,'marco',20,0,0,0,0,0,1,NULL),(397,92,'ram moshe',32,'2017-10-11 23:39:30',1,'\0',6,'marco',35,0,0,0,0,0,1,NULL),(398,90,'moshe shimon',31,'2017-10-12 00:23:45',1,'\0',7,'buba',30,0,0,0,0,0,1,NULL),(399,91,'itamar gabay',33,'2017-10-12 00:23:53',1,'\0',7,'buba',30,0,0,0,0,0,1,NULL),(400,93,'shmuel moshe',34,'2017-10-12 00:24:01',1,'\0',7,'buba',30,0,0,0,0,0,1,NULL),(401,92,'ram moshe',32,'2017-10-12 00:24:09',1,'\0',7,'buba',30,0,0,0,0,0,1,NULL),(402,52,'udi lotem',67,'2017-10-12 00:30:28',1,'\0',6,'marco',220,0,0,0,0,0,1,NULL),(403,1,'system',0,'2017-10-12 00:40:58',3,'\0',6,'marco',35,0,0,0,0,0,1,NULL),(404,19,'elior buba',83,'2017-10-12 01:39:16',1,'\0',6,'marco',65,0,0,0,0,0,1,NULL),(405,89,'ROTEM YOHANANUF',164,'2017-10-12 01:45:57',1,'\0',6,'marco',100,0,0,0,0,0,1,NULL),(406,89,'ROTEM YOHANANUF',164,'2017-10-12 01:59:22',1,'\0',6,'marco',20,0,0,0,0,0,1,NULL),(407,56,'stav karo',65,'2017-10-12 02:01:40',1,'\0',6,'marco',120,0,0,0,0,0,1,NULL),(408,56,'stav karo',65,'2017-10-12 03:27:16',1,'\0',6,'marco',120,0,0,0,0,0,1,NULL),(409,90,'moshe shimon',31,'2017-10-12 07:12:34',1,'\0',12,'ado',120,0,0,0,0,0,1,NULL),(410,92,'ram moshe',32,'2017-10-12 07:12:49',1,'\0',12,'ado',120,0,0,0,0,0,1,NULL),(411,91,'itamar gabay',33,'2017-10-12 07:13:06',1,'\0',12,'ado',120,0,0,0,0,0,1,NULL),(412,93,'shmuel moshe',34,'2017-10-12 07:13:23',1,'\0',12,'ado',120,0,0,0,0,0,1,NULL),(413,89,'ROTEM YOHANANUF',164,'2017-10-12 07:13:51',1,'\0',12,'ado',20,0,0,0,0,0,1,NULL),(414,90,'moshe shimon',31,'2017-10-12 07:15:46',1,'\0',4,'evyatar',120,0,0,0,0,0,1,NULL),(415,90,'moshe shimon',31,'2017-10-12 07:26:27',1,'\0',4,'evyatar',30,0,0,0,0,0,1,NULL),(416,90,'moshe shimon',31,'2017-10-12 07:26:59',1,'\0',4,'evyatar',90,0,0,0,0,0,1,NULL),(417,90,'moshe shimon',31,'2017-10-12 08:10:37',1,'\0',4,'evyatar',160,0,0,0,0,0,1,NULL),(418,90,'moshe shimon',31,'2017-10-12 08:50:34',1,'\0',6,'marco',160,0,0,0,0,0,1,NULL),(419,88,'OFIR AZANKOT',163,'2017-10-12 11:52:20',1,'\0',12,'ado',120,0,0,0,0,0,1,NULL),(420,89,'ROTEM YOHANANUF',164,'2017-10-12 11:52:57',1,'\0',12,'ado',100,0,0,0,0,0,1,NULL),(421,77,'amitay rahum',260,'2017-10-12 11:56:54',1,'\0',12,'ado',120,0,0,0,0,0,1,NULL),(422,78,'yakir dabas',262,'2017-10-12 11:57:54',1,'\0',12,'ado',120,0,0,0,0,0,1,NULL),(423,77,'amitay rahum',260,'2017-10-12 12:06:06',1,'\0',6,'marco',35,0,0,0,0,0,1,NULL),(424,94,'omer nidam',11,'2017-10-12 12:07:02',1,'\0',4,'evyatar',150,0,0,0,0,0,1,NULL),(425,56,'stav karo',65,'2017-10-12 12:08:19',3,'\0',6,'marco',370,0,0,0,0,0,1,NULL),(426,88,'OFIR AZANKOT',163,'2017-10-12 12:15:20',1,'\0',4,'evyatar',20,0,0,0,0,0,1,NULL),(427,52,'udi lotem',67,'2017-10-12 12:20:21',1,'\0',4,'evyatar',135,0,0,0,0,0,1,NULL),(428,25,'daniel manobela',123,'2017-10-12 12:28:43',1,'\0',4,'evyatar',65,0,0,0,0,0,1,NULL),(429,23,'קובי',115,'2017-10-12 16:05:22',1,'\0',4,'evyatar',100,0,0,0,0,0,1,NULL),(430,9,'haim',95,'2017-10-12 16:33:08',1,'\0',4,'evyatar',150,0,0,0,0,0,1,NULL),(431,67,'jp fd',267,'2017-10-12 16:43:44',1,'\0',4,'evyatar',470,0,0,0,0,0,1,NULL),(432,90,'moshe shimon',31,'2017-10-12 16:57:52',1,'\0',4,'evyatar',920,0,0,0,0,0,1,NULL),(433,94,'omer nidam',11,'2017-10-12 17:23:07',1,'\0',4,'evyatar',120,0,0,0,0,0,1,NULL),(434,95,'ido donky',12,'2017-10-12 17:27:58',1,'\0',4,'evyatar',50,0,0,0,0,0,1,NULL),(435,1,'system',0,'2017-10-12 17:31:17',3,'\0',4,'evyatar',320,0,0,0,0,0,1,NULL),(436,1,'system',0,'2017-10-12 17:32:03',3,'\0',4,'evyatar',80,0,0,0,0,0,1,NULL),(437,1,'system',0,'2017-10-12 17:33:39',3,'\0',4,'evyatar',320,0,0,0,0,0,1,NULL),(438,1,'system',0,'2017-10-12 17:33:53',3,'\0',4,'evyatar',65,0,0,0,0,0,1,NULL),(439,64,'israel biro',129,'2017-10-12 17:45:05',1,'\0',4,'evyatar',180,0,0,0,0,0,1,NULL),(440,1,'system',0,'2017-10-12 18:27:20',3,'\0',12,'ado',300,0,0,0,0,0,1,NULL),(441,1,'system',0,'2017-10-12 18:36:05',3,'\0',15,'kobi',80,0,0,0,0,0,1,NULL),(442,94,'omer nidam',11,'2017-10-12 18:38:11',1,'\0',15,'kobi',40,0,0,0,0,0,1,NULL),(443,1,'system',0,'2017-10-12 18:53:19',3,'',4,'evyatar',1000,0,0,0,0,4,1,NULL),(444,65,'salomon gabiahu',130,'2017-10-12 19:20:30',1,'\0',7,'buba',180,0,0,0,0,0,1,NULL),(445,60,'gnesin alexsander',125,'2017-10-12 19:22:37',1,'\0',7,'buba',220,0,0,0,0,0,1,NULL),(446,1,'system',0,'2017-10-12 19:50:20',3,'\0',7,'buba',150,0,0,0,0,0,1,NULL),(447,90,'moshe shimon',31,'2017-10-12 19:55:11',1,'\0',7,'buba',40,0,0,0,0,0,1,NULL),(448,1,'system',0,'2017-10-12 19:59:20',3,'\0',7,'buba',150,0,0,0,0,0,1,NULL),(449,60,'gnesin alexsander',125,'2017-10-12 20:01:01',1,'\0',7,'buba',100,0,0,0,0,0,1,NULL),(450,1,'system',0,'2017-10-12 20:05:21',3,'\0',7,'buba',305,0,0,0,0,0,1,NULL),(451,1,'system',0,'2017-10-12 20:16:21',3,'\0',7,'buba',265,0,0,0,0,0,1,NULL),(452,1,'system',0,'2017-10-12 20:18:28',3,'\0',7,'buba',35,0,0,0,0,0,1,NULL),(453,67,'jp fd',267,'2017-10-12 20:19:34',1,'\0',7,'buba',140,0,0,0,0,0,1,NULL),(454,96,'odaya kobous',6,'2017-10-12 20:35:20',1,'\0',7,'buba',420,0,0,0,0,0,1,NULL),(455,1,'system',0,'2017-10-12 20:42:13',3,'\0',7,'buba',30,0,0,0,0,0,1,NULL),(456,65,'salomon gabiahu',130,'2017-10-12 20:49:01',1,'\0',7,'buba',40,0,0,0,0,0,1,NULL),(457,94,'omer nidam',11,'2017-10-12 20:50:45',1,'\0',7,'buba',120,0,0,0,0,0,1,NULL),(458,19,'elior buba',83,'2017-10-12 20:59:38',1,'\0',7,'buba',65,0,0,0,0,0,1,NULL),(459,60,'gnesin alexsander',125,'2017-10-12 21:03:10',1,'\0',7,'buba',20,0,0,0,0,0,1,NULL),(460,23,'קובי',115,'2017-10-12 21:07:15',1,'\0',6,'marco',65,0,0,0,0,0,1,NULL),(461,94,'omer nidam',11,'2017-10-12 21:19:41',1,'\0',6,'marco',30,0,0,0,0,0,1,NULL),(462,1,'system',0,'2017-10-12 21:37:55',3,'\0',6,'marco',20,0,0,0,0,0,1,NULL),(463,1,'system',0,'2017-10-12 21:49:58',3,'\0',6,'marco',150,0,0,0,0,0,1,NULL),(464,56,'stav karo',65,'2017-10-12 22:19:48',1,'\0',6,'marco',50,0,0,0,0,0,1,NULL),(465,1,'system',0,'2017-10-12 22:20:19',3,'\0',6,'marco',50,0,0,0,0,0,1,NULL),(466,54,'billi yegudayev',68,'2017-10-12 22:20:41',1,'\0',6,'marco',65,0,0,0,0,0,1,NULL),(467,77,'amitay rahum',253,'2017-10-12 22:40:06',1,'\0',7,'buba',35,0,0,0,0,0,1,NULL),(468,104,'SHIRAN MASICH',70,'2017-10-12 22:44:31',1,'\0',6,'marco',230,0,0,0,0,0,1,NULL),(469,105,'SHANI SUDRI',73,'2017-10-12 22:45:09',1,'\0',6,'marco',120,0,0,0,0,0,1,NULL),(470,1,'system',0,'2017-10-12 22:46:44',3,'\0',6,'marco',200,0,0,0,0,0,1,NULL),(471,94,'omer nidam',11,'2017-10-12 22:49:14',1,'\0',6,'marco',100,0,0,0,0,0,1,NULL),(472,26,'noa hofman',127,'2017-10-12 22:59:56',1,'\0',6,'marco',35,0,0,0,0,0,1,NULL),(473,104,'SHIRAN MASICH',70,'2017-10-12 23:03:39',1,'\0',6,'marco',30,0,0,0,0,0,1,NULL),(474,64,'israel biro',129,'2017-10-12 23:27:14',1,'\0',7,'buba',180,5,900,64,0,0,1,NULL),(475,65,'salomon gabiahu',130,'2017-10-12 23:27:14',1,'\0',7,'buba',180,5,900,64,474,0,1,'Splited with israel biro order #474'),(476,95,'ido donky',12,'2017-10-12 23:27:14',1,'\0',7,'buba',180,5,900,64,474,0,1,'Splited with israel biro order #474'),(477,94,'omer nidam',11,'2017-10-12 23:27:14',1,'\0',7,'buba',180,5,900,64,474,0,1,'Splited with israel biro order #474'),(478,60,'gnesin alexsander',125,'2017-10-12 23:27:14',1,'\0',7,'buba',180,5,900,64,474,0,1,'Splited with israel biro order #474'),(479,100,'dorin hazak',167,'2017-10-12 23:29:16',1,'\0',6,'marco',290,0,0,0,0,0,1,NULL),(480,1,'system',0,'2017-10-12 23:31:46',3,'\0',7,'buba',1060,0,0,0,0,0,1,NULL),(481,91,'itamar gabay',33,'2017-10-12 23:46:29',1,'\0',6,'marco',20,0,0,0,0,0,1,NULL),(482,23,'קובי',115,'2017-10-12 23:50:12',1,'\0',6,'marco',240,0,0,0,0,0,1,NULL),(483,23,'קובי',115,'2017-10-12 23:50:49',1,'\0',6,'marco',40,0,0,0,0,0,1,NULL),(484,94,'omer nidam',11,'2017-10-12 23:52:44',1,'\0',6,'marco',20,0,0,0,0,0,1,NULL),(485,93,'shmuel moshe',34,'2017-10-12 23:58:54',1,'\0',6,'marco',50,0,0,0,0,0,1,NULL),(486,91,'itamar gabay',33,'2017-10-13 00:14:56',1,'\0',6,'marco',50,0,0,0,0,0,1,NULL),(487,1,'system',0,'2017-10-13 00:18:26',3,'\0',6,'marco',85,0,0,0,0,0,1,NULL),(488,94,'omer nidam',11,'2017-10-13 00:21:24',1,'\0',7,'buba',20,0,0,0,0,0,1,NULL),(489,94,'omer nidam',11,'2017-10-13 00:39:15',1,'\0',6,'marco',20,0,0,0,0,0,1,NULL),(490,93,'shmuel moshe',34,'2017-10-13 00:44:08',1,'\0',6,'marco',50,0,0,0,0,0,1,NULL),(491,32,'SUSAN F',228,'2017-10-13 00:58:41',1,'\0',6,'marco',135,0,0,0,0,0,1,NULL),(492,97,'linoy damti',7,'2017-10-13 01:06:21',1,'\0',6,'marco',20,0,0,0,0,0,1,NULL),(493,52,'udi lotem',67,'2017-10-13 01:12:57',1,'\0',6,'marco',240,0,0,0,0,0,1,NULL),(494,32,'SUSAN F',228,'2017-10-13 01:13:54',1,'\0',6,'marco',20,0,0,0,0,0,1,NULL),(495,33,'KEREN leiva',229,'2017-10-13 01:14:09',1,'\0',6,'marco',20,0,0,0,0,0,1,NULL),(496,9,'haim',95,'2017-10-13 01:18:12',1,'\0',6,'marco',120,0,0,0,0,0,1,NULL),(497,93,'shmuel moshe',34,'2017-10-13 01:28:55',1,'\0',6,'marco',50,0,0,0,0,0,1,NULL),(498,95,'ido donky',12,'2017-10-13 01:29:12',1,'\0',7,'buba',50,0,0,0,0,0,1,NULL),(499,52,'udi lotem',67,'2017-10-13 01:34:49',1,'\0',6,'marco',50,0,0,0,0,0,1,NULL),(500,56,'stav karo',65,'2017-10-13 01:37:31',1,'\0',6,'marco',20,0,0,0,0,0,1,NULL),(501,23,'קובי',115,'2017-10-13 01:45:06',1,'\0',6,'marco',65,0,0,0,0,0,1,NULL),(502,99,'NADAV BINYAMIN',17,'2017-10-13 02:13:56',1,'\0',6,'marco',30,0,0,0,0,0,1,NULL),(503,95,'ido donky',12,'2017-10-13 03:31:51',1,'\0',6,'marco',120,0,0,0,0,0,1,NULL),(504,96,'odaya kobous',6,'2017-10-13 03:47:17',1,'\0',6,'marco',20,0,0,0,0,0,1,NULL),(505,54,'billi yegudayev',68,'2017-10-13 03:47:32',1,'\0',6,'marco',20,0,0,0,0,0,1,NULL),(506,95,'ido donky',12,'2017-10-13 03:52:09',1,'\0',6,'marco',120,0,0,0,0,0,1,NULL),(507,104,'SHIRAN MASICH',70,'2017-10-13 03:54:30',1,'\0',6,'marco',50,0,0,0,0,0,1,NULL),(508,105,'SHANI SUDRI',73,'2017-10-13 03:54:48',1,'\0',6,'marco',50,0,0,0,0,0,1,NULL),(509,90,'moshe shimon',31,'2017-10-13 03:58:15',1,'\0',6,'marco',150,0,0,0,0,0,1,NULL),(510,64,'israel biro',129,'2017-10-13 04:03:00',1,'\0',6,'marco',40,0,0,0,0,0,1,NULL),(511,93,'shmuel moshe',34,'2017-10-13 04:06:04',1,'\0',6,'marco',70,0,0,0,0,0,1,NULL),(512,96,'odaya kobous',6,'2017-10-13 04:20:31',1,'\0',6,'marco',180,0,0,0,0,0,1,NULL),(513,1,'system',0,'2017-10-13 04:24:15',3,'\0',6,'marco',40,0,0,0,0,0,1,NULL),(514,91,'itamar gabay',33,'2017-10-13 04:29:57',1,'\0',6,'marco',200,0,0,0,0,0,1,NULL),(515,92,'ram moshe',32,'2017-10-13 04:30:37',1,'\0',6,'marco',200,0,0,0,0,0,1,NULL),(516,53,'avi reuven',69,'2017-10-13 04:38:22',1,'\0',6,'marco',180,0,0,0,0,0,1,NULL),(517,1,'system',0,'2017-10-13 04:41:02',3,'\0',6,'marco',65,0,0,0,0,0,1,NULL),(518,60,'gnesin alexsander',125,'2017-10-13 04:53:19',1,'\0',6,'marco',20,0,0,0,0,0,1,NULL),(519,56,'stav karo',65,'2017-10-13 04:53:39',1,'\0',6,'marco',40,0,0,0,0,0,1,NULL),(520,53,'avi reuven',69,'2017-10-13 04:58:27',1,'\0',6,'marco',30,0,0,0,0,0,1,NULL),(521,93,'shmuel moshe',34,'2017-10-13 05:03:06',1,'\0',6,'marco',200,0,0,0,0,0,1,NULL),(522,95,'ido donky',12,'2017-10-13 05:05:57',1,'\0',6,'marco',20,0,0,0,0,0,1,NULL),(523,54,'billi yegudayev',68,'2017-10-13 05:07:22',1,'\0',6,'marco',65,0,0,0,0,0,1,NULL),(524,54,'billi yegudayev',68,'2017-10-13 05:22:25',1,'\0',6,'marco',240,0,0,0,0,0,1,NULL),(525,93,'shmuel moshe',34,'2017-10-13 05:22:40',1,'\0',6,'marco',30,0,0,0,0,0,1,NULL),(526,92,'ram moshe',32,'2017-10-13 05:36:58',1,'\0',6,'marco',35,0,0,0,0,0,1,NULL),(527,96,'odaya kobous',6,'2017-10-13 10:04:00',1,'\0',4,'evyatar',60,0,0,0,0,0,1,NULL),(528,77,'amitay rahum',253,'2017-10-13 10:18:38',1,'\0',4,'evyatar',60,0,0,0,0,0,1,NULL),(529,77,'amitay rahum',253,'2017-10-13 10:21:46',1,'\0',9,'ruhama',120,0,0,0,0,0,1,NULL),(530,89,'ROTEM YOHANANUF',164,'2017-10-13 10:43:17',1,'\0',4,'evyatar',200,0,0,0,0,0,1,NULL),(531,88,'OFIR AZANKOT',163,'2017-10-13 10:43:57',1,'\0',4,'evyatar',200,0,0,0,0,0,1,NULL),(532,91,'itamar gabay',33,'2017-10-13 10:49:17',1,'\0',4,'evyatar',90,0,0,0,0,0,1,NULL),(533,1,'system',0,'2017-10-13 11:34:30',3,'\0',4,'evyatar',250,0,0,0,0,0,1,NULL),(534,1,'system',0,'2017-10-13 11:42:31',3,'\0',9,'ruhama',120,0,0,0,0,0,1,NULL),(535,94,'omer nidam',11,'2017-10-13 11:53:24',1,'\0',4,'evyatar',135,0,0,0,0,0,1,NULL),(536,1,'system',0,'2017-10-13 12:01:56',3,'\0',9,'ruhama',150,0,0,0,0,0,1,NULL),(537,56,'stav karo',65,'2017-10-13 12:27:09',1,'\0',4,'evyatar',35,0,0,0,0,0,1,NULL),(538,1,'system',0,'2017-10-13 12:28:44',3,'\0',4,'evyatar',150,0,0,0,0,0,1,NULL),(539,1,'system',0,'2017-10-13 12:31:16',3,'\0',4,'evyatar',240,0,0,0,0,0,1,NULL),(540,77,'amitay rahum',253,'2017-10-13 13:03:14',1,'\0',4,'evyatar',120,0,0,0,0,0,1,NULL),(541,90,'moshe shimon',31,'2017-10-13 13:04:30',1,'\0',4,'evyatar',50,0,0,0,0,0,1,NULL),(542,78,'yakir dabas',254,'2017-10-13 13:13:27',1,'\0',14,'akiko',35,0,0,0,0,0,1,NULL),(543,94,'omer nidam',11,'2017-10-13 14:58:17',1,'\0',15,'kobi',35,0,0,0,0,0,1,NULL),(544,19,'elior buba',83,'2017-10-13 15:23:25',1,'\0',7,'buba',100,0,0,0,0,0,1,NULL),(545,26,'noa hofman',127,'2017-10-13 15:37:44',1,'\0',4,'evyatar',200,0,0,0,0,0,1,NULL),(546,90,'moshe shimon',31,'2017-10-13 15:37:55',1,'\0',4,'evyatar',200,0,0,0,0,0,1,NULL),(547,92,'ram moshe',32,'2017-10-13 15:38:02',1,'\0',4,'evyatar',200,0,0,0,0,0,1,NULL),(548,91,'itamar gabay',33,'2017-10-13 15:38:14',1,'\0',4,'evyatar',200,0,0,0,0,0,1,NULL),(549,93,'shmuel moshe',34,'2017-10-13 15:38:27',1,'\0',4,'evyatar',200,0,0,0,0,0,1,NULL),(550,97,'linoy damti',7,'2017-10-13 15:38:39',1,'\0',4,'evyatar',200,0,0,0,0,0,1,NULL),(551,56,'stav karo',65,'2017-10-13 15:39:07',1,'\0',4,'evyatar',200,0,0,0,0,0,1,NULL),(552,52,'udi lotem',67,'2017-10-13 15:39:15',1,'\0',4,'evyatar',200,0,0,0,0,0,1,NULL),(553,54,'billi yegudayev',68,'2017-10-13 15:39:30',1,'\0',4,'evyatar',200,0,0,0,0,0,1,NULL),(554,53,'avi reuven',69,'2017-10-13 15:39:50',1,'\0',4,'evyatar',200,0,0,0,0,0,1,NULL),(555,1,'system',0,'2017-10-13 15:49:22',3,'\0',4,'evyatar',380,0,0,0,0,0,1,NULL),(556,94,'omer nidam',11,'2017-10-13 16:04:19',1,'\0',7,'buba',20,0,0,0,0,0,1,NULL),(557,1,'system',0,'2017-10-13 16:13:33',3,'\0',4,'evyatar',180,0,0,0,0,0,1,NULL),(558,53,'avi reuven',69,'2017-10-13 16:17:38',1,'\0',4,'evyatar',515,0,0,0,0,0,1,NULL),(559,90,'moshe shimon',31,'2017-10-13 16:22:08',1,'\0',4,'evyatar',790,0,0,0,0,0,1,NULL),(560,95,'ido donky',12,'2017-10-13 16:31:59',1,'\0',7,'buba',35,0,0,0,0,0,1,NULL),(561,1,'system',0,'2017-10-13 16:56:49',3,'\0',4,'evyatar',100,0,0,0,0,0,1,NULL),(562,54,'billi yegudayev',68,'2017-10-13 17:03:13',1,'\0',4,'evyatar',20,0,0,0,0,0,1,NULL),(563,90,'moshe shimon',31,'2017-10-13 17:04:39',1,'\0',4,'evyatar',170,0,0,0,0,0,1,NULL),(564,19,'elior buba',83,'2017-10-13 17:05:31',1,'\0',4,'evyatar',80,0,0,0,0,0,1,NULL),(565,19,'elior buba',83,'2017-10-13 17:06:00',1,'\0',4,'evyatar',80,0,0,0,0,0,1,NULL),(566,9,'haim',95,'2017-10-13 17:12:27',1,'\0',4,'evyatar',150,0,0,0,0,0,1,NULL),(567,52,'udi lotem',67,'2017-10-13 17:54:55',1,'\0',7,'buba',20,0,0,0,0,0,1,NULL),(568,96,'odaya kobous',6,'2017-10-13 18:13:21',1,'\0',12,'ado',20,0,0,0,0,0,1,NULL),(569,94,'omer nidam',11,'2017-10-13 18:46:59',1,'\0',4,'evyatar',200,0,0,0,0,0,1,NULL),(570,1,'system',0,'2017-10-13 18:54:11',3,'\0',4,'evyatar',20,0,0,0,0,0,1,NULL),(571,64,'israel biro',129,'2017-10-13 19:20:20',1,'\0',4,'evyatar',130,0,0,0,0,0,1,NULL),(572,64,'israel biro',129,'2017-10-13 19:20:35',1,'\0',4,'evyatar',50,0,0,0,0,0,1,NULL),(573,60,'gnesin alexsander',125,'2017-10-13 19:20:51',1,'\0',4,'evyatar',20,0,0,0,0,0,1,NULL),(574,94,'omer nidam',11,'2017-10-13 19:57:53',1,'\0',7,'buba',65,0,0,0,0,0,1,NULL),(575,90,'moshe shimon',31,'2017-10-13 21:40:00',1,'\0',6,'marco',40,0,0,0,0,0,1,NULL),(576,91,'itamar gabay',33,'2017-10-13 21:40:11',1,'\0',6,'marco',40,0,0,0,0,0,1,NULL),(577,93,'shmuel moshe',34,'2017-10-13 21:40:24',1,'\0',6,'marco',50,0,0,0,0,0,1,NULL),(578,108,'SHAHAR LEVI',18,'2017-10-13 21:52:06',1,'\0',7,'buba',140,0,0,0,0,0,1,NULL),(579,94,'omer nidam',11,'2017-10-13 22:01:10',1,'\0',7,'buba',20,0,0,0,0,0,1,NULL),(580,96,'odaya kobous',6,'2017-10-13 22:09:56',1,'\0',6,'marco',100,0,0,0,0,0,1,NULL),(581,97,'linoy damti',7,'2017-10-13 22:10:10',1,'\0',6,'marco',100,0,0,0,0,0,1,NULL),(582,94,'omer nidam',11,'2017-10-13 22:23:19',1,'\0',4,'evyatar',243,7,1700,94,0,0,1,NULL),(583,65,'salomon gabiahu',130,'2017-10-13 22:23:19',1,'\0',4,'evyatar',243,7,1700,94,582,0,1,'Splited with omer nidam order #582'),(584,52,'udi lotem',67,'2017-10-13 22:23:19',1,'\0',4,'evyatar',243,7,1700,94,582,0,1,'Splited with omer nidam order #582'),(585,53,'avi reuven',69,'2017-10-13 22:23:19',1,'\0',4,'evyatar',243,7,1700,94,582,0,1,'Splited with omer nidam order #582'),(586,54,'billi yegudayev',68,'2017-10-13 22:23:19',1,'\0',4,'evyatar',243,7,1700,94,582,0,1,'Splited with omer nidam order #582'),(587,96,'odaya kobous',6,'2017-10-13 22:23:19',1,'\0',4,'evyatar',243,7,1700,94,582,0,1,'Splited with omer nidam order #582'),(588,97,'linoy damti',7,'2017-10-13 22:23:19',1,'\0',4,'evyatar',243,7,1700,94,582,0,1,'Splited with omer nidam order #582'),(589,94,'omer nidam',11,'2017-10-13 22:25:35',1,'\0',4,'evyatar',1700,0,0,0,0,0,1,NULL),(590,1,'system',0,'2017-10-13 22:32:03',3,'\0',6,'marco',120,0,0,0,0,0,1,NULL),(591,1,'system',0,'2017-10-13 22:33:46',3,'\0',6,'marco',65,0,0,0,0,0,1,NULL),(592,1,'system',0,'2017-10-13 23:05:11',3,'\0',6,'marco',20,0,0,0,0,0,1,NULL),(593,108,'SHAHAR LEVI',18,'2017-10-13 23:05:43',1,'\0',6,'marco',55,0,0,0,0,0,1,NULL),(594,96,'odaya kobous',6,'2017-10-13 23:12:35',1,'\0',6,'marco',20,0,0,0,0,0,1,NULL),(595,95,'ido donky',12,'2017-10-13 23:15:17',1,'\0',6,'marco',50,0,0,0,0,0,1,NULL),(596,96,'odaya kobous',6,'2017-10-13 23:15:39',1,'\0',6,'marco',100,0,0,0,0,0,1,NULL),(597,96,'odaya kobous',6,'2017-10-13 23:27:40',1,'\0',6,'marco',0,0,0,0,0,0,1,NULL),(598,97,'linoy damti',7,'2017-10-13 23:27:57',1,'\0',6,'marco',0,0,0,0,0,0,1,NULL),(599,95,'ido donky',12,'2017-10-13 23:29:27',1,'\0',6,'marco',35,0,0,0,0,0,1,NULL),(600,96,'odaya kobous',6,'2017-10-13 23:40:42',1,'\0',6,'marco',0,0,0,0,0,0,1,NULL),(601,97,'linoy damti',7,'2017-10-13 23:40:59',1,'\0',6,'marco',0,0,0,0,0,0,1,NULL),(602,25,'daniel manobela',123,'2017-10-14 00:00:27',1,'\0',6,'marco',100,0,0,0,0,0,1,NULL),(603,106,'YAN FRIDAN',16,'2017-10-14 00:19:27',1,'\0',6,'marco',40,0,0,0,0,0,1,NULL),(604,94,'omer nidam',11,'2017-10-14 00:34:26',1,'\0',6,'marco',220,0,0,0,0,0,1,NULL),(605,105,'SHANI SUDRI',73,'2017-10-14 00:37:04',1,'\0',7,'buba',0,0,0,0,0,0,1,NULL),(606,9,'haim',95,'2017-10-14 00:38:55',1,'\0',6,'marco',50,0,0,0,0,0,1,NULL),(607,1,'system',0,'2017-10-14 00:41:08',3,'\0',7,'buba',480,0,0,0,0,0,1,NULL),(608,54,'billi yegudayev',68,'2017-10-14 00:41:47',1,'\0',7,'buba',100,0,0,0,0,0,1,NULL),(609,94,'omer nidam',11,'2017-10-14 01:05:39',1,'\0',6,'marco',100,0,0,0,0,0,1,NULL),(610,9,'haim',95,'2017-10-14 01:08:48',1,'\0',6,'marco',150,0,0,0,0,0,1,NULL),(611,9,'haim',95,'2017-10-14 01:22:48',1,'\0',6,'marco',50,0,0,0,0,0,1,NULL),(612,52,'udi lotem',67,'2017-10-14 01:25:52',1,'\0',6,'marco',120,0,0,0,0,0,1,NULL),(613,100,'dorin hazak',167,'2017-10-14 01:48:50',1,'\0',6,'marco',160,0,0,0,0,0,1,NULL),(614,64,'israel biro',129,'2017-10-14 01:59:33',1,'\0',6,'marco',120,0,0,0,0,0,1,NULL),(615,65,'salomon gabiahu',130,'2017-10-14 01:59:50',1,'\0',6,'marco',120,0,0,0,0,0,1,NULL),(616,19,'elior buba',83,'2017-10-14 02:17:57',1,'\0',7,'buba',65,0,0,0,0,0,1,NULL),(617,93,'shmuel moshe',34,'2017-10-14 02:20:47',1,'\0',6,'marco',50,0,0,0,0,0,1,NULL),(618,93,'shmuel moshe',34,'2017-10-14 02:22:32',1,'\0',15,'kobi',40,0,0,0,0,0,1,NULL),(619,93,'shmuel moshe',34,'2017-10-14 02:22:55',1,'\0',15,'kobi',40,0,0,0,0,0,1,NULL),(620,92,'ram moshe',32,'2017-10-14 02:31:40',1,'\0',6,'marco',35,0,0,0,0,0,1,NULL),(621,1,'system',0,'2017-10-14 02:40:29',3,'\0',6,'marco',50,0,0,0,0,0,1,NULL),(622,1,'system',0,'2017-10-14 02:56:26',3,'\0',6,'marco',70,0,0,0,0,0,1,NULL),(623,1,'system',0,'2017-10-14 03:11:24',3,'\0',6,'marco',240,0,0,0,0,0,1,NULL),(624,96,'odaya kobous',6,'2017-10-14 03:28:52',1,'\0',6,'marco',160,0,0,0,0,0,1,NULL),(625,64,'israel biro',129,'2017-10-14 03:37:28',1,'\0',6,'marco',120,0,0,0,0,0,1,NULL),(626,65,'salomon gabiahu',130,'2017-10-14 03:37:41',1,'\0',6,'marco',120,0,0,0,0,0,1,NULL),(627,1,'system',0,'2017-10-14 03:50:38',3,'\0',6,'marco',65,0,0,0,0,0,1,NULL),(628,96,'odaya kobous',6,'2017-10-14 03:50:49',1,'\0',6,'marco',20,0,0,0,0,0,1,NULL),(629,1,'system',0,'2017-10-14 05:31:26',3,'\0',6,'marco',130,0,0,0,0,0,1,NULL),(630,26,'noa hofman',127,'2017-10-14 09:48:22',1,'\0',12,'ado',30,0,0,0,0,0,1,NULL),(631,60,'gnesin alexsander',125,'2017-10-14 09:50:07',1,'\0',12,'ado',20,0,0,0,0,0,1,NULL),(632,92,'ram moshe',32,'2017-10-14 09:51:27',1,'\0',12,'ado',30,0,0,0,0,0,1,NULL),(633,96,'odaya kobous',6,'2017-10-14 09:54:55',1,'\0',12,'ado',20,0,0,0,0,0,1,NULL),(634,109,'KIMHI GAL',45,'2017-10-14 10:57:38',1,'\0',12,'ado',40,0,0,0,0,0,1,NULL),(635,1,'system',0,'2017-10-14 11:15:19',3,'\0',12,'ado',165,0,0,0,0,0,1,NULL),(636,1,'system',0,'2017-10-14 11:33:02',3,'\0',12,'ado',195,0,0,0,0,0,1,NULL),(637,78,'yakir dabas',254,'2017-10-14 11:59:34',1,'\0',15,'kobi',140,0,0,0,0,0,1,NULL),(638,78,'yakir dabas',254,'2017-10-14 12:04:04',1,'\0',15,'kobi',35,0,0,0,0,0,1,NULL),(639,78,'yakir dabas',254,'2017-10-14 12:10:02',1,'\0',15,'kobi',35,0,0,0,0,0,1,NULL),(640,95,'ido donky',12,'2017-10-14 13:16:20',1,'\0',12,'ado',140,0,0,0,0,0,1,NULL),(641,52,'udi lotem',67,'2017-10-14 13:26:12',1,'\0',15,'kobi',600,0,0,0,0,0,1,NULL),(642,65,'salomon gabiahu',130,'2017-10-14 13:37:24',1,'\0',15,'kobi',20,0,0,0,0,0,1,NULL),(643,23,'קובי',115,'2017-10-14 13:44:54',1,'\0',15,'kobi',65,0,0,0,0,0,1,NULL),(644,25,'daniel manobela',123,'2017-10-14 14:05:38',1,'\0',12,'ado',30,0,0,0,0,0,1,NULL),(645,78,'yakir dabas',254,'2017-10-14 14:06:21',1,'\0',12,'ado',140,0,0,0,0,0,1,NULL),(646,104,'SHIRAN MASICH',70,'2017-10-14 14:11:02',1,'\0',12,'ado',30,0,0,0,0,0,1,NULL),(647,105,'SHANI SUDRI',73,'2017-10-14 14:11:27',1,'\0',12,'ado',30,0,0,0,0,0,1,NULL),(648,78,'yakir dabas',254,'2017-10-14 14:12:46',1,'\0',12,'ado',35,0,0,0,0,0,1,NULL),(649,104,'SHIRAN MASICH',70,'2017-10-14 14:13:27',1,'\0',12,'ado',35,0,0,0,0,0,1,NULL),(650,1,'system',0,'2017-10-14 15:01:17',3,'\0',12,'ado',30,0,0,0,0,0,1,NULL),(651,23,'קובי',115,'2017-10-14 15:05:53',1,'\0',12,'ado',150,0,0,0,0,0,1,NULL),(652,104,'SHIRAN MASICH',70,'2017-10-14 15:54:23',1,'\0',12,'ado',35,0,0,0,0,0,1,NULL),(653,105,'SHANI SUDRI',73,'2017-10-14 15:54:58',1,'\0',12,'ado',35,0,0,0,0,0,1,NULL),(654,65,'salomon gabiahu',130,'2017-10-14 16:19:56',1,'\0',12,'ado',120,0,0,0,0,0,1,NULL),(655,65,'salomon gabiahu',130,'2017-10-14 16:28:39',1,'\0',15,'kobi',30,0,0,0,0,0,1,NULL),(656,109,'KIMHI GAL',45,'2017-10-14 17:18:51',1,'\0',12,'ado',20,0,0,0,0,0,1,NULL),(657,1,'system',0,'2017-10-14 17:23:38',3,'\0',7,'buba',180,0,0,0,0,0,1,NULL),(658,97,'linoy damti',7,'2017-10-14 17:49:31',1,'\0',15,'kobi',180,0,0,0,0,0,1,NULL),(659,96,'odaya kobous',6,'2017-10-14 17:50:51',1,'\0',15,'kobi',150,0,0,0,0,0,1,NULL),(660,93,'shmuel moshe',34,'2017-10-14 17:54:35',1,'\0',15,'kobi',50,0,0,0,0,0,1,NULL),(661,93,'shmuel moshe',34,'2017-10-14 18:05:47',1,'\0',15,'kobi',200,0,0,0,0,0,1,NULL),(662,54,'billi yegudayev',68,'2017-10-14 18:06:43',1,'\0',15,'kobi',65,0,0,0,0,0,1,NULL),(663,92,'ram moshe',32,'2017-10-14 18:07:11',1,'\0',15,'kobi',200,0,0,0,0,0,1,NULL),(664,26,'noa hofman',127,'2017-10-14 18:08:17',1,'',15,'kobi',100,0,0,0,0,15,1,NULL),(665,26,'noa hofman',127,'2017-10-14 18:11:39',1,'\0',15,'kobi',180,0,0,0,0,0,1,NULL),(666,96,'odaya kobous',6,'2017-10-14 18:12:11',1,'\0',15,'kobi',40,0,0,0,0,0,1,NULL),(667,23,'קובי',115,'2017-10-14 18:13:49',1,'\0',15,'kobi',120,0,0,0,0,0,1,NULL),(668,52,'udi lotem',67,'2017-10-14 18:20:46',1,'\0',12,'ado',20,0,0,0,0,0,1,NULL),(669,90,'moshe shimon',31,'2017-10-14 18:23:51',1,'\0',15,'kobi',690,0,0,0,0,0,1,NULL),(670,93,'shmuel moshe',34,'2017-10-14 18:28:28',1,'\0',15,'kobi',30,0,0,0,0,0,1,NULL),(671,93,'shmuel moshe',34,'2017-10-14 18:28:46',1,'\0',15,'kobi',30,0,0,0,0,0,1,NULL),(672,65,'salomon gabiahu',130,'2017-10-14 18:33:32',1,'\0',15,'kobi',70,0,0,0,0,0,1,NULL),(673,91,'itamar gabay',33,'2017-10-14 18:52:30',1,'\0',12,'ado',35,0,0,0,0,0,1,NULL),(674,92,'ram moshe',32,'2017-10-14 18:52:54',1,'\0',12,'ado',35,0,0,0,0,0,1,NULL),(675,90,'moshe shimon',31,'2017-10-14 18:54:52',1,'\0',12,'ado',35,0,0,0,0,0,1,NULL),(676,104,'SHIRAN MASICH',70,'2017-10-14 19:05:20',1,'\0',7,'buba',200,0,0,0,0,0,1,NULL),(677,105,'SHANI SUDRI',73,'2017-10-14 19:06:25',1,'\0',7,'buba',400,0,0,0,0,0,1,NULL),(678,109,'KIMHI GAL',45,'2017-10-14 19:24:34',1,'\0',12,'ado',40,0,0,0,0,0,1,NULL),(679,104,'SHIRAN MASICH',70,'2017-10-14 19:24:54',1,'\0',12,'ado',30,0,0,0,0,0,1,NULL),(680,54,'billi yegudayev',68,'2017-10-14 19:27:18',1,'\0',12,'ado',150,0,0,0,0,0,1,NULL),(681,9,'haim',95,'2017-10-14 20:08:56',1,'\0',6,'marco',285,0,0,0,0,0,1,NULL),(682,9,'haim',95,'2017-10-14 20:09:17',1,'\0',6,'marco',90,0,0,0,0,0,1,NULL),(683,91,'itamar gabay',33,'2017-10-14 20:17:34',1,'\0',6,'marco',80,0,0,0,0,0,1,NULL),(684,33,'KEREN leiva',229,'2017-10-14 20:20:54',1,'\0',6,'marco',185,0,0,0,0,0,1,NULL),(685,32,'SUSAN F',228,'2017-10-14 20:21:36',1,'\0',6,'marco',185,0,0,0,0,0,1,NULL),(686,32,'SUSAN F',228,'2017-10-14 20:49:18',1,'\0',6,'marco',30,0,0,0,0,0,1,NULL),(687,108,'SHAHAR LEVI',18,'2017-10-14 21:10:50',1,'\0',6,'marco',250,0,0,0,0,0,1,NULL),(688,54,'billi yegudayev',68,'2017-10-14 21:25:24',1,'\0',6,'marco',50,0,0,0,0,0,1,NULL),(689,52,'udi lotem',67,'2017-10-14 21:27:22',1,'\0',7,'buba',150,0,0,0,0,0,1,NULL),(690,65,'salomon gabiahu',130,'2017-10-14 21:28:30',1,'\0',7,'buba',35,0,0,0,0,0,1,NULL),(691,110,'NADAV BINYAMIN',13,'2017-10-14 21:33:02',1,'\0',6,'marco',100,0,0,0,0,0,1,NULL),(692,26,'noa hofman',127,'2017-10-14 21:36:50',1,'\0',6,'marco',100,0,0,0,0,0,1,NULL),(693,110,'NADAV BINYAMIN',13,'2017-10-14 21:39:57',1,'\0',6,'marco',30,0,0,0,0,0,1,NULL),(694,64,'israel biro',129,'2017-10-14 21:47:04',1,'\0',6,'marco',150,0,0,0,0,0,1,NULL),(695,52,'udi lotem',67,'2017-10-14 21:49:34',1,'\0',7,'buba',30,0,0,0,0,0,1,NULL),(696,33,'KEREN leiva',229,'2017-10-14 22:16:47',1,'\0',6,'marco',20,0,0,0,0,0,1,NULL),(697,9,'haim',95,'2017-10-14 22:23:16',1,'\0',6,'marco',50,0,0,0,0,0,1,NULL),(698,77,'amitay rahum',253,'2017-10-14 22:49:42',1,'\0',15,'kobi',400,0,0,0,0,0,1,NULL),(699,109,'KIMHI GAL',45,'2017-10-14 22:51:37',1,'\0',15,'kobi',150,0,0,0,0,0,1,NULL),(700,65,'salomon gabiahu',130,'2017-10-14 22:53:50',1,'\0',6,'marco',65,0,0,0,0,0,1,NULL),(701,52,'udi lotem',67,'2017-10-14 22:56:38',1,'\0',6,'marco',120,0,0,0,0,0,1,NULL),(702,54,'billi yegudayev',68,'2017-10-14 23:11:42',1,'\0',6,'marco',120,0,0,0,0,0,1,NULL),(703,78,'yakir dabas',254,'2017-10-14 23:12:37',1,'\0',6,'marco',30,0,0,0,0,0,1,NULL),(704,64,'israel biro',129,'2017-10-14 23:15:52',1,'\0',6,'marco',120,0,0,0,0,0,1,NULL),(705,109,'KIMHI GAL',45,'2017-10-14 23:20:21',1,'\0',6,'marco',120,0,0,0,0,0,1,NULL),(706,92,'ram moshe',32,'2017-10-14 23:26:27',1,'\0',6,'marco',1250,0,0,0,0,0,1,NULL),(707,97,'linoy damti',7,'2017-10-14 23:31:47',1,'\0',6,'marco',35,0,0,0,0,0,1,NULL),(708,77,'amitay rahum',253,'2017-10-14 23:34:32',1,'\0',6,'marco',65,0,0,0,0,0,1,NULL),(709,105,'SHANI SUDRI',73,'2017-10-14 23:35:00',1,'\0',6,'marco',30,0,0,0,0,0,1,NULL),(710,52,'udi lotem',67,'2017-10-14 23:36:34',1,'\0',6,'marco',120,0,0,0,0,0,1,NULL),(711,97,'linoy damti',7,'2017-10-14 23:41:30',1,'\0',6,'marco',55,0,0,0,0,0,1,NULL),(712,109,'KIMHI GAL',45,'2017-10-14 23:44:17',1,'\0',6,'marco',120,0,0,0,0,0,1,NULL),(713,91,'itamar gabay',33,'2017-10-14 23:44:40',1,'\0',6,'marco',20,0,0,0,0,0,1,NULL),(714,93,'shmuel moshe',34,'2017-10-14 23:44:51',1,'\0',6,'marco',20,0,0,0,0,0,1,NULL),(715,95,'ido donky',12,'2017-10-14 23:49:56',1,'\0',6,'marco',80,0,0,0,0,0,1,NULL),(716,1,'system',0,'2017-10-14 23:50:10',3,'\0',6,'marco',160,0,0,0,0,0,1,NULL),(717,112,'g bee',267,'2017-10-15 00:13:43',1,'\0',6,'marco',240,0,0,0,0,0,1,NULL),(718,1,'system',0,'2017-10-15 00:21:57',3,'\0',6,'marco',672,0,0,0,0,0,1,NULL),(719,64,'israel biro',129,'2017-10-15 00:26:07',1,'\0',6,'marco',120,0,0,0,0,0,1,NULL),(720,93,'shmuel moshe',34,'2017-10-15 00:26:17',1,'\0',6,'marco',120,0,0,0,0,0,1,NULL),(721,19,'elior buba',83,'2017-10-15 00:29:51',1,'\0',6,'marco',65,0,0,0,0,0,1,NULL),(722,90,'moshe shimon',31,'2017-10-15 00:55:53',1,'\0',6,'marco',120,0,0,0,0,0,1,NULL),(723,52,'udi lotem',67,'2017-10-15 00:57:45',1,'\0',6,'marco',120,0,0,0,0,0,1,NULL),(724,91,'itamar gabay',33,'2017-10-15 01:25:09',1,'\0',6,'marco',40,0,0,0,0,0,1,NULL),(725,107,'SHIR ELIYAHU',17,'2017-10-15 01:29:26',1,'\0',6,'marco',20,0,0,0,0,0,1,NULL),(726,64,'israel biro',129,'2017-10-15 01:29:42',1,'\0',6,'marco',120,0,0,0,0,0,1,NULL),(727,90,'moshe shimon',31,'2017-10-15 01:29:55',1,'\0',6,'marco',120,0,0,0,0,0,1,NULL),(728,54,'billi yegudayev',68,'2017-10-15 01:35:50',1,'\0',6,'marco',65,0,0,0,0,0,1,NULL),(729,65,'salomon gabiahu',130,'2017-10-15 02:18:41',1,'\0',6,'marco',35,0,0,0,0,0,1,NULL),(730,1,'system',0,'2017-10-15 03:10:05',3,'\0',6,'marco',185,0,0,0,0,0,1,NULL),(731,92,'ram moshe',32,'2017-10-15 03:44:27',1,'\0',6,'marco',230,0,0,0,0,0,1,NULL),(732,90,'moshe shimon',31,'2017-10-15 03:45:27',1,'\0',6,'marco',230,0,0,0,0,0,1,NULL),(733,110,'NADAV BINYAMIN',13,'2017-10-15 03:47:13',1,'\0',6,'marco',200,0,0,0,0,0,1,NULL),(734,54,'billi yegudayev',68,'2017-10-15 03:48:44',1,'\0',6,'marco',120,0,0,0,0,0,1,NULL),(735,96,'odaya kobous',6,'2017-10-15 03:54:23',1,'\0',6,'marco',150,0,0,0,0,0,1,NULL),(736,64,'israel biro',129,'2017-10-15 03:55:54',1,'\0',6,'marco',40,0,0,0,0,0,1,NULL),(737,95,'ido donky',12,'2017-10-15 03:59:43',1,'\0',6,'marco',120,0,0,0,0,0,1,NULL),(738,1,'system',0,'2017-10-15 04:03:01',3,'\0',6,'marco',80,0,0,0,0,0,1,NULL),(739,110,'NADAV BINYAMIN',13,'2017-10-15 04:10:01',1,'\0',6,'marco',60,0,0,0,0,0,1,NULL),(740,104,'SHIRAN MASICH',70,'2017-10-15 04:14:09',1,'\0',15,'kobi',150,0,0,0,0,0,1,NULL),(741,93,'shmuel moshe',34,'2017-10-15 04:16:45',1,'\0',15,'kobi',200,0,0,0,0,0,1,NULL),(742,90,'moshe shimon',31,'2017-10-15 04:17:55',1,'\0',6,'marco',40,0,0,0,0,0,1,NULL),(743,1,'system',0,'2017-10-15 04:19:17',3,'\0',6,'marco',270,0,0,0,0,0,1,NULL),(744,96,'odaya kobous',6,'2017-10-15 04:20:31',1,'\0',15,'kobi',20,0,0,0,0,0,1,NULL),(745,91,'itamar gabay',33,'2017-10-15 04:21:15',1,'\0',15,'kobi',80,0,0,0,0,0,1,NULL),(746,97,'linoy damti',7,'2017-10-15 04:35:19',1,'\0',6,'marco',150,0,0,0,0,0,1,NULL),(747,96,'odaya kobous',6,'2017-10-15 04:37:58',1,'\0',15,'kobi',15,0,0,0,0,0,1,NULL),(748,92,'ram moshe',32,'2017-10-15 04:38:14',1,'\0',15,'kobi',30,0,0,0,0,0,1,NULL),(749,1,'system',0,'2017-10-15 04:55:07',3,'\0',15,'kobi',350,0,0,0,0,0,1,NULL),(750,95,'ido donky',12,'2017-10-15 04:56:43',1,'\0',15,'kobi',35,0,0,0,0,0,1,NULL),(751,1,'system',0,'2017-10-15 05:05:53',3,'\0',6,'marco',210,0,0,0,0,0,1,NULL),(752,92,'ram moshe',32,'2017-10-15 05:10:25',1,'\0',6,'marco',20,0,0,0,0,0,1,NULL),(753,64,'israel biro',129,'2017-10-15 05:46:27',1,'\0',6,'marco',65,0,0,0,0,0,1,NULL),(754,107,'SHIR ELIYAHU',17,'2017-10-15 06:32:42',1,'\0',6,'marco',40,0,0,0,0,0,1,NULL),(755,53,'avi reuven',69,'2017-10-15 06:57:06',1,'\0',6,'marco',380,0,0,0,0,0,1,NULL),(756,109,'KIMHI GAL',45,'2017-10-15 09:38:21',1,'\0',4,'evyatar',20,0,0,0,0,0,1,NULL),(757,25,'daniel manobela',123,'2017-10-15 09:38:31',1,'\0',6,'marco',30,0,0,0,0,0,1,NULL),(758,107,'SHIR ELIYAHU',17,'2017-10-15 10:17:46',1,'\0',4,'evyatar',30,0,0,0,0,0,1,NULL),(759,107,'SHIR ELIYAHU',17,'2017-10-15 10:18:44',1,'\0',4,'evyatar',25,0,0,0,0,0,1,NULL),(760,104,'SHIRAN MASICH',70,'2017-10-15 10:42:31',1,'\0',4,'evyatar',60,0,0,0,0,0,1,NULL),(761,109,'KIMHI GAL',45,'2017-10-15 10:53:38',1,'\0',10,'beni',30,0,0,0,0,0,1,NULL),(762,107,'SHIR ELIYAHU',17,'2017-10-15 11:04:39',1,'\0',4,'evyatar',240,0,0,0,0,0,1,NULL),(763,107,'SHIR ELIYAHU',17,'2017-10-15 11:22:40',1,'\0',6,'marco',20,0,0,0,0,0,1,NULL),(764,107,'SHIR ELIYAHU',17,'2017-10-15 11:28:26',1,'\0',4,'evyatar',220,0,0,0,0,0,1,NULL),(765,104,'SHIRAN MASICH',70,'2017-10-15 11:35:47',1,'\0',4,'evyatar',100,0,0,0,0,0,1,NULL),(766,105,'SHANI SUDRI',73,'2017-10-15 11:36:08',1,'\0',4,'evyatar',120,0,0,0,0,0,1,NULL),(767,90,'moshe shimon',31,'2017-10-15 11:43:37',1,'\0',4,'evyatar',100,0,0,0,0,0,1,NULL),(768,110,'NADAV BINYAMIN',13,'2017-10-15 11:59:02',1,'\0',4,'evyatar',120,0,0,0,0,0,1,NULL),(769,90,'moshe shimon',31,'2017-10-15 12:17:16',1,'\0',4,'evyatar',20,0,0,0,0,0,1,NULL),(770,77,'amitay rahum',253,'2017-10-15 12:17:31',1,'\0',4,'evyatar',120,0,0,0,0,0,1,NULL),(771,78,'yakir dabas',254,'2017-10-15 12:39:52',1,'\0',4,'evyatar',145,0,0,0,0,0,1,NULL),(772,112,'g bee',267,'2017-10-15 12:59:56',1,'\0',4,'evyatar',180,0,0,0,0,0,1,NULL),(773,112,'g bee',267,'2017-10-15 13:00:37',1,'\0',4,'evyatar',170,0,0,0,0,0,1,NULL),(774,9,'haim',95,'2017-10-15 13:02:45',1,'\0',4,'evyatar',50,0,0,0,0,0,1,NULL),(775,9,'haim',95,'2017-10-15 14:43:58',3,'\0',4,'evyatar',20,0,0,0,0,0,1,NULL),(776,9,'haim',95,'2017-10-15 14:45:13',1,'\0',4,'evyatar',100,0,0,0,0,0,1,NULL),(777,26,'noa hofman',127,'2017-10-15 14:45:34',1,'\0',4,'evyatar',30,0,0,0,0,0,1,NULL),(778,112,'g bee',267,'2017-10-15 14:59:22',1,'\0',4,'evyatar',600,0,0,0,0,0,1,NULL),(779,116,'yael katz',26,'2017-10-15 15:07:56',1,'',4,'evyatar',200,0,0,0,0,4,1,NULL),(780,117,'noa elbaz',27,'2017-10-15 15:08:08',1,'\0',4,'evyatar',200,0,0,0,0,0,1,NULL),(781,108,'SHAHAR LEVI',18,'2017-10-15 15:50:02',1,'\0',15,'kobi',100,0,0,0,0,0,1,NULL),(782,78,'yakir dabas',254,'2017-10-15 17:49:10',1,'\0',4,'evyatar',1200,0,0,0,0,0,1,NULL),(783,9,'haim',95,'2017-10-15 18:00:06',1,'\0',4,'evyatar',120,0,0,0,0,0,1,NULL),(784,90,'moshe shimon',31,'2017-10-15 18:27:43',1,'\0',12,'ado',40,0,0,0,0,0,1,NULL),(785,33,'KEREN leiva',229,'2017-10-15 19:03:36',1,'\0',12,'ado',20,0,0,0,0,0,1,NULL),(786,108,'SHAHAR LEVI',18,'2017-10-15 19:32:18',1,'\0',15,'kobi',40,0,0,0,0,0,1,NULL),(787,119,'hila meir',164,'2017-10-15 19:53:58',1,'\0',15,'kobi',20,0,0,0,0,0,1,NULL),(788,118,'amit hagai',163,'2017-10-15 19:55:11',1,'\0',15,'kobi',55,0,0,0,0,0,1,NULL),(789,23,'קובי',115,'2017-10-15 20:14:15',1,'\0',15,'kobi',65,0,0,0,0,0,1,NULL),(790,107,'SHIR ELIYAHU',17,'2017-10-15 20:37:12',1,'\0',15,'kobi',80,0,0,0,0,0,1,NULL),(791,90,'moshe shimon',31,'2017-10-15 20:45:56',1,'\0',15,'kobi',40,0,0,0,0,0,1,NULL),(792,33,'KEREN leiva',229,'2017-10-15 20:57:41',1,'\0',15,'kobi',255,0,0,0,0,0,1,NULL),(793,32,'SUSAN F',228,'2017-10-15 21:04:09',1,'\0',15,'kobi',150,0,0,0,0,0,1,NULL),(794,52,'udi lotem',67,'2017-10-15 21:10:18',1,'\0',7,'buba',20,0,0,0,0,0,1,NULL),(795,32,'SUSAN F',228,'2017-10-15 21:18:27',1,'\0',15,'kobi',35,0,0,0,0,0,1,NULL),(796,1,'system',0,'2017-10-15 21:19:31',3,'\0',15,'kobi',185,0,0,0,0,0,1,NULL),(797,117,'noa elbaz',27,'2017-10-15 21:36:24',1,'\0',7,'buba',30,0,0,0,0,0,1,NULL),(798,120,'ELAD MAZOR',167,'2017-10-15 21:38:05',1,'\0',7,'buba',120,0,0,0,0,0,1,NULL),(799,97,'linoy damti',7,'2017-10-15 21:50:36',1,'',15,'kobi',150,0,0,0,0,15,1,NULL),(800,119,'hila meir',164,'2017-10-15 22:02:25',1,'\0',7,'buba',120,0,0,0,0,0,1,NULL),(801,96,'odaya kobous',6,'2017-10-15 22:04:13',1,'\0',7,'buba',20,0,0,0,0,0,1,NULL),(802,90,'moshe shimon',31,'2017-10-15 22:08:53',1,'\0',15,'kobi',150,0,0,0,0,0,1,NULL),(803,118,'amit hagai',163,'2017-10-15 22:10:00',1,'\0',15,'kobi',100,0,0,0,0,0,1,NULL),(804,1,'system',0,'2017-10-15 22:15:34',3,'\0',15,'kobi',65,0,0,0,0,0,1,NULL),(805,109,'KIMHI GAL',45,'2017-10-15 22:25:18',1,'\0',15,'kobi',850,0,0,0,0,0,1,NULL),(806,107,'SHIR ELIYAHU',17,'2017-10-15 22:29:40',1,'\0',15,'kobi',600,0,0,0,0,0,1,NULL),(807,92,'ram moshe',32,'2017-10-15 22:33:29',1,'\0',7,'buba',120,0,0,0,0,0,1,NULL),(808,1,'system',0,'2017-10-15 22:36:24',3,'\0',15,'kobi',150,0,0,0,0,0,1,NULL),(809,1,'system',0,'2017-10-15 22:40:07',3,'\0',7,'buba',120,0,0,0,0,0,1,NULL),(810,1,'system',0,'2017-10-15 22:40:37',3,'\0',7,'buba',40,0,0,0,0,0,1,NULL),(811,120,'ELAD MAZOR',167,'2017-10-15 22:50:20',1,'\0',7,'buba',20,0,0,0,0,0,1,NULL),(812,117,'noa elbaz',27,'2017-10-15 22:52:03',1,'\0',7,'buba',20,0,0,0,0,0,1,NULL),(813,1,'system',0,'2017-10-15 23:19:03',3,'\0',7,'buba',150,0,0,0,0,0,1,NULL),(814,1,'system',0,'2017-10-15 23:24:48',3,'\0',7,'buba',20,0,0,0,0,0,1,NULL),(815,90,'moshe shimon',31,'2017-10-15 23:38:01',1,'\0',7,'buba',80,0,0,0,0,0,1,NULL),(816,113,'OREN HAREL',21,'2017-10-15 23:38:50',1,'\0',7,'buba',150,0,0,0,0,0,1,NULL),(817,109,'KIMHI GAL',45,'2017-10-16 00:08:53',1,'\0',7,'buba',50,0,0,0,0,0,1,NULL),(818,90,'moshe shimon',31,'2017-10-16 00:21:53',1,'\0',7,'buba',65,0,0,0,0,0,1,NULL),(819,90,'moshe shimon',31,'2017-10-16 00:43:44',1,'\0',7,'buba',80,0,0,0,0,0,1,NULL),(820,92,'ram moshe',32,'2017-10-16 00:44:50',1,'\0',7,'buba',120,0,0,0,0,0,1,NULL),(821,1,'system',0,'2017-10-16 00:46:19',3,'\0',7,'buba',175,0,0,0,0,0,1,NULL),(822,119,'hila meir',164,'2017-10-16 00:52:06',1,'\0',7,'buba',40,0,0,0,0,0,1,NULL),(823,118,'amit hagai',163,'2017-10-16 00:52:28',1,'\0',7,'buba',40,0,0,0,0,0,1,NULL),(824,1,'system',0,'2017-10-16 01:21:57',3,'\0',7,'buba',70,0,0,0,0,0,1,NULL),(825,23,'קובי',115,'2017-10-16 01:29:15',1,'\0',7,'buba',65,0,0,0,0,0,1,NULL),(826,52,'udi lotem',67,'2017-10-16 01:40:12',1,'\0',7,'buba',20,0,0,0,0,0,1,NULL),(827,109,'KIMHI GAL',45,'2017-10-16 02:01:42',1,'\0',15,'kobi',20,0,0,0,0,0,1,NULL),(828,108,'SHAHAR LEVI',18,'2017-10-16 02:27:38',1,'\0',15,'kobi',100,0,0,0,0,0,1,NULL),(829,92,'ram moshe',32,'2017-10-16 02:32:54',1,'\0',15,'kobi',35,0,0,0,0,0,1,NULL),(830,92,'ram moshe',32,'2017-10-16 02:34:15',1,'\0',15,'kobi',150,0,0,0,0,0,1,NULL),(831,90,'moshe shimon',31,'2017-10-16 02:35:38',1,'\0',15,'kobi',200,0,0,0,0,0,1,NULL),(832,90,'moshe shimon',31,'2017-10-16 03:05:51',1,'\0',15,'kobi',120,0,0,0,0,0,1,NULL),(833,90,'moshe shimon',31,'2017-10-16 03:06:19',1,'\0',15,'kobi',120,0,0,0,0,0,1,NULL),(834,91,'itamar gabay',33,'2017-10-16 03:06:32',1,'\0',15,'kobi',120,0,0,0,0,0,1,NULL),(835,93,'shmuel moshe',34,'2017-10-16 03:06:42',1,'\0',15,'kobi',120,0,0,0,0,0,1,NULL),(836,119,'hila meir',164,'2017-10-16 03:07:15',1,'\0',15,'kobi',20,0,0,0,0,0,1,NULL),(837,90,'moshe shimon',31,'2017-10-16 03:11:06',1,'\0',15,'kobi',155,0,0,0,0,0,1,NULL),(838,91,'itamar gabay',33,'2017-10-16 04:14:34',1,'\0',15,'kobi',20,0,0,0,0,0,1,NULL),(839,23,'קובי',115,'2017-10-16 04:16:19',1,'\0',15,'kobi',120,0,0,0,0,0,1,NULL),(840,1,'system',0,'2017-10-16 04:26:42',3,'\0',15,'kobi',720,0,0,0,0,0,1,NULL),(841,23,'קובי',115,'2017-10-16 04:56:03',1,'\0',15,'kobi',65,0,0,0,0,0,1,NULL),(842,1,'system',0,'2017-10-16 05:07:05',3,'\0',15,'kobi',385,0,0,0,0,0,1,NULL),(843,113,'OREN HAREL',21,'2017-10-16 06:08:01',1,'\0',15,'kobi',35,0,0,0,0,0,1,NULL),(844,117,'noa elbaz',27,'2017-10-16 06:54:58',1,'\0',15,'kobi',20,0,0,0,0,0,1,NULL),(845,119,'hila meir',164,'2017-10-16 06:55:47',1,'\0',15,'kobi',35,0,0,0,0,0,1,NULL),(846,118,'amit hagai',163,'2017-10-16 06:56:55',1,'\0',15,'kobi',60,0,0,0,0,0,1,NULL),(847,23,'קובי',115,'2017-10-16 06:57:22',1,'\0',15,'kobi',120,0,0,0,0,0,1,NULL),(848,109,'KIMHI GAL',45,'2017-10-16 07:32:53',1,'\0',4,'evyatar',30,0,0,0,0,0,1,NULL),(849,109,'KIMHI GAL',45,'2017-10-16 07:55:01',1,'\0',4,'evyatar',120,0,0,0,0,0,1,NULL),(850,96,'odaya kobous',6,'2017-10-16 08:00:05',1,'\0',4,'evyatar',80,0,0,0,0,0,1,NULL),(851,120,'ELAD MAZOR',167,'2017-10-16 10:30:55',1,'\0',4,'evyatar',280,0,0,0,0,0,1,NULL),(852,1,'system',0,'2017-10-16 10:38:30',3,'\0',9,'ruhama',220,0,0,0,0,0,1,NULL),(853,1,'system',0,'2017-10-16 10:40:14',3,'\0',9,'ruhama',150,0,0,0,0,0,1,NULL),(854,1,'system',0,'2017-10-16 10:41:46',3,'\0',9,'ruhama',275,0,0,0,0,0,1,NULL),(855,54,'billi yegudayev',68,'2017-10-16 10:47:08',1,'\0',4,'evyatar',30,0,0,0,0,0,1,NULL),(856,1,'system',0,'2017-10-16 10:59:36',3,'\0',9,'ruhama',90,0,0,0,0,0,1,NULL),(857,97,'linoy damti',7,'2017-10-16 11:43:31',1,'\0',9,'ruhama',120,0,0,0,0,0,1,NULL),(858,97,'linoy damti',7,'2017-10-16 11:51:26',1,'\0',4,'evyatar',55,0,0,0,0,0,1,NULL),(859,1,'system',0,'2017-10-16 11:56:57',3,'\0',9,'ruhama',20,0,0,0,0,0,1,NULL),(860,1,'system',0,'2017-10-16 12:05:24',3,'\0',9,'ruhama',270,0,0,0,0,0,1,NULL),(861,1,'system',0,'2017-10-16 12:11:13',3,'\0',9,'ruhama',100,0,0,0,0,0,1,NULL),(862,96,'odaya kobous',6,'2017-10-16 12:35:28',1,'\0',9,'ruhama',60,0,0,0,0,0,1,NULL),(863,90,'moshe shimon',31,'2017-10-16 13:18:33',1,'\0',9,'ruhama',20,0,0,0,0,0,1,NULL),(864,95,'ido donky',12,'2017-10-16 13:19:55',1,'\0',9,'ruhama',100,0,0,0,0,0,1,NULL),(865,123,'atias yarden',11,'2017-10-16 13:42:43',1,'\0',9,'ruhama',130,0,0,0,0,0,1,NULL),(866,91,'itamar gabay',33,'2017-10-16 14:08:32',1,'\0',9,'ruhama',20,0,0,0,0,0,1,NULL),(867,33,'KEREN leiva',229,'2017-10-16 14:38:53',1,'\0',6,'marco',155,0,0,0,0,0,1,NULL),(868,32,'SUSAN F',228,'2017-10-16 14:48:52',1,'\0',4,'evyatar',200,0,0,0,0,0,1,NULL),(869,32,'SUSAN F',228,'2017-10-16 15:11:58',1,'\0',4,'evyatar',20,0,0,0,0,0,1,NULL),(870,32,'SUSAN F',228,'2017-10-16 15:26:43',1,'\0',4,'evyatar',65,0,0,0,0,0,1,NULL),(871,9,'haim',95,'2017-10-16 15:29:36',1,'\0',4,'evyatar',150,0,0,0,0,0,1,NULL),(872,1,'system',0,'2017-10-16 17:28:22',3,'\0',4,'evyatar',355,0,0,0,0,0,1,NULL),(873,123,'atias yarden',11,'2017-10-16 18:04:07',1,'\0',4,'evyatar',150,0,0,0,0,0,1,NULL),(874,123,'atias yarden',11,'2017-10-16 18:23:07',1,'\0',4,'evyatar',65,0,0,0,0,0,1,NULL),(875,54,'billi yegudayev',68,'2017-10-16 18:53:19',1,'\0',4,'evyatar',80,0,0,0,0,0,1,NULL),(876,90,'moshe shimon',31,'2017-10-16 19:00:57',1,'\0',4,'evyatar',960,0,0,0,0,0,1,NULL),(877,52,'udi lotem',67,'2017-10-16 19:13:39',1,'\0',4,'evyatar',50,0,0,0,0,0,1,NULL),(878,90,'moshe shimon',31,'2017-10-16 19:25:01',1,'\0',4,'evyatar',120,0,0,0,0,0,1,NULL),(879,32,'SUSAN F',228,'2017-10-16 19:35:02',1,'\0',6,'marco',155,0,0,0,0,0,1,NULL),(880,33,'KEREN leiva',229,'2017-10-16 19:36:30',1,'\0',6,'marco',215,0,0,0,0,0,1,NULL),(881,1,'system',0,'2017-10-16 19:53:54',3,'\0',6,'marco',70,0,0,0,0,0,1,NULL),(882,54,'billi yegudayev',68,'2017-10-16 20:20:59',1,'\0',6,'marco',100,0,0,0,0,0,1,NULL),(883,52,'udi lotem',67,'2017-10-16 20:29:57',1,'\0',6,'marco',100,0,0,0,0,0,1,NULL),(884,53,'avi reuven',69,'2017-10-16 20:31:17',1,'\0',6,'marco',80,0,0,0,0,0,1,NULL),(885,32,'SUSAN F',228,'2017-10-16 21:00:09',1,'\0',6,'marco',40,0,0,0,0,0,1,NULL),(886,33,'KEREN leiva',229,'2017-10-16 21:05:57',1,'\0',6,'marco',20,0,0,0,0,0,1,NULL),(887,92,'ram moshe',32,'2017-10-16 21:41:34',1,'\0',15,'kobi',35,0,0,0,0,0,1,NULL),(888,52,'udi lotem',67,'2017-10-16 21:42:11',1,'\0',6,'marco',120,0,0,0,0,0,1,NULL),(889,1,'system',0,'2017-10-16 21:42:46',3,'\0',6,'marco',40,0,0,0,0,0,1,NULL),(890,54,'billi yegudayev',68,'2017-10-16 21:43:18',1,'\0',6,'marco',80,0,0,0,0,0,1,NULL),(891,9,'haim',95,'2017-10-16 21:46:51',1,'\0',6,'marco',100,0,0,0,0,0,1,NULL),(892,123,'atias yarden',11,'2017-10-16 21:54:24',1,'\0',15,'kobi',100,0,0,0,0,0,1,NULL),(893,54,'billi yegudayev',68,'2017-10-16 22:16:28',1,'\0',15,'kobi',120,0,0,0,0,0,1,NULL),(894,52,'udi lotem',67,'2017-10-16 22:32:40',1,'\0',6,'marco',120,0,0,0,0,0,1,NULL),(895,18,'orel f',80,'2017-10-16 22:34:17',1,'\0',15,'kobi',300,0,0,0,0,0,1,NULL),(896,26,'noa hofman',127,'2017-10-16 22:36:37',1,'\0',15,'kobi',120,0,0,0,0,0,1,NULL),(897,95,'ido donky',12,'2017-10-16 22:43:27',1,'\0',6,'marco',110,0,0,0,0,0,1,NULL),(898,95,'ido donky',12,'2017-10-16 22:52:12',1,'\0',6,'marco',35,0,0,0,0,0,1,NULL),(899,108,'SHAHAR LEVI',18,'2017-10-16 22:55:22',1,'\0',6,'marco',230,0,0,0,0,0,1,NULL),(900,108,'SHAHAR LEVI',18,'2017-10-16 22:58:21',1,'\0',15,'kobi',100,0,0,0,0,0,1,NULL),(901,52,'udi lotem',67,'2017-10-16 23:08:52',1,'\0',6,'marco',120,0,0,0,0,0,1,NULL),(902,123,'atias yarden',11,'2017-10-16 23:28:04',1,'\0',6,'marco',35,0,0,0,0,0,1,NULL),(903,52,'udi lotem',67,'2017-10-16 23:34:46',1,'\0',6,'marco',120,0,0,0,0,0,1,NULL),(904,90,'moshe shimon',31,'2017-10-16 23:41:58',1,'\0',6,'marco',100,0,0,0,0,0,1,NULL),(905,91,'itamar gabay',33,'2017-10-16 23:42:13',1,'\0',6,'marco',100,0,0,0,0,0,1,NULL),(906,93,'shmuel moshe',34,'2017-10-16 23:42:28',1,'\0',6,'marco',100,0,0,0,0,0,1,NULL),(907,92,'ram moshe',32,'2017-10-16 23:42:44',1,'\0',6,'marco',100,0,0,0,0,0,1,NULL),(908,53,'avi reuven',69,'2017-10-16 23:53:03',1,'\0',15,'kobi',150,0,0,0,0,0,1,NULL),(909,123,'atias yarden',11,'2017-10-17 00:10:52',1,'\0',15,'kobi',120,0,0,0,0,0,1,NULL),(910,119,'hila meir',164,'2017-10-17 00:12:48',1,'\0',15,'kobi',30,0,0,0,0,0,1,NULL),(911,118,'amit hagai',163,'2017-10-17 00:14:34',1,'\0',15,'kobi',40,0,0,0,0,0,1,NULL),(912,53,'avi reuven',69,'2017-10-17 00:56:04',1,'\0',6,'marco',120,0,0,0,0,0,1,NULL),(913,9,'haim',95,'2017-10-17 01:03:19',1,'\0',6,'marco',120,0,0,0,0,0,1,NULL),(914,9,'haim',95,'2017-10-17 02:04:59',1,'\0',6,'marco',50,0,0,0,0,0,1,NULL),(915,23,'קובי',115,'2017-10-17 02:07:53',1,'\0',15,'kobi',80,0,0,0,0,0,1,NULL),(916,107,'SHIR ELIYAHU',17,'2017-10-17 02:18:35',1,'\0',15,'kobi',40,0,0,0,0,0,1,NULL),(917,54,'billi yegudayev',68,'2017-10-17 03:08:10',1,'\0',6,'marco',40,0,0,0,0,0,1,NULL),(918,54,'billi yegudayev',68,'2017-10-17 03:28:33',1,'\0',6,'marco',150,0,0,0,0,0,1,NULL),(919,52,'udi lotem',67,'2017-10-17 03:29:30',1,'\0',6,'marco',220,0,0,0,0,0,1,NULL),(920,53,'avi reuven',69,'2017-10-17 03:40:31',1,'\0',6,'marco',100,0,0,0,0,0,1,NULL),(921,53,'avi reuven',69,'2017-10-17 03:50:02',1,'\0',6,'marco',35,0,0,0,0,0,1,NULL),(922,9,'haim',95,'2017-10-17 04:21:44',1,'\0',6,'marco',120,0,0,0,0,0,1,NULL),(923,23,'קובי',115,'2017-10-17 04:25:08',1,'\0',6,'marco',120,0,0,0,0,0,1,NULL),(924,95,'ido donky',12,'2017-10-17 04:35:56',1,'\0',6,'marco',40,0,0,0,0,0,1,NULL),(925,90,'moshe shimon',31,'2017-10-17 07:48:56',1,'\0',4,'evyatar',65,0,0,0,0,0,1,NULL),(926,90,'moshe shimon',31,'2017-10-17 07:51:24',1,'\0',4,'evyatar',60,0,0,0,0,0,1,NULL),(927,26,'noa hofman',127,'2017-10-17 11:03:34',1,'\0',4,'evyatar',1300,0,0,0,0,0,2,NULL),(928,124,'TAL ASSARAF ',267,'2017-10-17 11:32:33',1,'\0',4,'evyatar',280,0,0,0,0,0,1,NULL),(929,1,'system',0,'2017-10-17 11:55:52',3,'\0',4,'evyatar',145,0,0,0,0,0,1,NULL),(930,126,'sapir horesh',30,'2017-10-17 12:29:28',1,'\0',4,'evyatar',120,0,0,0,0,0,1,NULL),(931,117,'noa elbaz',27,'2017-10-17 13:00:43',1,'\0',4,'evyatar',20,0,0,0,0,0,1,NULL),(932,32,'SUSAN F',228,'2017-10-17 13:08:27',1,'\0',4,'evyatar',150,0,0,0,0,0,1,NULL),(933,32,'SUSAN F',228,'2017-10-17 13:09:48',1,'\0',9,'ruhama',30,0,0,0,0,0,1,NULL),(934,54,'billi yegudayev',68,'2017-10-17 13:14:49',1,'\0',4,'evyatar',30,0,0,0,0,0,1,NULL),(935,23,'קובי',115,'2017-10-17 14:25:25',1,'\0',4,'evyatar',65,0,0,0,0,0,1,NULL),(936,54,'billi yegudayev',68,'2017-10-17 14:45:05',1,'\0',4,'evyatar',370,0,0,0,0,0,1,NULL),(937,1,'system',0,'2017-10-17 15:03:39',3,'\0',4,'evyatar',150,0,0,0,0,0,1,NULL),(938,52,'udi lotem',67,'2017-10-17 15:08:11',1,'\0',4,'evyatar',20,0,0,0,0,0,1,NULL),(939,54,'billi yegudayev',68,'2017-10-17 15:09:49',1,'\0',4,'evyatar',105,0,0,0,0,0,1,NULL),(940,1,'system',0,'2017-10-17 15:19:15',3,'\0',4,'evyatar',200,0,0,0,0,0,1,NULL),(941,1,'system',0,'2017-10-17 15:20:43',3,'\0',4,'evyatar',270,0,0,0,0,0,1,NULL),(942,33,'KEREN leiva',229,'2017-10-17 15:25:19',1,'\0',4,'evyatar',100,0,0,0,0,0,1,NULL),(943,19,'elior buba',83,'2017-10-17 16:05:34',1,'\0',4,'evyatar',150,0,0,0,0,0,1,NULL),(944,53,'avi reuven',69,'2017-10-17 16:55:42',1,'\0',4,'evyatar',65,0,0,0,0,0,1,NULL),(945,53,'avi reuven',69,'2017-10-17 17:45:10',1,'\0',4,'evyatar',20,0,0,0,0,0,1,NULL),(946,54,'billi yegudayev',68,'2017-10-17 17:46:16',1,'\0',4,'evyatar',80,0,0,0,0,0,1,NULL),(947,52,'udi lotem',67,'2017-10-17 17:47:00',1,'\0',4,'evyatar',20,0,0,0,0,0,1,NULL),(948,128,'MOR ALMAGOR',129,'2017-10-17 18:36:35',1,'\0',4,'evyatar',200,0,0,0,0,0,1,NULL),(949,129,'IDAN ALMAGOR',130,'2017-10-17 18:36:46',1,'\0',4,'evyatar',200,0,0,0,0,0,1,NULL),(950,129,'IDAN ALMAGOR',130,'2017-10-17 18:48:32',1,'\0',4,'evyatar',90,0,0,0,0,0,1,NULL),(951,129,'IDAN ALMAGOR',130,'2017-10-17 18:48:41',1,'\0',4,'evyatar',30,0,0,0,0,0,1,NULL),(952,1,'system',0,'2017-10-17 18:51:53',3,'\0',4,'evyatar',130,0,0,0,0,0,1,NULL),(953,129,'IDAN ALMAGOR',130,'2017-10-17 19:00:06',1,'\0',4,'evyatar',80,0,0,0,0,0,1,NULL),(954,19,'elior buba',83,'2017-10-17 19:41:57',1,'\0',6,'marco',65,0,0,0,0,0,1,NULL),(955,52,'udi lotem',67,'2017-10-17 20:03:25',1,'\0',6,'marco',150,0,0,0,0,0,1,NULL),(956,54,'billi yegudayev',68,'2017-10-17 20:03:55',1,'\0',6,'marco',150,0,0,0,0,0,1,NULL),(957,53,'avi reuven',69,'2017-10-17 20:04:25',1,'\0',6,'marco',150,0,0,0,0,0,1,NULL),(958,131,'Fsharon MARCUS',22,'2017-10-17 20:15:52',1,'\0',6,'marco',20,0,0,0,0,0,1,NULL),(959,52,'udi lotem',67,'2017-10-17 20:19:51',1,'\0',6,'marco',30,0,0,0,0,0,1,NULL),(960,54,'billi yegudayev',68,'2017-10-17 20:20:02',1,'\0',6,'marco',30,0,0,0,0,0,1,NULL),(961,53,'avi reuven',69,'2017-10-17 20:20:18',1,'\0',6,'marco',30,0,0,0,0,0,1,NULL),(962,54,'billi yegudayev',68,'2017-10-17 21:14:01',1,'\0',15,'kobi',240,0,0,0,0,0,1,NULL),(963,32,'SUSAN F',228,'2017-10-17 21:26:16',1,'\0',6,'marco',35,0,0,0,0,0,1,NULL),(964,92,'ram moshe',32,'2017-10-17 21:39:01',1,'\0',6,'marco',30,0,0,0,0,0,1,NULL),(965,91,'itamar gabay',33,'2017-10-17 21:39:13',1,'\0',6,'marco',20,0,0,0,0,0,1,NULL),(966,131,'Fsharon MARCUS',22,'2017-10-17 21:58:00',1,'\0',6,'marco',30,0,0,0,0,0,1,NULL),(967,123,'atias yarden',11,'2017-10-17 22:12:12',1,'\0',6,'marco',180,0,0,0,0,0,1,NULL),(968,128,'MOR ALMAGOR',129,'2017-10-17 22:17:52',1,'\0',6,'marco',20,0,0,0,0,0,1,NULL),(969,129,'IDAN ALMAGOR',130,'2017-10-17 22:18:04',1,'\0',6,'marco',30,0,0,0,0,0,1,NULL),(970,54,'billi yegudayev',68,'2017-10-17 22:24:13',1,'\0',6,'marco',870,0,0,0,0,0,1,NULL),(971,123,'atias yarden',11,'2017-10-17 22:26:43',1,'\0',6,'marco',65,0,0,0,0,0,1,NULL),(972,90,'moshe shimon',31,'2017-10-17 22:38:16',1,'\0',6,'marco',690,0,0,0,0,0,1,NULL),(973,123,'atias yarden',11,'2017-10-17 22:44:22',1,'\0',6,'marco',35,0,0,0,0,0,1,NULL),(974,131,'Fsharon MARCUS',22,'2017-10-17 22:48:12',1,'\0',6,'marco',30,0,0,0,0,0,1,NULL),(975,117,'noa elbaz',27,'2017-10-17 22:49:51',1,'\0',6,'marco',20,0,0,0,0,0,1,NULL),(976,90,'moshe shimon',31,'2017-10-17 22:59:24',1,'\0',6,'marco',130,0,0,0,0,0,1,NULL),(977,107,'SHIR ELIYAHU',17,'2017-10-17 23:04:21',1,'\0',6,'marco',570,0,0,0,0,0,1,NULL),(978,93,'shmuel moshe',34,'2017-10-17 23:06:13',1,'\0',6,'marco',30,0,0,0,0,0,1,NULL),(979,92,'ram moshe',32,'2017-10-17 23:15:44',1,'\0',6,'marco',35,0,0,0,0,0,1,NULL),(980,91,'itamar gabay',33,'2017-10-17 23:16:40',1,'\0',6,'marco',30,0,0,0,0,0,1,NULL),(981,90,'moshe shimon',31,'2017-10-17 23:16:52',1,'\0',6,'marco',30,0,0,0,0,0,1,NULL),(982,131,'Fsharon MARCUS',22,'2017-10-17 23:20:40',1,'\0',15,'kobi',20,0,0,0,0,0,1,NULL),(983,108,'SHAHAR LEVI',18,'2017-10-17 23:32:33',1,'\0',15,'kobi',20,0,0,0,0,0,1,NULL),(984,9,'haim',95,'2017-10-17 23:38:40',1,'\0',6,'marco',50,0,0,0,0,0,1,NULL),(985,118,'amit hagai',163,'2017-10-18 00:04:07',1,'\0',6,'marco',110,0,0,0,0,0,1,NULL),(986,52,'udi lotem',67,'2017-10-18 00:06:09',1,'\0',6,'marco',50,0,0,0,0,0,1,NULL),(987,54,'billi yegudayev',68,'2017-10-18 00:06:58',1,'\0',6,'marco',65,0,0,0,0,0,1,NULL),(988,91,'itamar gabay',33,'2017-10-18 00:09:23',1,'\0',6,'marco',40,0,0,0,0,0,1,NULL),(989,119,'hila meir',164,'2017-10-18 00:13:48',1,'\0',6,'marco',100,0,0,0,0,0,1,NULL),(990,1,'system',0,'2017-10-18 00:19:44',3,'\0',6,'marco',60,0,0,0,0,0,1,NULL),(991,54,'billi yegudayev',68,'2017-10-18 00:43:59',1,'\0',6,'marco',90,0,0,0,0,0,1,NULL),(992,52,'udi lotem',67,'2017-10-18 00:44:36',1,'\0',6,'marco',90,0,0,0,0,0,1,NULL),(993,1,'system',0,'2017-10-18 00:49:35',3,'\0',6,'marco',50,0,0,0,0,0,1,NULL),(994,1,'system',0,'2017-10-18 00:51:09',3,'\0',6,'marco',80,0,0,0,0,0,1,NULL),(995,53,'avi reuven',69,'2017-10-18 00:58:12',1,'\0',6,'marco',180,0,0,0,0,0,1,NULL),(996,1,'system',0,'2017-10-18 01:00:02',3,'\0',6,'marco',100,0,0,0,0,0,1,NULL),(997,131,'Fsharon MARCUS',22,'2017-10-18 01:09:48',1,'\0',6,'marco',20,0,0,0,0,0,1,NULL),(998,91,'itamar gabay',33,'2017-10-18 01:17:20',1,'\0',6,'marco',20,0,0,0,0,0,1,NULL),(999,131,'Fsharon MARCUS',22,'2017-10-18 01:32:28',1,'\0',6,'marco',150,0,0,0,0,0,1,NULL),(1000,132,'GAL UZAN',23,'2017-10-18 01:34:01',1,'\0',6,'marco',200,0,0,0,0,0,1,NULL),(1001,54,'billi yegudayev',68,'2017-10-18 01:34:19',1,'\0',6,'marco',20,0,0,0,0,0,1,NULL),(1002,52,'udi lotem',67,'2017-10-18 02:07:53',1,'\0',6,'marco',20,0,0,0,0,0,1,NULL),(1003,1,'system',0,'2017-10-18 02:32:26',3,'\0',6,'marco',50,0,0,0,0,0,1,NULL),(1004,23,'קובי',115,'2017-10-18 02:51:42',3,'\0',15,'kobi',80,0,0,0,0,0,1,NULL),(1005,23,'קובי',115,'2017-10-18 02:52:24',1,'\0',15,'kobi',65,0,0,0,0,0,1,NULL),(1006,54,'billi yegudayev',68,'2017-10-18 03:15:56',1,'\0',6,'marco',20,0,0,0,0,0,1,NULL),(1007,1,'system',0,'2017-10-18 03:47:54',3,'\0',6,'marco',20,0,0,0,0,0,1,NULL),(1008,1,'system',0,'2017-10-18 04:11:03',3,'\0',6,'marco',120,0,0,0,0,0,1,NULL),(1009,119,'hila meir',164,'2017-10-18 04:15:11',1,'\0',6,'marco',120,0,0,0,0,0,1,NULL),(1010,118,'amit hagai',163,'2017-10-18 04:31:29',1,'\0',6,'marco',40,0,0,0,0,0,1,NULL),(1011,52,'udi lotem',67,'2017-10-18 04:42:48',1,'\0',6,'marco',150,0,0,0,0,0,1,NULL),(1012,25,'daniel manobela',123,'2017-10-18 08:10:38',1,'\0',4,'evyatar',30,0,0,0,0,0,1,NULL),(1013,129,'IDAN ALMAGOR',130,'2017-10-18 08:41:48',1,'\0',4,'evyatar',30,0,0,0,0,0,1,NULL),(1014,108,'SHAHAR LEVI',18,'2017-10-18 09:33:49',1,'\0',4,'evyatar',30,0,0,0,0,0,1,NULL),(1015,107,'SHIR ELIYAHU',17,'2017-10-18 09:40:23',1,'\0',4,'evyatar',30,0,0,0,0,0,1,NULL),(1016,117,'noa elbaz',27,'2017-10-18 10:58:44',1,'\0',4,'evyatar',30,0,0,0,0,0,1,NULL),(1017,91,'itamar gabay',33,'2017-10-18 11:15:17',1,'\0',10,'beni',30,0,0,0,0,0,1,NULL),(1018,131,'Fsharon MARCUS',22,'2017-10-18 11:15:42',1,'\0',10,'beni',30,0,0,0,0,0,1,NULL),(1019,90,'moshe shimon',31,'2017-10-18 11:16:28',1,'',10,'beni',120,0,0,0,0,10,1,NULL),(1020,91,'itamar gabay',33,'2017-10-18 11:17:28',1,'\0',10,'beni',120,0,0,0,0,0,1,NULL),(1021,92,'ram moshe',32,'2017-10-18 11:18:00',1,'\0',10,'beni',120,0,0,0,0,0,1,NULL),(1022,136,'KASH AMOS',46,'2017-10-18 11:19:27',1,'\0',10,'beni',30,0,0,0,0,0,1,NULL),(1023,90,'moshe shimon',31,'2017-10-18 11:19:56',1,'\0',10,'beni',120,0,0,0,0,0,1,NULL),(1024,129,'IDAN ALMAGOR',130,'2017-10-18 11:25:22',1,'\0',14,'akiko',350,0,0,0,0,0,1,NULL),(1025,140,'ROTEM YOHANANUF',257,'2017-10-18 11:30:51',1,'\0',10,'beni',20,0,0,0,0,0,1,NULL),(1026,93,'shmuel moshe',34,'2017-10-18 11:35:16',1,'\0',10,'beni',20,0,0,0,0,0,1,NULL),(1027,129,'IDAN ALMAGOR',130,'2017-10-18 11:46:06',1,'\0',9,'ruhama',30,0,0,0,0,0,1,NULL),(1028,92,'ram moshe',32,'2017-10-18 11:48:12',1,'\0',9,'ruhama',65,0,0,0,0,0,1,NULL),(1029,90,'moshe shimon',31,'2017-10-18 12:01:43',1,'\0',4,'evyatar',90,0,0,0,0,0,1,NULL),(1030,90,'moshe shimon',31,'2017-10-18 12:13:23',1,'\0',15,'kobi',20,0,0,0,0,0,1,NULL),(1031,119,'hila meir',164,'2017-10-18 12:20:04',1,'\0',15,'kobi',120,0,0,0,0,0,1,NULL),(1032,118,'amit hagai',163,'2017-10-18 12:20:43',1,'\0',15,'kobi',120,0,0,0,0,0,1,NULL),(1033,19,'elior buba',83,'2017-10-18 12:29:57',1,'\0',4,'evyatar',150,0,0,0,0,0,1,NULL),(1034,140,'ROTEM YOHANANUF',257,'2017-10-18 12:33:08',1,'\0',4,'evyatar',20,0,0,0,0,0,1,NULL),(1035,142,'KIMHI GAL',12,'2017-10-18 12:48:14',1,'\0',4,'evyatar',200,0,0,0,0,0,1,NULL),(1036,142,'KIMHI GAL',12,'2017-10-18 12:48:25',1,'\0',4,'evyatar',40,0,0,0,0,0,1,NULL),(1037,118,'amit hagai',163,'2017-10-18 13:08:48',1,'\0',9,'ruhama',20,0,0,0,0,0,1,NULL),(1038,119,'hila meir',164,'2017-10-18 13:09:05',1,'\0',9,'ruhama',20,0,0,0,0,0,1,NULL),(1039,142,'KIMHI GAL',12,'2017-10-18 13:10:11',1,'\0',9,'ruhama',40,0,0,0,0,0,1,NULL),(1040,141,'OFIR AZANKOT',258,'2017-10-18 13:35:36',1,'\0',9,'ruhama',200,0,0,0,0,0,1,NULL),(1041,52,'udi lotem',67,'2017-10-18 13:45:15',1,'\0',9,'ruhama',290,0,0,0,0,0,1,NULL),(1042,126,'sapir horesh',30,'2017-10-18 14:11:07',1,'\0',9,'ruhama',150,0,0,0,0,0,1,NULL),(1043,117,'noa elbaz',27,'2017-10-18 14:13:12',1,'\0',9,'ruhama',135,0,0,0,0,0,1,NULL),(1044,52,'udi lotem',67,'2017-10-18 14:14:58',1,'\0',9,'ruhama',90,0,0,0,0,0,1,NULL),(1045,140,'ROTEM YOHANANUF',257,'2017-10-18 14:19:33',1,'\0',9,'ruhama',200,0,0,0,0,0,1,NULL),(1046,118,'amit hagai',163,'2017-10-18 14:39:28',1,'\0',4,'evyatar',40,0,0,0,0,0,1,NULL),(1047,117,'noa elbaz',27,'2017-10-18 14:46:43',1,'\0',4,'evyatar',120,0,0,0,0,0,1,NULL),(1048,9,'haim',95,'2017-10-18 16:00:25',1,'\0',4,'evyatar',150,0,0,0,0,0,1,NULL),(1049,119,'hila meir',164,'2017-10-18 16:09:00',1,'\0',4,'evyatar',40,0,0,0,0,0,1,NULL),(1050,32,'SUSAN F',228,'2017-10-18 16:13:23',1,'\0',4,'evyatar',20,0,0,0,0,0,1,NULL),(1051,131,'Fsharon MARCUS',22,'2017-10-18 16:16:37',1,'\0',4,'evyatar',40,0,0,0,0,0,1,NULL),(1052,131,'Fsharon MARCUS',22,'2017-10-18 16:17:00',1,'\0',4,'evyatar',20,0,0,0,0,0,1,NULL),(1053,140,'ROTEM YOHANANUF',257,'2017-10-18 16:41:16',1,'\0',4,'evyatar',35,0,0,0,0,0,1,NULL),(1054,23,'קובי',115,'2017-10-18 16:59:56',1,'\0',12,'ado',30,0,0,0,0,0,1,NULL),(1055,123,'atias yarden',11,'2017-10-18 17:42:33',1,'\0',4,'evyatar',65,0,0,0,0,0,1,NULL),(1056,1,'system',0,'2017-10-18 17:48:25',3,'\0',4,'evyatar',130,0,0,0,0,0,1,NULL),(1057,90,'moshe shimon',31,'2017-10-18 18:02:23',1,'\0',4,'evyatar',20,0,0,0,0,0,1,NULL),(1058,138,'haim aharon',75,'2017-10-18 18:06:55',1,'\0',4,'evyatar',90,0,0,0,0,0,1,NULL),(1059,1,'system',0,'2017-10-18 18:07:13',3,'\0',4,'evyatar',115,0,0,0,0,0,1,NULL),(1060,25,'daniel manobela',123,'2017-10-18 18:11:32',1,'\0',4,'evyatar',20,0,0,0,0,0,1,NULL),(1061,144,'odaya kobous',6,'2017-10-18 18:15:34',1,'\0',4,'evyatar',20,0,0,0,0,0,1,NULL),(1062,138,'haim aharon',75,'2017-10-18 18:22:56',1,'\0',4,'evyatar',270,0,0,0,0,0,1,NULL),(1063,140,'ROTEM YOHANANUF',257,'2017-10-18 18:27:11',1,'\0',4,'evyatar',30,0,0,0,0,0,1,NULL),(1064,23,'קובי',115,'2017-10-18 18:35:14',1,'\0',4,'evyatar',240,0,0,0,0,0,1,NULL),(1065,140,'ROTEM YOHANANUF',257,'2017-10-18 19:16:42',1,'\0',15,'kobi',35,0,0,0,0,0,1,NULL),(1066,138,'haim aharon',75,'2017-10-18 19:18:20',1,'\0',15,'kobi',20,0,0,0,0,0,1,NULL),(1067,138,'haim aharon',75,'2017-10-18 19:25:23',1,'\0',15,'kobi',40,0,0,0,0,0,1,NULL),(1068,130,'Fsandra LUBARSKI',21,'2017-10-18 20:08:21',1,'\0',6,'marco',30,0,0,0,0,0,1,NULL),(1069,131,'Fsharon MARCUS',22,'2017-10-18 20:09:02',1,'\0',6,'marco',20,0,0,0,0,0,1,NULL),(1070,126,'sapir horesh',30,'2017-10-18 20:21:32',1,'\0',15,'kobi',120,0,0,0,0,0,1,NULL),(1071,119,'hila meir',164,'2017-10-18 21:13:39',1,'\0',6,'marco',70,0,0,0,0,0,1,NULL),(1072,146,'sara juliana perez diaz',119,'2017-10-18 21:42:30',1,'\0',6,'marco',150,0,0,0,0,0,1,NULL),(1073,149,'ezra yeoshua',18,'2017-10-18 22:02:06',1,'\0',15,'kobi',30,0,0,0,0,0,1,NULL),(1074,146,'sara juliana perez diaz',119,'2017-10-18 22:09:25',1,'\0',15,'kobi',30,0,0,0,0,0,1,NULL),(1075,148,'tomer skliar',17,'2017-10-18 22:11:13',1,'\0',15,'kobi',35,0,0,0,0,0,1,NULL),(1076,148,'tomer skliar',17,'2017-10-18 22:11:44',1,'\0',15,'kobi',70,0,0,0,0,0,1,NULL),(1077,1,'system',0,'2017-10-18 22:12:47',3,'\0',15,'kobi',600,0,0,0,0,0,1,NULL),(1078,1,'system',0,'2017-10-18 22:21:33',3,'\0',15,'kobi',120,0,0,0,0,0,1,NULL),(1079,1,'system',0,'2017-10-18 22:22:48',3,'\0',15,'kobi',30,0,0,0,0,0,1,NULL),(1080,1,'system',0,'2017-10-18 22:23:03',3,'\0',15,'kobi',30,0,0,0,0,0,1,NULL),(1081,145,'linoy damti',7,'2017-10-18 22:28:22',1,'\0',15,'kobi',180,0,0,0,0,0,1,NULL),(1082,90,'moshe shimon',31,'2017-10-18 22:38:44',1,'\0',6,'marco',120,0,0,0,0,0,1,NULL),(1083,138,'haim aharon',75,'2017-10-18 22:40:35',1,'\0',15,'kobi',40,0,0,0,0,0,1,NULL),(1084,91,'itamar gabay',33,'2017-10-18 22:47:40',1,'\0',15,'kobi',180,0,0,0,0,0,1,NULL),(1085,142,'KIMHI GAL',12,'2017-10-18 22:48:20',1,'\0',15,'kobi',120,0,0,0,0,0,1,NULL),(1086,117,'noa elbaz',27,'2017-10-18 22:58:05',1,'\0',15,'kobi',130,0,0,0,0,0,1,NULL),(1087,1,'system',0,'2017-10-18 22:59:06',3,'\0',15,'kobi',180,0,0,0,0,0,1,NULL),(1088,1,'system',0,'2017-10-18 23:01:34',3,'\0',15,'kobi',120,0,0,0,0,0,1,NULL),(1089,1,'system',0,'2017-10-18 23:04:59',2,'',15,'kobi',130,0,0,0,0,15,1,NULL),(1090,1,'system',0,'2017-10-18 23:09:55',3,'\0',15,'kobi',130,0,0,0,0,0,1,NULL),(1091,1,'system',0,'2017-10-18 23:15:37',3,'\0',15,'kobi',30,0,0,0,0,0,1,NULL),(1092,147,'tal yehoshua',16,'2017-10-18 23:29:20',1,'\0',15,'kobi',40,0,0,0,0,0,1,NULL),(1093,148,'tomer skliar',17,'2017-10-18 23:29:30',1,'\0',15,'kobi',40,0,0,0,0,0,1,NULL),(1094,149,'ezra yeoshua',18,'2017-10-18 23:29:44',1,'\0',15,'kobi',40,0,0,0,0,0,1,NULL),(1095,123,'atias yarden',11,'2017-10-18 23:31:52',1,'\0',15,'kobi',30,0,0,0,0,0,1,NULL),(1096,145,'linoy damti',7,'2017-10-18 23:32:19',1,'\0',6,'marco',20,0,0,0,0,0,1,NULL),(1097,138,'haim aharon',75,'2017-10-18 23:36:23',1,'\0',15,'kobi',65,0,0,0,0,0,1,NULL),(1098,19,'elior buba',83,'2017-10-18 23:38:28',1,'\0',6,'marco',140,0,0,0,0,0,1,NULL),(1099,1,'system',0,'2017-10-18 23:39:39',3,'\0',15,'kobi',30,0,0,0,0,0,1,NULL),(1100,147,'tal yehoshua',16,'2017-10-18 23:48:48',1,'\0',15,'kobi',80,0,0,0,0,0,1,NULL),(1101,90,'moshe shimon',31,'2017-10-18 23:49:20',1,'\0',15,'kobi',360,0,0,0,0,0,1,NULL),(1102,133,'TOMER BEN ALTAVA',167,'2017-10-19 00:01:06',1,'\0',15,'kobi',40,0,0,0,0,0,1,NULL),(1103,143,'refael saban',125,'2017-10-19 00:09:45',1,'\0',15,'kobi',30,0,0,0,0,0,1,NULL),(1104,1,'system',0,'2017-10-19 00:10:46',3,'\0',15,'kobi',40,0,0,0,0,0,1,NULL),(1105,149,'ezra yeoshua',18,'2017-10-19 00:15:19',1,'\0',6,'marco',80,0,0,0,0,0,1,NULL),(1106,143,'refael saban',125,'2017-10-19 00:16:08',1,'\0',15,'kobi',80,0,0,0,0,0,1,NULL),(1107,1,'system',0,'2017-10-19 00:18:38',3,'\0',6,'marco',200,0,0,0,0,0,1,NULL),(1108,118,'amit hagai',163,'2017-10-19 00:27:30',1,'\0',15,'kobi',80,0,0,0,0,0,1,NULL),(1109,119,'hila meir',164,'2017-10-19 00:27:45',1,'\0',15,'kobi',80,0,0,0,0,0,1,NULL),(1110,92,'ram moshe',32,'2017-10-19 00:31:45',1,'\0',15,'kobi',65,0,0,0,0,0,1,NULL),(1111,92,'ram moshe',32,'2017-10-19 00:35:50',1,'\0',15,'kobi',120,0,0,0,0,0,1,NULL),(1112,91,'itamar gabay',33,'2017-10-19 00:37:27',1,'\0',6,'marco',120,0,0,0,0,0,1,NULL),(1113,92,'ram moshe',32,'2017-10-19 00:37:39',1,'\0',6,'marco',120,0,0,0,0,0,1,NULL),(1114,90,'moshe shimon',31,'2017-10-19 00:40:03',1,'\0',7,'buba',80,0,0,0,0,0,1,NULL),(1115,142,'KIMHI GAL',12,'2017-10-19 00:44:38',1,'\0',15,'kobi',80,0,0,0,0,0,1,NULL),(1116,119,'hila meir',164,'2017-10-19 01:09:26',1,'\0',6,'marco',20,0,0,0,0,0,1,NULL),(1117,23,'קובי',115,'2017-10-19 01:29:09',1,'\0',15,'kobi',40,0,0,0,0,0,1,NULL),(1118,148,'tomer skliar',17,'2017-10-19 01:42:31',1,'',15,'kobi',150,0,0,0,0,15,1,NULL),(1119,148,'tomer skliar',17,'2017-10-19 01:43:09',1,'\0',15,'kobi',150,0,0,0,0,0,1,NULL),(1120,143,'refael saban',125,'2017-10-19 02:01:51',1,'\0',15,'kobi',80,0,0,0,0,0,1,NULL),(1121,32,'SUSAN F',228,'2017-10-19 02:05:46',1,'\0',6,'marco',200,0,0,0,0,0,1,NULL),(1122,149,'ezra yeoshua',18,'2017-10-19 02:14:34',1,'\0',6,'marco',30,0,0,0,0,0,1,NULL),(1123,147,'tal yehoshua',16,'2017-10-19 02:14:44',1,'\0',6,'marco',20,0,0,0,0,0,1,NULL),(1124,32,'SUSAN F',228,'2017-10-19 02:15:25',1,'\0',6,'marco',40,0,0,0,0,0,1,NULL),(1125,143,'refael saban',125,'2017-10-19 02:16:35',1,'\0',15,'kobi',80,0,0,0,0,0,1,NULL),(1126,130,'Fsandra LUBARSKI',21,'2017-10-19 02:16:50',1,'\0',6,'marco',20,0,0,0,0,0,1,NULL),(1127,131,'Fsharon MARCUS',22,'2017-10-19 02:17:00',1,'\0',6,'marco',20,0,0,0,0,0,1,NULL),(1128,132,'GAL UZAN',23,'2017-10-19 02:17:10',1,'\0',6,'marco',20,0,0,0,0,0,1,NULL),(1129,150,'ron shahin',121,'2017-10-19 02:20:58',1,'\0',15,'kobi',20,0,0,0,0,0,1,NULL),(1130,33,'KEREN leiva',229,'2017-10-19 02:26:01',1,'\0',15,'kobi',35,0,0,0,0,0,1,NULL),(1131,33,'KEREN leiva',229,'2017-10-19 02:26:34',1,'\0',15,'kobi',60,0,0,0,0,0,1,NULL),(1132,1,'system',0,'2017-10-19 02:39:23',3,'\0',15,'kobi',35,0,0,0,0,0,1,NULL),(1133,9,'haim',95,'2017-10-19 02:39:42',1,'\0',6,'marco',100,0,0,0,0,0,1,NULL),(1134,143,'refael saban',125,'2017-10-19 02:39:55',1,'\0',15,'kobi',80,0,0,0,0,0,1,NULL),(1135,143,'refael saban',125,'2017-10-19 03:15:38',1,'\0',15,'kobi',20,0,0,0,0,0,1,NULL),(1136,146,'sara juliana perez diaz',119,'2017-10-19 03:57:17',1,'\0',15,'kobi',35,0,0,0,0,0,1,NULL),(1137,1,'system',0,'2017-10-19 04:07:31',3,'\0',15,'kobi',240,0,0,0,0,0,1,NULL),(1138,23,'קובי',115,'2017-10-19 04:08:16',1,'\0',15,'kobi',120,0,0,0,0,0,1,NULL),(1139,1,'system',0,'2017-10-19 04:19:54',3,'\0',6,'marco',80,0,0,0,0,0,1,NULL),(1140,1,'system',0,'2017-10-19 04:21:02',3,'\0',6,'marco',30,0,0,0,0,0,1,NULL),(1141,23,'קובי',115,'2017-10-19 04:21:41',1,'\0',15,'kobi',65,0,0,0,0,0,1,NULL),(1142,1,'system',0,'2017-10-19 04:27:14',3,'\0',6,'marco',80,0,0,0,0,0,1,NULL),(1143,1,'system',0,'2017-10-19 04:30:02',3,'\0',6,'marco',110,0,0,0,0,0,1,NULL),(1144,1,'system',0,'2017-10-19 04:50:57',3,'\0',15,'kobi',80,0,0,0,0,0,1,NULL),(1145,1,'system',0,'2017-10-19 05:00:13',3,'\0',6,'marco',20,0,0,0,0,0,1,NULL),(1146,1,'system',0,'2017-10-19 05:05:03',3,'\0',15,'kobi',35,0,0,0,0,0,1,NULL),(1147,127,'noa hofman',127,'2017-10-19 05:07:55',1,'\0',6,'marco',35,0,0,0,0,0,1,NULL),(1148,146,'sara juliana perez diaz',119,'2017-10-19 05:24:07',1,'\0',6,'marco',20,0,0,0,0,0,1,NULL),(1149,129,'IDAN ALMAGOR',130,'2017-10-19 05:31:27',1,'\0',15,'kobi',30,0,0,0,0,0,1,NULL),(1150,91,'itamar gabay',33,'2017-10-19 07:02:44',1,'\0',6,'marco',30,0,0,0,0,0,1,NULL),(1151,93,'shmuel moshe',34,'2017-10-19 07:02:57',1,'\0',6,'marco',30,0,0,0,0,0,1,NULL),(1152,144,'odaya kobous',6,'2017-10-19 07:03:17',1,'\0',6,'marco',20,0,0,0,0,0,1,NULL),(1153,123,'atias yarden',11,'2017-10-19 07:03:28',1,'\0',6,'marco',30,0,0,0,0,0,1,NULL),(1154,117,'noa elbaz',27,'2017-10-19 10:29:54',1,'\0',4,'evyatar',30,0,0,0,0,0,1,NULL),(1155,142,'KIMHI GAL',12,'2017-10-19 10:30:16',1,'\0',4,'evyatar',30,0,0,0,0,0,1,NULL),(1156,118,'amit hagai',163,'2017-10-19 10:33:50',1,'\0',4,'evyatar',80,0,0,0,0,0,1,NULL),(1157,130,'Fsandra LUBARSKI',21,'2017-10-19 11:15:41',1,'\0',14,'akiko',30,0,0,0,0,0,1,NULL),(1158,131,'Fsharon MARCUS',22,'2017-10-19 11:16:07',1,'\0',14,'akiko',30,0,0,0,0,0,1,NULL),(1159,142,'KIMHI GAL',12,'2017-10-19 11:21:40',1,'\0',14,'akiko',120,0,0,0,0,0,1,NULL),(1160,119,'hila meir',164,'2017-10-19 11:47:10',1,'\0',4,'evyatar',100,0,0,0,0,0,1,NULL),(1161,138,'haim aharon',75,'2017-10-19 11:48:10',1,'\0',4,'evyatar',30,0,0,0,0,0,1,NULL),(1162,147,'tal yehoshua',16,'2017-10-19 11:53:31',1,'\0',4,'evyatar',200,0,0,0,0,0,1,NULL),(1163,149,'ezra yeoshua',18,'2017-10-19 11:53:41',1,'\0',4,'evyatar',200,0,0,0,0,0,1,NULL),(1164,147,'tal yehoshua',16,'2017-10-19 12:30:14',1,'\0',9,'ruhama',30,0,0,0,0,0,1,NULL),(1165,149,'ezra yeoshua',18,'2017-10-19 12:31:39',1,'\0',9,'ruhama',30,0,0,0,0,0,1,NULL),(1166,1,'system',0,'2017-10-19 12:35:08',3,'\0',9,'ruhama',110,0,0,0,0,0,1,NULL),(1167,127,'noa hofman',127,'2017-10-19 12:41:24',1,'\0',9,'ruhama',130,0,0,0,0,0,1,NULL),(1168,143,'refael saban',125,'2017-10-19 12:42:02',1,'\0',4,'evyatar',30,0,0,0,0,0,1,NULL),(1169,143,'refael saban',125,'2017-10-19 13:30:20',1,'\0',14,'akiko',65,0,0,0,0,0,1,NULL),(1170,1,'system',0,'2017-10-19 13:39:40',3,'\0',4,'evyatar',340,0,0,0,0,0,1,NULL),(1171,118,'amit hagai',163,'2017-10-19 14:03:47',1,'\0',4,'evyatar',20,0,0,0,0,0,1,NULL),(1172,130,'Fsandra LUBARSKI',21,'2017-10-19 14:06:08',1,'\0',4,'evyatar',180,0,0,0,0,0,1,NULL),(1173,131,'Fsharon MARCUS',22,'2017-10-19 14:06:21',1,'\0',4,'evyatar',180,0,0,0,0,0,1,NULL),(1174,1,'system',0,'2017-10-19 14:10:18',3,'\0',9,'ruhama',490,0,0,0,0,0,1,NULL),(1175,130,'Fsandra LUBARSKI',21,'2017-10-19 14:16:19',1,'\0',9,'ruhama',20,0,0,0,0,0,1,NULL),(1176,119,'hila meir',164,'2017-10-19 14:29:30',1,'\0',6,'marco',150,0,0,0,0,0,1,NULL),(1177,18,'orel f',80,'2017-10-19 14:38:24',1,'\0',4,'evyatar',120,0,0,0,0,0,1,NULL),(1178,151,'IDAN MOZ',260,'2017-10-19 14:53:00',1,'\0',4,'evyatar',200,0,0,0,0,0,1,NULL),(1179,118,'amit hagai',163,'2017-10-19 15:05:00',1,'\0',4,'evyatar',120,0,0,0,0,0,1,NULL),(1180,129,'IDAN ALMAGOR',130,'2017-10-19 15:10:55',1,'\0',4,'evyatar',100,0,0,0,0,0,1,NULL),(1181,131,'Fsharon MARCUS',22,'2017-10-19 15:27:28',1,'\0',4,'evyatar',20,0,0,0,0,0,1,NULL),(1182,9,'haim',95,'2017-10-19 15:59:39',1,'\0',4,'evyatar',150,0,0,0,0,0,1,NULL),(1183,9,'haim',95,'2017-10-19 16:03:42',1,'\0',4,'evyatar',405,0,0,0,0,0,1,NULL),(1184,9,'haim',95,'2017-10-19 16:19:14',1,'\0',4,'evyatar',0,0,0,0,0,0,1,NULL),(1185,1,'system',0,'2017-10-19 17:14:55',3,'\0',4,'evyatar',80,0,0,0,0,0,1,NULL),(1186,1,'system',0,'2017-10-19 17:32:34',3,'\0',4,'evyatar',220,0,0,0,0,0,1,NULL),(1187,138,'haim aharon',75,'2017-10-19 17:39:19',1,'\0',4,'evyatar',100,0,0,0,0,0,1,NULL),(1188,138,'haim aharon',75,'2017-10-19 17:49:03',1,'\0',4,'evyatar',30,0,0,0,0,0,1,NULL),(1189,156,'SHANI',70,'2017-10-19 17:49:27',1,'\0',4,'evyatar',30,0,0,0,0,0,1,NULL),(1190,157,'SHIRAN MASICH',71,'2017-10-19 17:49:37',1,'\0',4,'evyatar',30,0,0,0,0,0,1,NULL),(1191,150,'ron shahin',121,'2017-10-19 17:50:27',1,'\0',4,'evyatar',150,0,0,0,0,0,1,NULL),(1192,127,'noa hofman',127,'2017-10-19 17:55:02',1,'\0',4,'evyatar',150,0,0,0,0,0,1,NULL),(1193,150,'ron shahin',121,'2017-10-19 18:00:58',1,'\0',4,'evyatar',30,0,0,0,0,0,1,NULL),(1194,140,'ROTEM YOHANANUF',257,'2017-10-19 18:01:09',1,'\0',6,'marco',30,0,0,0,0,0,1,NULL),(1195,147,'tal yehoshua',16,'2017-10-19 18:14:54',1,'\0',4,'evyatar',100,0,0,0,0,0,1,NULL),(1196,147,'tal yehoshua',16,'2017-10-19 18:20:20',1,'\0',4,'evyatar',115,0,0,0,0,0,1,NULL),(1197,129,'IDAN ALMAGOR',130,'2017-10-19 18:20:34',1,'\0',4,'evyatar',20,0,0,0,0,0,1,NULL),(1198,129,'IDAN ALMAGOR',130,'2017-10-19 18:21:31',1,'\0',4,'evyatar',30,0,0,0,0,0,1,NULL),(1199,126,'sapir horesh',30,'2017-10-19 18:22:08',1,'\0',4,'evyatar',120,0,0,0,0,0,1,NULL),(1200,118,'amit hagai',163,'2017-10-19 18:24:20',1,'\0',4,'evyatar',50,0,0,0,0,0,1,NULL),(1201,1,'system',0,'2017-10-19 18:49:59',3,'\0',4,'evyatar',540,0,0,0,0,0,1,NULL),(1202,119,'hila meir',164,'2017-10-19 19:37:47',1,'\0',15,'kobi',150,0,0,0,0,0,1,NULL),(1203,91,'itamar gabay',33,'2017-10-19 19:43:32',1,'\0',15,'kobi',20,0,0,0,0,0,1,NULL),(1204,1,'system',0,'2017-10-19 19:55:20',3,'\0',15,'kobi',40,0,0,0,0,0,1,NULL),(1205,131,'Fsharon MARCUS',22,'2017-10-19 20:02:49',1,'\0',7,'buba',50,0,0,0,0,0,1,NULL),(1206,119,'hila meir',164,'2017-10-19 20:21:09',1,'\0',15,'kobi',20,0,0,0,0,0,1,NULL),(1207,1,'system',0,'2017-10-19 20:22:11',3,'\0',16,'CAMI',130,0,0,0,0,0,1,NULL),(1208,90,'moshe shimon',31,'2017-10-19 20:25:28',1,'\0',7,'buba',130,0,0,0,0,0,1,NULL),(1209,1,'system',0,'2017-10-19 20:26:01',2,'\0',7,'buba',20,0,0,0,0,0,1,NULL),(1210,91,'itamar gabay',33,'2017-10-19 20:28:43',1,'\0',15,'kobi',200,0,0,0,0,0,1,NULL),(1211,93,'shmuel moshe',34,'2017-10-19 20:29:03',1,'\0',15,'kobi',200,0,0,0,0,0,1,NULL),(1212,92,'ram moshe',32,'2017-10-19 20:29:20',1,'\0',15,'kobi',200,0,0,0,0,0,1,NULL),(1213,123,'atias yarden',11,'2017-10-19 20:30:54',1,'\0',15,'kobi',120,0,0,0,0,0,1,NULL),(1214,123,'atias yarden',11,'2017-10-19 20:34:04',1,'\0',7,'buba',100,0,0,0,0,0,1,NULL),(1215,93,'shmuel moshe',34,'2017-10-19 20:49:48',1,'\0',16,'CAMI',30,0,0,0,0,0,1,NULL),(1216,92,'ram moshe',32,'2017-10-19 20:50:16',1,'\0',15,'kobi',35,0,0,0,0,0,1,NULL),(1217,23,'קובי',115,'2017-10-19 20:52:37',1,'\0',15,'kobi',65,0,0,0,0,0,1,NULL),(1218,32,'SUSAN F',228,'2017-10-19 21:12:28',1,'\0',16,'CAMI',20,0,0,0,0,0,1,NULL),(1219,143,'refael saban',125,'2017-10-19 21:29:54',1,'\0',8,'hen',200,0,0,0,0,0,1,NULL),(1220,140,'ROTEM YOHANANUF',257,'2017-10-19 21:35:56',1,'\0',16,'CAMI',50,0,0,0,0,0,1,NULL),(1221,143,'refael saban',125,'2017-10-19 21:38:56',1,'\0',16,'CAMI',80,0,0,0,0,0,1,NULL),(1222,144,'odaya kobous',6,'2017-10-19 21:46:25',1,'\0',16,'CAMI',360,0,0,0,0,0,1,NULL),(1223,123,'atias yarden',11,'2017-10-19 21:52:03',1,'\0',16,'CAMI',20,0,0,0,0,0,1,NULL),(1224,145,'linoy damti',7,'2017-10-19 21:56:19',3,'',16,'CAMI',270,0,0,0,0,16,1,NULL),(1225,145,'linoy damti',7,'2017-10-19 21:59:39',1,'\0',16,'CAMI',270,0,0,0,0,0,1,NULL),(1226,92,'ram moshe',32,'2017-10-19 22:01:05',1,'\0',16,'CAMI',100,0,0,0,0,0,1,NULL),(1227,142,'KIMHI GAL',12,'2017-10-19 22:13:36',1,'\0',16,'CAMI',120,0,0,0,0,0,1,NULL),(1228,144,'odaya kobous',6,'2017-10-19 22:19:18',1,'\0',16,'CAMI',100,0,0,0,0,0,1,NULL),(1229,149,'ezra yeoshua',18,'2017-10-19 22:26:05',1,'\0',16,'CAMI',800,0,0,0,0,0,1,NULL),(1230,144,'odaya kobous',6,'2017-10-19 22:26:29',1,'\0',16,'CAMI',50,0,0,0,0,0,1,NULL),(1231,149,'ezra yeoshua',18,'2017-10-19 22:28:46',1,'\0',16,'CAMI',50,0,0,0,0,0,1,NULL),(1232,148,'tomer skliar',17,'2017-10-19 22:28:57',1,'\0',16,'CAMI',50,0,0,0,0,0,1,NULL),(1233,148,'tomer skliar',17,'2017-10-19 22:36:45',1,'',16,'CAMI',80,0,0,0,0,16,1,NULL),(1234,150,'ron shahin',121,'2017-10-19 22:45:07',1,'\0',16,'CAMI',600,0,0,0,0,0,1,NULL),(1235,93,'shmuel moshe',34,'2017-10-19 22:48:12',1,'\0',16,'CAMI',50,0,0,0,0,0,1,NULL),(1236,148,'tomer skliar',17,'2017-10-19 22:48:28',1,'\0',16,'CAMI',80,0,0,0,0,0,1,NULL),(1237,92,'ram moshe',32,'2017-10-19 22:48:42',1,'\0',16,'CAMI',50,0,0,0,0,0,1,NULL),(1238,145,'linoy damti',7,'2017-10-19 22:50:41',1,'\0',16,'CAMI',20,0,0,0,0,0,1,NULL),(1239,148,'tomer skliar',17,'2017-10-19 22:56:02',1,'\0',16,'CAMI',50,0,0,0,0,0,1,NULL),(1240,123,'atias yarden',11,'2017-10-19 22:57:26',1,'\0',4,'evyatar',65,0,0,0,0,0,1,NULL),(1241,1,'system',0,'2017-10-19 23:10:33',3,'\0',4,'evyatar',165,0,0,0,0,0,1,NULL),(1242,90,'moshe shimon',31,'2017-10-19 23:12:47',1,'\0',4,'evyatar',50,0,0,0,0,0,1,NULL),(1243,90,'moshe shimon',31,'2017-10-19 23:14:28',1,'\0',4,'evyatar',50,0,0,0,0,0,1,NULL),(1244,92,'ram moshe',32,'2017-10-19 23:25:07',1,'\0',15,'kobi',65,0,0,0,0,0,1,NULL),(1245,156,'SHANI',70,'2017-10-19 23:36:15',1,'\0',15,'kobi',100,0,0,0,0,0,1,NULL),(1246,157,'SHIRAN MASICH',71,'2017-10-19 23:36:38',1,'\0',15,'kobi',30,0,0,0,0,0,1,NULL),(1247,149,'ezra yeoshua',18,'2017-10-19 23:39:17',1,'\0',16,'CAMI',50,0,0,0,0,0,1,NULL),(1248,145,'linoy damti',7,'2017-10-19 23:39:31',1,'\0',16,'CAMI',50,0,0,0,0,0,1,NULL),(1249,131,'Fsharon MARCUS',22,'2017-10-19 23:41:40',1,'\0',15,'kobi',30,0,0,0,0,0,1,NULL),(1250,91,'itamar gabay',33,'2017-10-19 23:45:31',1,'\0',16,'CAMI',50,0,0,0,0,0,1,NULL),(1251,91,'itamar gabay',33,'2017-10-19 23:48:32',1,'\0',16,'CAMI',50,0,0,0,0,0,1,NULL),(1252,123,'atias yarden',11,'2017-10-19 23:49:07',1,'\0',16,'CAMI',50,0,0,0,0,0,1,NULL),(1253,23,'קובי',115,'2017-10-19 23:55:10',1,'\0',15,'kobi',50,0,0,0,0,0,1,NULL),(1254,130,'Fsandra LUBARSKI',21,'2017-10-20 00:02:33',1,'\0',16,'CAMI',200,0,0,0,0,0,1,NULL),(1255,142,'KIMHI GAL',12,'2017-10-20 00:11:11',1,'\0',16,'CAMI',120,0,0,0,0,0,1,NULL),(1256,91,'itamar gabay',33,'2017-10-20 00:13:23',1,'\0',16,'CAMI',50,0,0,0,0,0,1,NULL),(1257,123,'atias yarden',11,'2017-10-20 00:15:35',1,'\0',16,'CAMI',50,0,0,0,0,0,1,NULL),(1258,91,'itamar gabay',33,'2017-10-20 00:18:03',1,'\0',15,'kobi',50,0,0,0,0,0,1,NULL),(1259,148,'tomer skliar',17,'2017-10-20 00:23:14',1,'\0',15,'kobi',320,0,0,0,0,0,1,NULL),(1260,143,'refael saban',125,'2017-10-20 00:24:26',1,'\0',16,'CAMI',20,0,0,0,0,0,1,NULL),(1261,148,'tomer skliar',17,'2017-10-20 00:36:05',1,'\0',16,'CAMI',480,0,0,0,0,0,1,NULL),(1262,148,'tomer skliar',17,'2017-10-20 00:37:25',1,'\0',16,'CAMI',50,0,0,0,0,0,1,NULL),(1263,159,'DOR AHARON',167,'2017-10-20 00:41:46',1,'\0',7,'buba',80,0,0,0,0,0,1,NULL),(1264,93,'shmuel moshe',34,'2017-10-20 00:46:17',1,'\0',15,'kobi',50,0,0,0,0,0,1,NULL),(1265,23,'קובי',115,'2017-10-20 00:50:06',1,'\0',7,'buba',65,0,0,0,0,0,1,NULL),(1266,92,'ram moshe',32,'2017-10-20 00:50:27',1,'\0',7,'buba',65,0,0,0,0,0,1,NULL),(1267,126,'sapir horesh',30,'2017-10-20 00:52:12',1,'\0',15,'kobi',320,0,0,0,0,0,1,NULL),(1268,147,'tal yehoshua',16,'2017-10-20 00:52:47',1,'\0',15,'kobi',160,0,0,0,0,0,1,NULL),(1269,159,'DOR AHARON',167,'2017-10-20 00:58:58',1,'\0',15,'kobi',120,0,0,0,0,0,1,NULL),(1270,159,'DOR AHARON',167,'2017-10-20 01:14:06',1,'\0',15,'kobi',100,0,0,0,0,0,1,NULL),(1271,159,'DOR AHARON',167,'2017-10-20 01:40:55',1,'\0',16,'CAMI',100,0,0,0,0,0,1,NULL),(1272,131,'Fsharon MARCUS',22,'2017-10-20 03:22:09',1,'\0',16,'CAMI',120,0,0,0,0,0,1,NULL),(1273,138,'haim aharon',75,'2017-10-20 03:37:35',1,'\0',16,'CAMI',185,0,0,0,0,0,1,NULL),(1274,91,'itamar gabay',33,'2017-10-20 03:38:10',1,'\0',15,'kobi',20,0,0,0,0,0,1,NULL),(1275,144,'odaya kobous',6,'2017-10-20 03:39:49',1,'\0',15,'kobi',20,0,0,0,0,0,1,NULL),(1276,144,'odaya kobous',6,'2017-10-20 03:41:22',1,'\0',15,'kobi',40,0,0,0,0,0,1,NULL),(1277,118,'amit hagai',163,'2017-10-20 03:44:41',1,'\0',15,'kobi',40,0,0,0,0,0,1,NULL),(1278,138,'haim aharon',75,'2017-10-20 03:45:23',1,'\0',15,'kobi',120,0,0,0,0,0,1,NULL),(1279,145,'linoy damti',7,'2017-10-20 03:45:51',1,'\0',16,'CAMI',100,0,0,0,0,0,1,NULL),(1280,119,'hila meir',164,'2017-10-20 03:46:16',1,'\0',15,'kobi',120,0,0,0,0,0,1,NULL),(1281,143,'refael saban',125,'2017-10-20 03:52:37',1,'\0',15,'kobi',30,0,0,0,0,0,1,NULL),(1282,123,'atias yarden',11,'2017-10-20 03:53:32',1,'\0',15,'kobi',130,0,0,0,0,0,1,NULL),(1283,123,'atias yarden',11,'2017-10-20 03:55:21',1,'\0',15,'kobi',35,0,0,0,0,0,1,NULL),(1284,148,'tomer skliar',17,'2017-10-20 03:58:30',1,'\0',16,'CAMI',20,0,0,0,0,0,1,NULL),(1285,145,'linoy damti',7,'2017-10-20 04:00:12',1,'\0',16,'CAMI',20,0,0,0,0,0,1,NULL),(1286,91,'itamar gabay',33,'2017-10-20 04:09:33',1,'\0',16,'CAMI',20,0,0,0,0,0,1,NULL),(1287,157,'SHIRAN MASICH',71,'2017-10-20 04:23:30',1,'\0',15,'kobi',20,0,0,0,0,0,1,NULL),(1288,144,'odaya kobous',6,'2017-10-20 04:24:06',1,'\0',15,'kobi',20,0,0,0,0,0,1,NULL),(1289,148,'tomer skliar',17,'2017-10-20 04:26:06',1,'\0',15,'kobi',20,0,0,0,0,0,1,NULL),(1290,92,'ram moshe',32,'2017-10-20 04:26:28',1,'\0',15,'kobi',40,0,0,0,0,0,1,NULL),(1291,91,'itamar gabay',33,'2017-10-20 04:31:25',1,'\0',16,'CAMI',20,0,0,0,0,0,1,NULL),(1292,91,'itamar gabay',33,'2017-10-20 04:47:09',1,'\0',16,'CAMI',20,0,0,0,0,0,1,NULL),(1293,147,'tal yehoshua',16,'2017-10-20 05:01:31',1,'\0',16,'CAMI',200,0,0,0,0,0,1,NULL),(1294,92,'ram moshe',32,'2017-10-20 05:03:59',1,'\0',16,'CAMI',65,0,0,0,0,0,1,NULL),(1295,147,'tal yehoshua',16,'2017-10-20 05:45:24',1,'\0',16,'CAMI',120,0,0,0,0,0,1,NULL),(1296,148,'tomer skliar',17,'2017-10-20 05:56:27',1,'\0',16,'CAMI',20,0,0,0,0,0,1,NULL),(1297,149,'ezra yeoshua',18,'2017-10-20 05:59:23',1,'\0',16,'CAMI',30,0,0,0,0,0,1,NULL),(1298,147,'tal yehoshua',16,'2017-10-20 05:59:36',1,'\0',16,'CAMI',30,0,0,0,0,0,1,NULL),(1299,126,'sapir horesh',30,'2017-10-20 06:32:50',1,'\0',16,'CAMI',30,0,0,0,0,0,1,NULL),(1300,156,'SHANI',70,'2017-10-20 09:33:57',1,'\0',4,'evyatar',25,0,0,0,0,0,1,NULL),(1301,127,'noa hofman',127,'2017-10-20 09:34:09',1,'\0',4,'evyatar',25,0,0,0,0,0,1,NULL),(1302,128,'MOR ALMAGOR',129,'2017-10-20 10:03:18',1,'\0',4,'evyatar',50,0,0,0,0,0,1,NULL),(1303,151,'IDAN MOZ',260,'2017-10-20 10:06:50',1,'\0',4,'evyatar',115,0,0,0,0,0,1,NULL),(1304,158,'liron  twito',262,'2017-10-20 10:07:09',1,'\0',4,'evyatar',120,0,0,0,0,0,1,NULL),(1305,151,'IDAN MOZ',260,'2017-10-20 10:18:40',1,'\0',4,'evyatar',30,0,0,0,0,0,1,NULL),(1306,161,'CUAIDIA',267,'2017-10-20 10:22:27',1,'\0',4,'evyatar',150,0,0,0,0,0,1,NULL),(1307,158,'liron  twito',262,'2017-10-20 10:23:27',1,'\0',4,'evyatar',35,0,0,0,0,0,1,NULL),(1308,144,'odaya kobous',6,'2017-10-20 10:23:34',1,'\0',4,'evyatar',20,0,0,0,0,0,1,NULL),(1309,130,'Fsandra LUBARSKI',21,'2017-10-20 10:38:13',1,'\0',4,'evyatar',30,0,0,0,0,0,1,NULL),(1310,1,'system',0,'2017-10-20 11:38:15',3,'\0',7,'buba',340,0,0,0,0,0,1,NULL),(1311,90,'moshe shimon',31,'2017-10-20 11:40:28',1,'\0',7,'buba',140,0,0,0,0,0,1,NULL),(1312,154,'LEA ITHAK',213,'2017-10-20 11:44:23',1,'\0',4,'evyatar',200,0,0,0,0,0,1,NULL),(1313,142,'KIMHI GAL',12,'2017-10-20 11:48:45',1,'\0',4,'evyatar',30,0,0,0,0,0,1,NULL),(1314,140,'ROTEM YOHANANUF',257,'2017-10-20 11:54:39',1,'\0',7,'buba',20,0,0,0,0,0,1,NULL),(1315,142,'KIMHI GAL',12,'2017-10-20 11:58:47',1,'\0',7,'buba',120,0,0,0,0,0,1,NULL),(1316,118,'amit hagai',163,'2017-10-20 12:00:54',1,'\0',7,'buba',100,0,0,0,0,0,1,NULL),(1317,91,'itamar gabay',33,'2017-10-20 12:01:20',1,'\0',4,'evyatar',20,0,0,0,0,0,1,NULL),(1318,150,'ron shahin',121,'2017-10-20 12:08:21',1,'\0',7,'buba',20,0,0,0,0,0,1,NULL),(1319,90,'moshe shimon',31,'2017-10-20 12:09:55',1,'\0',4,'evyatar',100,0,0,0,0,0,1,NULL),(1320,90,'moshe shimon',31,'2017-10-20 12:10:19',1,'\0',4,'evyatar',35,0,0,0,0,0,1,NULL),(1321,162,'daniel cohen',60,'2017-10-20 12:11:31',1,'\0',4,'evyatar',200,0,0,0,0,0,1,NULL),(1322,163,'mor dahry ',61,'2017-10-20 12:11:38',1,'\0',4,'evyatar',200,0,0,0,0,0,1,NULL),(1323,143,'refael saban',125,'2017-10-20 12:14:25',1,'\0',7,'buba',50,0,0,0,0,0,1,NULL),(1324,1,'system',0,'2017-10-20 12:22:03',3,'',4,'evyatar',240,0,0,0,0,4,1,NULL),(1325,1,'system',0,'2017-10-20 12:24:59',2,'\0',4,'evyatar',240,0,0,0,0,0,1,NULL),(1326,119,'hila meir',164,'2017-10-20 12:28:44',1,'\0',4,'evyatar',100,0,0,0,0,0,1,NULL),(1327,90,'moshe shimon',31,'2017-10-20 12:39:02',1,'\0',4,'evyatar',275,0,0,0,0,0,1,NULL),(1328,90,'moshe shimon',31,'2017-10-20 12:49:34',1,'\0',4,'evyatar',30,0,0,0,0,0,1,NULL),(1329,162,'daniel cohen',60,'2017-10-20 13:05:13',1,'\0',4,'evyatar',0,0,0,0,0,0,1,NULL),(1330,143,'refael saban',125,'2017-10-20 13:17:14',1,'\0',4,'evyatar',65,0,0,0,0,0,1,NULL),(1331,145,'linoy damti',7,'2017-10-20 13:17:15',1,'\0',14,'akiko',130,0,0,0,0,0,1,NULL),(1332,144,'odaya kobous',6,'2017-10-20 13:44:21',1,'\0',12,'ado',20,0,0,0,0,0,1,NULL),(1333,147,'tal yehoshua',16,'2017-10-20 13:58:11',1,'\0',7,'buba',20,0,0,0,0,0,1,NULL),(1334,164,'michal choen',75,'2017-10-20 14:09:37',1,'\0',4,'evyatar',70,0,0,0,0,0,1,NULL),(1335,140,'ROTEM YOHANANUF',257,'2017-10-20 14:29:18',1,'\0',7,'buba',35,0,0,0,0,0,1,NULL),(1336,1,'system',0,'2017-10-20 14:39:07',2,'',7,'buba',370,0,0,0,0,4,1,NULL),(1337,9,'haim',95,'2017-10-20 15:15:24',1,'\0',4,'evyatar',150,0,0,0,0,0,1,NULL),(1338,161,'CUAIDIA',267,'2017-10-20 15:20:03',1,'\0',4,'evyatar',170,0,0,0,0,0,1,NULL),(1339,142,'KIMHI GAL',12,'2017-10-20 15:22:05',1,'\0',4,'evyatar',40,0,0,0,0,0,1,NULL),(1340,118,'amit hagai',163,'2017-10-20 15:23:16',1,'\0',4,'evyatar',40,0,0,0,0,0,1,NULL),(1341,9,'haim',95,'2017-10-20 15:24:28',1,'\0',7,'buba',20,0,0,0,0,0,1,NULL),(1342,1,'system',0,'2017-10-20 15:33:21',3,'\0',4,'evyatar',300,0,0,0,0,0,1,NULL),(1343,131,'Fsharon MARCUS',22,'2017-10-20 16:53:54',1,'\0',4,'evyatar',200,0,0,0,0,0,1,NULL),(1344,130,'Fsandra LUBARSKI',21,'2017-10-20 16:54:02',1,'\0',4,'evyatar',200,0,0,0,0,0,1,NULL),(1345,156,'SHANI',70,'2017-10-20 16:54:10',1,'\0',4,'evyatar',200,0,0,0,0,0,1,NULL),(1346,157,'SHIRAN MASICH',71,'2017-10-20 16:54:22',1,'\0',4,'evyatar',200,0,0,0,0,0,1,NULL),(1347,144,'odaya kobous',6,'2017-10-20 16:56:56',1,'\0',4,'evyatar',200,0,0,0,0,0,1,NULL),(1348,145,'linoy damti',7,'2017-10-20 16:57:04',1,'\0',4,'evyatar',200,0,0,0,0,0,1,NULL),(1349,151,'IDAN MOZ',260,'2017-10-20 16:57:36',1,'\0',4,'evyatar',200,0,0,0,0,0,1,NULL),(1350,158,'liron  twito',262,'2017-10-20 16:57:49',1,'\0',4,'evyatar',200,0,0,0,0,0,1,NULL),(1351,164,'michal choen',75,'2017-10-20 16:58:05',1,'\0',4,'evyatar',200,0,0,0,0,0,1,NULL),(1352,165,'dorin hazak',76,'2017-10-20 16:58:14',1,'\0',4,'evyatar',200,0,0,0,0,0,1,NULL),(1353,140,'ROTEM YOHANANUF',257,'2017-10-20 17:01:56',1,'\0',4,'evyatar',200,0,0,0,0,0,1,NULL),(1354,141,'OFIR AZANKOT',258,'2017-10-20 17:02:03',1,'\0',4,'evyatar',200,0,0,0,0,0,1,NULL),(1355,128,'MOR ALMAGOR',129,'2017-10-20 17:11:17',1,'\0',4,'evyatar',80,0,0,0,0,0,1,NULL),(1356,157,'SHIRAN MASICH',71,'2017-10-20 17:25:01',1,'\0',7,'buba',20,0,0,0,0,0,1,NULL),(1357,33,'KEREN leiva',229,'2017-10-20 17:30:46',1,'\0',4,'evyatar',150,0,0,0,0,0,1,NULL),(1358,166,'franggely ',8,'2017-10-20 17:51:29',1,'\0',4,'evyatar',40,0,0,0,0,0,1,NULL),(1359,151,'IDAN MOZ',260,'2017-10-20 18:12:26',1,'\0',4,'evyatar',200,0,0,0,0,0,1,NULL),(1360,158,'liron  twito',262,'2017-10-20 18:12:37',1,'\0',4,'evyatar',200,0,0,0,0,0,1,NULL),(1361,1,'system',0,'2017-10-20 18:21:08',3,'\0',4,'evyatar',130,0,0,0,0,0,1,NULL),(1362,123,'atias yarden',11,'2017-10-20 18:48:56',1,'\0',4,'evyatar',200,0,0,0,0,0,1,NULL),(1363,126,'sapir horesh',30,'2017-10-20 18:49:24',1,'\0',4,'evyatar',200,0,0,0,0,0,1,NULL),(1364,149,'ezra yeoshua',18,'2017-10-20 18:49:36',1,'\0',4,'evyatar',200,0,0,0,0,0,1,NULL),(1365,148,'tomer skliar',17,'2017-10-20 18:49:48',1,'\0',4,'evyatar',200,0,0,0,0,0,1,NULL),(1366,147,'tal yehoshua',16,'2017-10-20 18:49:58',1,'\0',4,'evyatar',200,0,0,0,0,0,1,NULL),(1367,1,'system',0,'2017-10-20 20:01:30',3,'\0',16,'CAMI',20,0,0,0,0,0,1,NULL),(1368,129,'IDAN ALMAGOR',130,'2017-10-20 20:08:56',1,'\0',16,'CAMI',30,0,0,0,0,0,1,NULL),(1369,142,'KIMHI GAL',12,'2017-10-20 20:15:29',1,'\0',16,'CAMI',200,0,0,0,0,0,1,NULL),(1370,161,'CUAIDIA',267,'2017-10-20 20:24:53',1,'\0',16,'CAMI',20,0,0,0,0,0,1,NULL),(1371,19,'elior buba',83,'2017-10-20 20:56:33',1,'\0',16,'CAMI',65,0,0,0,0,0,1,NULL),(1372,19,'elior buba',83,'2017-10-20 20:56:41',1,'\0',6,'marco',65,0,0,0,0,0,1,NULL),(1373,143,'refael saban',125,'2017-10-20 20:58:40',1,'\0',16,'CAMI',65,0,0,0,0,0,1,NULL),(1374,166,'franggely ',8,'2017-10-20 21:22:12',1,'\0',16,'CAMI',40,0,0,0,0,0,1,NULL),(1375,145,'linoy damti',7,'2017-10-20 21:22:23',1,'\0',16,'CAMI',120,0,0,0,0,0,1,NULL),(1376,118,'amit hagai',163,'2017-10-20 21:22:44',1,'\0',16,'CAMI',40,0,0,0,0,0,1,NULL),(1377,144,'odaya kobous',6,'2017-10-20 21:37:09',1,'\0',6,'marco',35,0,0,0,0,0,1,NULL),(1378,144,'odaya kobous',6,'2017-10-20 21:39:12',1,'\0',16,'CAMI',155,0,0,0,0,0,1,NULL),(1379,141,'OFIR AZANKOT',258,'2017-10-20 21:39:33',1,'\0',16,'CAMI',40,0,0,0,0,0,1,NULL),(1380,123,'atias yarden',11,'2017-10-20 21:48:40',1,'\0',6,'marco',120,0,0,0,0,0,1,NULL),(1381,1,'system',0,'2017-10-20 21:49:37',3,'\0',16,'CAMI',800,0,0,0,0,0,1,NULL),(1382,145,'linoy damti',7,'2017-10-20 22:08:06',1,'\0',16,'CAMI',240,0,0,0,0,0,1,NULL),(1383,1,'system',0,'2017-10-20 22:10:49',3,'\0',16,'CAMI',40,0,0,0,0,0,1,NULL),(1384,147,'tal yehoshua',16,'2017-10-20 22:15:25',1,'\0',16,'CAMI',80,0,0,0,0,0,1,NULL),(1385,147,'tal yehoshua',16,'2017-10-20 22:15:41',1,'\0',16,'CAMI',35,0,0,0,0,0,1,NULL),(1386,123,'atias yarden',11,'2017-10-20 22:18:17',1,'\0',16,'CAMI',120,0,0,0,0,0,1,NULL),(1387,166,'franggely ',8,'2017-10-20 22:20:19',1,'\0',6,'marco',30,0,0,0,0,0,1,NULL),(1388,123,'atias yarden',11,'2017-10-20 22:28:26',1,'\0',16,'CAMI',65,0,0,0,0,0,1,NULL),(1389,144,'odaya kobous',6,'2017-10-20 23:00:43',1,'\0',6,'marco',120,0,0,0,0,0,1,NULL),(1390,1,'system',0,'2017-10-20 23:06:01',3,'\0',6,'marco',100,0,0,0,0,0,1,NULL),(1391,166,'franggely ',8,'2017-10-20 23:11:31',1,'\0',6,'marco',30,0,0,0,0,0,1,NULL),(1392,1,'system',0,'2017-10-20 23:14:04',3,'\0',16,'CAMI',50,0,0,0,0,0,1,NULL),(1393,145,'linoy damti',7,'2017-10-20 23:31:09',1,'\0',16,'CAMI',240,0,0,0,0,0,1,NULL),(1394,123,'atias yarden',11,'2017-10-20 23:33:22',1,'\0',6,'marco',80,0,0,0,0,0,1,NULL),(1395,123,'atias yarden',11,'2017-10-20 23:34:28',1,'\0',16,'CAMI',50,0,0,0,0,0,1,NULL),(1396,148,'tomer skliar',17,'2017-10-20 23:50:55',1,'\0',16,'CAMI',35,0,0,0,0,0,1,NULL),(1397,141,'OFIR AZANKOT',258,'2017-10-20 23:52:06',1,'\0',6,'marco',40,0,0,0,0,0,1,NULL),(1398,1,'system',0,'2017-10-21 00:08:04',3,'\0',16,'CAMI',80,0,0,0,0,0,1,NULL),(1399,144,'odaya kobous',6,'2017-10-21 00:11:55',1,'\0',16,'CAMI',120,0,0,0,0,0,1,NULL),(1400,1,'system',0,'2017-10-21 00:16:25',3,'\0',16,'CAMI',240,0,0,0,0,0,1,NULL),(1401,143,'refael saban',125,'2017-10-21 00:17:16',1,'\0',16,'CAMI',120,0,0,0,0,0,1,NULL),(1402,131,'Fsharon MARCUS',22,'2017-10-21 00:25:37',1,'\0',6,'marco',20,0,0,0,0,0,1,NULL),(1403,1,'system',0,'2017-10-21 00:51:58',3,'\0',16,'CAMI',65,0,0,0,0,0,1,NULL),(1404,166,'franggely ',8,'2017-10-21 00:58:49',1,'\0',16,'CAMI',30,0,0,0,0,0,1,NULL),(1405,1,'system',0,'2017-10-21 01:08:26',3,'\0',16,'CAMI',120,0,0,0,0,0,1,NULL),(1406,19,'elior buba',83,'2017-10-21 01:34:08',1,'\0',16,'CAMI',40,0,0,0,0,0,1,NULL),(1407,23,'קובי',115,'2017-10-21 01:51:31',1,'\0',15,'kobi',65,0,0,0,0,0,1,NULL),(1408,1,'system',0,'2017-10-21 02:00:58',3,'\0',6,'marco',20,0,0,0,0,0,1,NULL),(1409,119,'hila meir',164,'2017-10-21 02:15:33',1,'\0',6,'marco',100,0,0,0,0,0,1,NULL),(1410,1,'system',0,'2017-10-21 02:16:10',3,'\0',6,'marco',150,0,0,0,0,0,1,NULL),(1411,149,'ezra yeoshua',18,'2017-10-21 02:25:25',1,'\0',16,'CAMI',20,0,0,0,0,0,1,NULL),(1412,148,'tomer skliar',17,'2017-10-21 02:32:03',1,'\0',16,'CAMI',75,0,0,0,0,0,1,NULL),(1413,32,'SUSAN F',228,'2017-10-21 03:11:04',1,'\0',6,'marco',100,0,0,0,0,0,1,NULL),(1414,32,'SUSAN F',228,'2017-10-21 03:14:38',1,'\0',6,'marco',30,0,0,0,0,0,1,NULL),(1415,9,'haim',95,'2017-10-21 03:22:26',1,'\0',6,'marco',120,0,0,0,0,0,1,NULL),(1416,1,'system',0,'2017-10-21 03:37:16',3,'\0',16,'CAMI',70,0,0,0,0,0,1,NULL),(1417,1,'system',0,'2017-10-21 03:39:53',3,'\0',16,'CAMI',0,0,0,0,0,0,1,NULL),(1418,1,'system',0,'2017-10-21 03:43:54',3,'\0',16,'CAMI',150,0,0,0,0,0,1,NULL),(1419,1,'system',0,'2017-10-21 03:48:54',3,'\0',16,'CAMI',30,0,0,0,0,0,1,NULL),(1420,1,'system',0,'2017-10-21 03:48:58',3,'\0',6,'marco',40,0,0,0,0,0,1,NULL),(1421,1,'system',0,'2017-10-21 03:52:02',3,'\0',6,'marco',420,0,0,0,0,0,1,NULL),(1422,1,'system',0,'2017-10-21 03:52:37',3,'\0',6,'marco',20,0,0,0,0,0,1,NULL),(1423,148,'tomer skliar',17,'2017-10-21 03:55:56',1,'\0',16,'CAMI',20,0,0,0,0,0,1,NULL),(1424,1,'system',0,'2017-10-21 03:59:33',3,'\0',16,'CAMI',200,0,0,0,0,0,1,NULL),(1425,130,'Fsandra LUBARSKI',21,'2017-10-21 04:03:48',1,'\0',6,'marco',20,0,0,0,0,0,1,NULL),(1426,131,'Fsharon MARCUS',22,'2017-10-21 04:03:59',1,'\0',6,'marco',20,0,0,0,0,0,1,NULL),(1427,141,'OFIR AZANKOT',258,'2017-10-21 04:04:15',1,'\0',6,'marco',20,0,0,0,0,0,1,NULL),(1428,166,'franggely ',8,'2017-10-21 04:05:28',1,'\0',6,'marco',20,0,0,0,0,0,1,NULL),(1429,123,'atias yarden',11,'2017-10-21 04:11:41',1,'\0',6,'marco',65,0,0,0,0,0,1,NULL),(1430,1,'system',0,'2017-10-21 04:13:34',3,'\0',6,'marco',40,0,0,0,0,0,1,NULL),(1431,164,'michal choen',75,'2017-10-21 04:30:10',1,'\0',6,'marco',20,0,0,0,0,0,1,NULL),(1432,1,'system',0,'2017-10-21 04:34:31',3,'\0',6,'marco',30,0,0,0,0,0,1,NULL),(1433,1,'system',0,'2017-10-21 04:36:13',3,'\0',6,'marco',50,0,0,0,0,0,1,NULL),(1434,1,'system',0,'2017-10-21 04:42:52',3,'\0',16,'CAMI',65,0,0,0,0,0,1,NULL),(1435,166,'franggely ',8,'2017-10-21 04:54:30',1,'\0',16,'CAMI',40,0,0,0,0,0,1,NULL),(1436,1,'system',0,'2017-10-21 04:58:27',3,'\0',6,'marco',30,0,0,0,0,0,1,NULL),(1437,148,'tomer skliar',17,'2017-10-21 05:12:02',1,'\0',16,'CAMI',120,0,0,0,0,0,1,NULL),(1438,140,'ROTEM YOHANANUF',257,'2017-10-21 05:17:37',1,'\0',6,'marco',20,0,0,0,0,0,1,NULL),(1439,166,'franggely ',8,'2017-10-21 05:30:52',1,'\0',6,'marco',40,0,0,0,0,0,1,NULL),(1440,148,'tomer skliar',17,'2017-10-21 05:33:46',1,'\0',16,'CAMI',30,0,0,0,0,0,1,NULL),(1441,149,'ezra yeoshua',18,'2017-10-21 05:36:46',1,'\0',6,'marco',40,0,0,0,0,0,1,NULL),(1442,149,'ezra yeoshua',18,'2017-10-21 05:38:15',1,'\0',6,'marco',20,0,0,0,0,0,1,NULL),(1443,166,'franggely ',8,'2017-10-21 05:54:16',1,'\0',16,'CAMI',40,0,0,0,0,0,1,NULL),(1444,166,'franggely ',8,'2017-10-21 06:16:58',1,'\0',6,'marco',40,0,0,0,0,0,1,NULL),(1445,166,'franggely ',8,'2017-10-21 06:59:59',1,'\0',6,'marco',20,0,0,0,0,0,1,NULL),(1446,160,'EMUNA AHARON',168,'2017-10-21 07:46:52',1,'\0',6,'marco',30,0,0,0,0,0,1,NULL),(1447,168,'ADVA BEN ISHAY',266,'2017-10-21 07:58:18',1,'\0',6,'marco',0,0,0,0,0,0,1,NULL),(1448,161,'CUAIDIA',267,'2017-10-21 08:03:38',1,'\0',6,'marco',175,0,0,0,0,0,1,NULL),(1449,159,'DOR AHARON',167,'2017-10-21 08:41:27',1,'\0',6,'marco',200,0,0,0,0,0,1,NULL),(1450,151,'IDAN MOZ',260,'2017-10-21 08:53:25',1,'\0',6,'marco',150,0,0,0,0,0,1,NULL),(1451,158,'liron  twito',262,'2017-10-21 08:56:32',1,'\0',6,'marco',170,0,0,0,0,0,1,NULL),(1452,158,'liron  twito',262,'2017-10-21 09:11:26',1,'\0',6,'marco',20,0,0,0,0,0,1,NULL),(1453,144,'odaya kobous',6,'2017-10-21 10:37:34',1,'\0',6,'marco',20,0,0,0,0,0,1,NULL),(1454,145,'linoy damti',7,'2017-10-21 10:38:36',1,'\0',6,'marco',30,0,0,0,0,0,1,NULL),(1455,1,'system',0,'2017-10-21 11:01:21',3,'\0',6,'marco',20,0,0,0,0,0,1,NULL),(1456,131,'Fsharon MARCUS',22,'2017-10-21 11:01:31',1,'\0',6,'marco',20,0,0,0,0,0,1,NULL),(1457,131,'Fsharon MARCUS',22,'2017-10-21 11:01:59',1,'\0',6,'marco',30,0,0,0,0,0,1,NULL),(1458,130,'Fsandra LUBARSKI',21,'2017-10-21 11:04:01',1,'\0',6,'marco',30,0,0,0,0,0,1,NULL),(1459,140,'ROTEM YOHANANUF',257,'2017-10-21 11:09:16',1,'\0',6,'marco',130,0,0,0,0,0,1,NULL),(1460,142,'KIMHI GAL',12,'2017-10-21 11:20:24',1,'\0',6,'marco',30,0,0,0,0,0,1,NULL),(1461,144,'odaya kobous',6,'2017-10-21 11:21:53',1,'\0',6,'marco',20,0,0,0,0,0,1,NULL),(1462,161,'CUAIDIA',267,'2017-10-21 11:23:39',1,'\0',6,'marco',150,0,0,0,0,0,1,NULL),(1463,142,'KIMHI GAL',12,'2017-10-21 11:24:07',1,'\0',6,'marco',120,0,0,0,0,0,1,NULL),(1464,144,'odaya kobous',6,'2017-10-21 11:35:38',1,'\0',6,'marco',140,0,0,0,0,0,1,NULL),(1465,1,'system',0,'2017-10-21 11:37:59',3,'\0',15,'kobi',20,0,0,0,0,0,1,NULL),(1466,158,'liron  twito',262,'2017-10-21 11:39:58',1,'\0',6,'marco',20,0,0,0,0,0,1,NULL),(1467,1,'system',0,'2017-10-21 11:44:02',3,'\0',6,'marco',150,0,0,0,0,0,1,NULL),(1468,144,'odaya kobous',6,'2017-10-21 11:44:33',1,'\0',6,'marco',20,0,0,0,0,0,1,NULL),(1469,119,'hila meir',164,'2017-10-21 11:49:33',1,'\0',15,'kobi',100,0,0,0,0,0,1,NULL),(1470,118,'amit hagai',163,'2017-10-21 11:50:36',1,'\0',15,'kobi',100,0,0,0,0,0,1,NULL),(1471,1,'system',0,'2017-10-21 11:56:41',3,'\0',6,'marco',150,0,0,0,0,0,1,NULL),(1472,23,'קובי',115,'2017-10-21 12:01:55',1,'\0',15,'kobi',65,0,0,0,0,0,1,NULL),(1473,130,'Fsandra LUBARSKI',21,'2017-10-21 12:11:42',1,'\0',4,'evyatar',100,0,0,0,0,0,1,NULL),(1474,131,'Fsharon MARCUS',22,'2017-10-21 12:13:48',1,'\0',4,'evyatar',25,0,0,0,0,0,1,NULL),(1475,126,'sapir horesh',30,'2017-10-21 12:14:35',1,'\0',4,'evyatar',135,0,0,0,0,0,1,NULL),(1476,140,'ROTEM YOHANANUF',257,'2017-10-21 12:16:55',1,'\0',4,'evyatar',60,0,0,0,0,0,1,NULL),(1477,1,'system',0,'2017-10-21 12:29:10',3,'\0',4,'evyatar',200,0,0,0,0,0,1,NULL),(1478,1,'system',0,'2017-10-21 12:52:32',3,'\0',7,'buba',400,0,0,0,0,0,1,NULL),(1479,164,'michal choen',75,'2017-10-21 12:58:15',1,'\0',4,'evyatar',270,0,0,0,0,0,1,NULL),(1480,143,'refael saban',125,'2017-10-21 13:38:33',1,'\0',4,'evyatar',140,0,0,0,0,0,1,NULL),(1481,143,'refael saban',125,'2017-10-21 13:42:13',1,'\0',4,'evyatar',50,0,0,0,0,0,1,NULL),(1482,9,'haim',95,'2017-10-21 14:26:02',1,'\0',4,'evyatar',140,0,0,0,0,0,1,NULL),(1483,32,'SUSAN F',228,'2017-10-21 15:42:00',1,'\0',4,'evyatar',250,0,0,0,0,0,1,NULL),(1484,151,'IDAN MOZ',260,'2017-10-21 16:31:35',1,'\0',7,'buba',200,0,0,0,0,0,1,NULL),(1485,147,'tal yehoshua',16,'2017-10-21 16:45:17',3,'\0',4,'evyatar',35,0,0,0,0,0,1,NULL),(1486,156,'SHANI',70,'2017-10-21 16:50:26',1,'\0',4,'evyatar',120,0,0,0,0,0,1,NULL),(1487,157,'SHIRAN MASICH',71,'2017-10-21 16:51:35',1,'\0',4,'evyatar',120,0,0,0,0,0,1,NULL),(1488,1,'system',0,'2017-10-21 17:09:08',3,'\0',4,'evyatar',250,0,0,0,0,0,1,NULL),(1489,157,'SHIRAN MASICH',71,'2017-10-21 17:10:18',1,'\0',15,'kobi',30,0,0,0,0,0,1,NULL),(1490,9,'haim',95,'2017-10-21 17:33:49',1,'\0',7,'buba',150,0,0,0,0,0,1,NULL),(1491,149,'ezra yeoshua',18,'2017-10-21 17:59:31',1,'\0',4,'evyatar',65,0,0,0,0,0,1,NULL),(1492,143,'refael saban',125,'2017-10-21 18:12:13',1,'\0',7,'buba',50,0,0,0,0,0,1,NULL),(1493,143,'refael saban',125,'2017-10-21 18:33:36',1,'\0',7,'buba',65,0,0,0,0,0,1,NULL),(1494,159,'DOR AHARON',167,'2017-10-21 18:41:34',1,'\0',15,'kobi',240,0,0,0,0,0,1,NULL),(1495,9,'haim',95,'2017-10-21 19:11:05',1,'\0',4,'evyatar',120,0,0,0,0,0,1,NULL),(1496,148,'tomer skliar',17,'2017-10-21 19:31:56',1,'\0',16,'CAMI',170,0,0,0,0,0,1,NULL),(1497,1,'system',0,'2017-10-21 19:45:59',3,'\0',16,'CAMI',65,0,0,0,0,0,1,NULL),(1498,19,'elior buba',83,'2017-10-21 19:46:54',1,'\0',16,'CAMI',40,0,0,0,0,0,1,NULL),(1499,147,'tal yehoshua',16,'2017-10-21 20:15:22',1,'\0',16,'CAMI',20,0,0,0,0,0,1,NULL),(1500,1,'system',0,'2017-10-21 20:16:51',3,'\0',16,'CAMI',850,0,0,0,0,0,1,NULL),(1501,149,'ezra yeoshua',18,'2017-10-21 20:47:19',1,'\0',16,'CAMI',30,0,0,0,0,0,1,NULL),(1502,131,'Fsharon MARCUS',22,'2017-10-21 21:07:51',1,'\0',7,'buba',20,0,0,0,0,0,1,NULL),(1503,1,'system',0,'2017-10-21 21:10:22',3,'\0',7,'buba',700,0,0,0,0,0,1,NULL),(1504,143,'refael saban',125,'2017-10-21 21:20:29',1,'\0',16,'CAMI',120,0,0,0,0,0,1,NULL),(1505,143,'refael saban',125,'2017-10-21 21:20:53',1,'\0',16,'CAMI',30,0,0,0,0,0,1,NULL),(1506,9,'haim',95,'2017-10-21 21:28:06',1,'\0',4,'evyatar',100,0,0,0,0,0,1,NULL),(1507,159,'DOR AHARON',167,'2017-10-21 21:47:40',1,'\0',16,'CAMI',240,0,0,0,0,0,1,NULL),(1508,23,'קובי',115,'2017-10-21 22:14:35',1,'\0',15,'kobi',65,0,0,0,0,0,1,NULL),(1509,1,'system',0,'2017-10-21 22:32:35',3,'\0',15,'kobi',375,0,0,0,0,0,1,NULL),(1510,32,'SUSAN F',228,'2017-10-21 22:41:53',1,'\0',16,'CAMI',40,0,0,0,0,0,1,NULL),(1511,1,'system',0,'2017-10-21 22:43:51',3,'\0',16,'CAMI',20,0,0,0,0,0,1,NULL),(1512,1,'system',0,'2017-10-21 22:51:17',3,'\0',16,'CAMI',65,0,0,0,0,0,1,NULL),(1513,1,'system',0,'2017-10-21 22:53:49',3,'\0',16,'CAMI',50,0,0,0,0,0,1,NULL),(1514,131,'Fsharon MARCUS',22,'2017-10-21 23:00:53',1,'\0',16,'CAMI',40,0,0,0,0,0,1,NULL),(1515,167,'TAL ASSARAF ',265,'2017-10-21 23:01:35',1,'\0',16,'CAMI',100,0,0,0,0,0,1,NULL),(1516,167,'TAL ASSARAF ',265,'2017-10-21 23:02:00',1,'\0',16,'CAMI',120,0,0,0,0,0,1,NULL),(1517,1,'system',0,'2017-10-21 23:04:30',3,'\0',16,'CAMI',40,0,0,0,0,0,1,NULL),(1518,1,'system',0,'2017-10-21 23:07:21',3,'\0',16,'CAMI',1800,0,0,0,0,0,1,NULL),(1519,1,'system',0,'2017-10-21 23:10:27',3,'\0',16,'CAMI',40,0,0,0,0,0,1,NULL),(1520,33,'KEREN leiva',229,'2017-10-21 23:11:34',1,'\0',16,'CAMI',40,0,0,0,0,0,1,NULL),(1521,1,'system',0,'2017-10-21 23:14:05',3,'\0',16,'CAMI',40,0,0,0,0,0,1,NULL),(1522,167,'TAL ASSARAF ',265,'2017-10-21 23:16:31',1,'\0',16,'CAMI',30,0,0,0,0,0,1,NULL),(1523,147,'tal yehoshua',16,'2017-10-21 23:17:12',1,'\0',16,'CAMI',65,0,0,0,0,0,1,NULL),(1524,149,'ezra yeoshua',18,'2017-10-21 23:19:55',1,'\0',7,'buba',50,0,0,0,0,0,1,NULL),(1525,9,'haim',95,'2017-10-21 23:20:01',1,'\0',16,'CAMI',50,0,0,0,0,0,1,NULL),(1526,9,'haim',95,'2017-10-21 23:21:07',1,'\0',16,'CAMI',50,0,0,0,0,0,1,NULL),(1527,1,'system',0,'2017-10-21 23:23:28',3,'\0',16,'CAMI',50,0,0,0,0,0,1,NULL),(1528,19,'elior buba',83,'2017-10-21 23:25:44',1,'\0',16,'CAMI',205,0,0,0,0,0,1,NULL),(1529,167,'TAL ASSARAF ',265,'2017-10-21 23:34:14',1,'\0',16,'CAMI',200,0,0,0,0,0,1,NULL),(1530,1,'system',0,'2017-10-21 23:35:52',3,'\0',16,'CAMI',30,0,0,0,0,0,1,NULL),(1531,143,'refael saban',125,'2017-10-21 23:46:42',1,'\0',16,'CAMI',80,0,0,0,0,0,1,NULL),(1532,149,'ezra yeoshua',18,'2017-10-21 23:47:19',1,'\0',16,'CAMI',90,0,0,0,0,0,1,NULL),(1533,143,'refael saban',125,'2017-10-21 23:54:12',1,'\0',16,'CAMI',80,0,0,0,0,0,1,NULL),(1534,19,'elior buba',83,'2017-10-21 23:55:44',1,'\0',16,'CAMI',120,0,0,0,0,0,1,NULL),(1535,1,'system',0,'2017-10-22 00:00:05',3,'\0',16,'CAMI',50,0,0,0,0,0,1,NULL),(1536,18,'orel f',80,'2017-10-22 00:01:59',1,'\0',16,'CAMI',240,0,0,0,0,0,1,NULL),(1537,143,'refael saban',125,'2017-10-22 00:09:02',1,'\0',16,'CAMI',80,0,0,0,0,0,1,NULL),(1538,19,'elior buba',83,'2017-10-22 00:11:40',1,'\0',16,'CAMI',120,0,0,0,0,0,1,NULL),(1539,131,'Fsharon MARCUS',22,'2017-10-22 00:18:25',1,'\0',7,'buba',30,0,0,0,0,0,1,NULL),(1540,143,'refael saban',125,'2017-10-22 00:19:03',1,'\0',16,'CAMI',80,0,0,0,0,0,1,NULL),(1541,18,'orel f',80,'2017-10-22 00:20:47',1,'\0',16,'CAMI',120,0,0,0,0,0,1,NULL),(1542,1,'system',0,'2017-10-22 00:21:25',3,'\0',16,'CAMI',50,0,0,0,0,0,1,NULL),(1543,143,'refael saban',125,'2017-10-22 00:23:53',1,'\0',7,'buba',20,0,0,0,0,0,1,NULL),(1544,131,'Fsharon MARCUS',22,'2017-10-22 00:37:03',1,'\0',16,'CAMI',30,0,0,0,0,0,1,NULL),(1545,149,'ezra yeoshua',18,'2017-10-22 00:40:21',1,'\0',16,'CAMI',50,0,0,0,0,0,1,NULL),(1546,143,'refael saban',125,'2017-10-22 00:41:54',1,'\0',16,'CAMI',80,0,0,0,0,0,1,NULL),(1547,142,'KIMHI GAL',12,'2017-10-22 00:44:46',1,'\0',16,'CAMI',20,0,0,0,0,0,1,NULL),(1548,1,'system',0,'2017-10-22 00:55:35',3,'\0',16,'CAMI',150,0,0,0,0,0,1,NULL),(1549,148,'tomer skliar',17,'2017-10-22 00:56:06',1,'\0',16,'CAMI',50,0,0,0,0,0,1,NULL),(1550,1,'system',0,'2017-10-22 01:05:13',3,'\0',16,'CAMI',115,0,0,0,0,0,1,NULL),(1551,156,'SHANI',70,'2017-10-22 01:06:41',1,'\0',16,'CAMI',50,0,0,0,0,0,1,NULL),(1552,1,'system',0,'2017-10-22 01:10:55',3,'\0',16,'CAMI',35,0,0,0,0,0,1,NULL),(1553,1,'system',0,'2017-10-22 01:13:33',3,'\0',16,'CAMI',20,0,0,0,0,0,1,NULL),(1554,1,'system',0,'2017-10-22 01:18:04',3,'\0',16,'CAMI',180,0,0,0,0,0,1,NULL),(1555,1,'system',0,'2017-10-22 01:25:16',3,'\0',16,'CAMI',50,0,0,0,0,0,1,NULL),(1556,149,'ezra yeoshua',18,'2017-10-22 01:26:11',1,'\0',16,'CAMI',50,0,0,0,0,0,1,NULL),(1557,19,'elior buba',83,'2017-10-22 01:29:56',1,'\0',7,'buba',65,0,0,0,0,0,1,NULL),(1558,19,'elior buba',83,'2017-10-22 01:29:56',1,'\0',16,'CAMI',20,0,0,0,0,0,1,NULL),(1559,1,'system',0,'2017-10-22 01:32:03',3,'\0',16,'CAMI',20,0,0,0,0,0,1,NULL),(1560,18,'orel f',80,'2017-10-22 01:34:01',1,'\0',16,'CAMI',120,0,0,0,0,0,1,NULL),(1561,143,'refael saban',125,'2017-10-22 02:08:27',1,'\0',16,'CAMI',65,0,0,0,0,0,1,NULL),(1562,143,'refael saban',125,'2017-10-22 02:09:11',1,'\0',16,'CAMI',100,0,0,0,0,0,1,NULL),(1563,1,'system',0,'2017-10-22 02:38:53',3,'\0',7,'buba',300,0,0,0,0,0,1,NULL),(1564,118,'amit hagai',163,'2017-10-22 03:04:12',1,'\0',16,'CAMI',120,0,0,0,0,0,1,NULL),(1565,143,'refael saban',125,'2017-10-22 03:12:56',1,'\0',16,'CAMI',210,0,0,0,0,0,1,NULL),(1566,1,'system',0,'2017-10-22 03:21:08',3,'\0',16,'CAMI',120,0,0,0,0,0,1,NULL),(1567,18,'orel f',80,'2017-10-22 03:26:40',1,'\0',16,'CAMI',240,0,0,0,0,0,1,NULL),(1568,143,'refael saban',125,'2017-10-22 03:34:07',1,'\0',7,'buba',20,0,0,0,0,0,1,NULL),(1569,147,'tal yehoshua',16,'2017-10-22 03:36:45',1,'\0',7,'buba',800,0,0,0,0,0,1,NULL),(1570,140,'ROTEM YOHANANUF',257,'2017-10-22 03:50:34',1,'\0',16,'CAMI',120,0,0,0,0,0,1,NULL),(1571,1,'system',0,'2017-10-22 03:51:42',3,'\0',16,'CAMI',20,0,0,0,0,0,1,NULL),(1572,149,'ezra yeoshua',18,'2017-10-22 03:57:40',1,'\0',16,'CAMI',100,0,0,0,0,0,1,NULL),(1573,148,'tomer skliar',17,'2017-10-22 03:58:45',1,'\0',16,'CAMI',100,0,0,0,0,0,1,NULL),(1574,148,'tomer skliar',17,'2017-10-22 04:23:06',1,'\0',16,'CAMI',30,0,0,0,0,0,1,NULL),(1575,149,'ezra yeoshua',18,'2017-10-22 04:23:13',1,'\0',16,'CAMI',30,0,0,0,0,0,1,NULL),(1576,1,'system',0,'2017-10-22 04:46:13',3,'\0',16,'CAMI',20,0,0,0,0,0,1,NULL),(1577,1,'system',0,'2017-10-22 04:46:48',3,'\0',16,'CAMI',100,0,0,0,0,0,1,NULL),(1578,149,'ezra yeoshua',18,'2017-10-22 05:00:34',1,'\0',16,'CAMI',65,0,0,0,0,0,1,NULL),(1579,1,'system',0,'2017-10-22 05:26:46',3,'\0',16,'CAMI',65,0,0,0,0,0,1,NULL),(1580,1,'system',0,'2017-10-22 05:46:32',3,'\0',16,'CAMI',80,0,0,0,0,0,1,NULL),(1581,1,'system',0,'2017-10-22 06:00:47',3,'\0',16,'CAMI',35,0,0,0,0,0,1,NULL),(1582,1,'system',0,'2017-10-22 06:19:31',3,'\0',16,'CAMI',30,0,0,0,0,0,1,NULL),(1583,1,'system',0,'2017-10-22 07:31:17',3,'\0',4,'evyatar',40,0,0,0,0,0,1,NULL),(1584,147,'tal yehoshua',16,'2017-10-22 07:38:08',1,'\0',4,'evyatar',100,0,0,0,0,0,1,NULL),(1585,147,'tal yehoshua',16,'2017-10-22 08:23:25',1,'\0',4,'evyatar',400,0,0,0,0,0,1,NULL),(1586,151,'IDAN MOZ',260,'2017-10-22 08:58:20',1,'\0',4,'evyatar',120,0,0,0,0,0,1,NULL),(1587,158,'liron  twito',262,'2017-10-22 09:05:09',1,'\0',4,'evyatar',140,0,0,0,0,0,1,NULL),(1588,161,'CUAIDIA',267,'2017-10-22 09:09:13',1,'\0',4,'evyatar',170,0,0,0,0,0,1,NULL),(1589,156,'SHANI',70,'2017-10-22 09:19:57',1,'\0',4,'evyatar',240,0,0,0,0,0,1,NULL),(1590,156,'SHANI',70,'2017-10-22 09:40:10',1,'\0',4,'evyatar',40,0,0,0,0,0,1,NULL),(1591,1,'system',0,'2017-10-22 10:28:06',3,'\0',7,'buba',120,0,0,0,0,0,1,NULL),(1592,1,'system',0,'2017-10-22 10:34:07',3,'\0',4,'evyatar',130,0,0,0,0,0,1,NULL),(1593,1,'system',0,'2017-10-22 10:34:23',3,'\0',4,'evyatar',30,0,0,0,0,0,1,NULL),(1594,159,'DOR AHARON',167,'2017-10-22 10:35:21',1,'\0',4,'evyatar',80,0,0,0,0,0,1,NULL),(1595,151,'IDAN MOZ',260,'2017-10-22 11:10:00',1,'\0',4,'evyatar',100,0,0,0,0,0,1,NULL),(1596,170,'ben sahar',11,'2017-10-22 11:22:42',1,'\0',7,'buba',150,0,0,0,0,0,1,NULL),(1597,142,'KIMHI GAL',12,'2017-10-22 11:23:35',1,'\0',7,'buba',100,0,0,0,0,0,1,NULL),(1598,140,'ROTEM YOHANANUF',257,'2017-10-22 11:36:53',1,'\0',7,'buba',20,0,0,0,0,0,1,NULL),(1599,170,'ben sahar',11,'2017-10-22 11:37:47',1,'\0',7,'buba',20,0,0,0,0,0,1,NULL),(1600,159,'DOR AHARON',167,'2017-10-22 11:39:02',1,'\0',7,'buba',120,0,0,0,0,0,1,NULL),(1601,159,'DOR AHARON',167,'2017-10-22 11:40:49',1,'\0',7,'buba',40,0,0,0,0,0,1,NULL),(1602,143,'refael saban',125,'2017-10-22 12:05:55',1,'\0',4,'evyatar',50,0,0,0,0,0,1,NULL),(1603,130,'Fsandra LUBARSKI',21,'2017-10-22 12:07:01',1,'\0',4,'evyatar',30,0,0,0,0,0,1,NULL),(1604,170,'ben sahar',11,'2017-10-22 12:08:45',1,'\0',7,'buba',20,0,0,0,0,0,1,NULL),(1605,149,'ezra yeoshua',18,'2017-10-22 12:50:32',1,'\0',4,'evyatar',95,0,0,0,0,0,1,NULL),(1606,156,'SHANI',70,'2017-10-22 12:50:39',1,'\0',4,'evyatar',65,0,0,0,0,0,1,NULL),(1607,167,'TAL ASSARAF ',265,'2017-10-22 13:19:58',1,'\0',4,'evyatar',150,0,0,0,0,0,1,NULL),(1608,168,'ADVA BEN ISHAY',266,'2017-10-22 13:20:14',1,'\0',4,'evyatar',150,0,0,0,0,0,1,NULL),(1609,161,'CUAIDIA',267,'2017-10-22 13:45:25',1,'\0',4,'evyatar',190,0,0,0,0,0,1,NULL),(1610,171,'MOSHE RAM',31,'2017-10-22 13:57:40',3,'\0',4,'evyatar',120,0,0,0,0,0,1,NULL),(1611,143,'refael saban',125,'2017-10-22 14:10:30',1,'\0',4,'evyatar',120,0,0,0,0,0,1,NULL),(1612,171,'MOSHE RAM',31,'2017-10-22 14:17:07',1,'\0',4,'evyatar',360,0,0,0,0,0,1,NULL),(1613,171,'MOSHE RAM',31,'2017-10-22 14:22:01',1,'\0',4,'evyatar',90,0,0,0,0,0,1,NULL),(1614,171,'MOSHE RAM',31,'2017-10-22 14:29:07',1,'\0',4,'evyatar',30,0,0,0,0,0,1,NULL),(1615,143,'refael saban',125,'2017-10-22 14:29:17',1,'\0',4,'evyatar',30,0,0,0,0,0,1,NULL),(1616,167,'TAL ASSARAF ',265,'2017-10-22 14:32:42',1,'\0',4,'evyatar',100,0,0,0,0,0,1,NULL),(1617,171,'MOSHE RAM',31,'2017-10-22 14:37:58',1,'\0',4,'evyatar',90,0,0,0,0,0,1,NULL),(1618,143,'refael saban',125,'2017-10-22 14:50:48',1,'\0',15,'kobi',65,0,0,0,0,0,1,NULL),(1619,140,'ROTEM YOHANANUF',257,'2017-10-22 14:58:21',1,'\0',15,'kobi',30,0,0,0,0,0,1,NULL),(1620,156,'SHANI',70,'2017-10-22 15:06:58',1,'\0',4,'evyatar',550,0,0,0,0,0,1,NULL),(1621,9,'haim',95,'2017-10-22 15:51:03',1,'\0',4,'evyatar',200,0,0,0,0,0,1,NULL),(1622,143,'refael saban',125,'2017-10-22 16:06:45',1,'\0',4,'evyatar',50,0,0,0,0,0,1,NULL),(1623,147,'tal yehoshua',16,'2017-10-22 16:18:39',1,'\0',4,'evyatar',90,0,0,0,0,0,1,NULL),(1624,23,'קובי',115,'2017-10-22 16:19:09',1,'\0',4,'evyatar',65,0,0,0,0,0,1,NULL),(1625,148,'tomer skliar',17,'2017-10-22 17:06:40',1,'\0',4,'evyatar',80,0,0,0,0,0,1,NULL),(1626,170,'ben sahar',11,'2017-10-22 17:06:53',1,'\0',4,'evyatar',40,0,0,0,0,0,1,NULL),(1627,168,'ADVA BEN ISHAY',266,'2017-10-22 17:52:47',1,'\0',15,'kobi',20,0,0,0,0,0,1,NULL),(1628,148,'tomer skliar',17,'2017-10-22 17:57:59',1,'\0',4,'evyatar',100,0,0,0,0,0,1,NULL),(1629,170,'ben sahar',11,'2017-10-22 18:01:37',1,'\0',4,'evyatar',40,0,0,0,0,0,1,NULL),(1630,147,'tal yehoshua',16,'2017-10-22 18:23:20',1,'\0',4,'evyatar',100,0,0,0,0,0,1,NULL),(1631,147,'tal yehoshua',16,'2017-10-22 18:35:44',1,'\0',6,'marco',30,0,0,0,0,0,1,NULL),(1632,176,'OMRI LUGASI',130,'2017-10-22 18:43:08',1,'\0',4,'evyatar',50,0,0,0,0,0,1,NULL),(1633,149,'ezra yeoshua',18,'2017-10-22 18:46:18',1,'\0',4,'evyatar',30,0,0,0,0,0,1,NULL),(1634,151,'IDAN MOZ',260,'2017-10-22 18:59:01',1,'\0',4,'evyatar',560,0,0,0,0,0,1,NULL),(1635,148,'tomer skliar',17,'2017-10-22 19:19:27',1,'\0',16,'CAMI',35,0,0,0,0,0,1,NULL),(1636,142,'KIMHI GAL',12,'2017-10-22 19:34:20',1,'\0',7,'buba',150,0,0,0,0,0,1,NULL),(1637,147,'tal yehoshua',16,'2017-10-22 19:39:04',1,'\0',16,'CAMI',20,0,0,0,0,0,1,NULL),(1638,147,'tal yehoshua',16,'2017-10-22 19:43:41',1,'\0',16,'CAMI',65,0,0,0,0,0,1,NULL),(1639,142,'KIMHI GAL',12,'2017-10-22 19:52:28',1,'\0',16,'CAMI',30,0,0,0,0,0,1,NULL),(1640,143,'refael saban',125,'2017-10-22 20:36:15',1,'\0',16,'CAMI',50,0,0,0,0,0,1,NULL),(1641,147,'tal yehoshua',26,'2017-10-22 20:50:51',1,'\0',16,'CAMI',30,0,0,0,0,0,1,NULL),(1642,1,'system',0,'2017-10-22 21:27:41',3,'\0',16,'CAMI',40,0,0,0,0,0,1,NULL),(1643,151,'IDAN MOZ',260,'2017-10-22 21:31:13',1,'\0',16,'CAMI',20,0,0,0,0,0,1,NULL),(1644,170,'ben sahar',11,'2017-10-22 21:59:47',1,'\0',16,'CAMI',40,0,0,0,0,0,1,NULL),(1645,171,'MOSHE RAM',31,'2017-10-22 22:04:35',1,'',16,'CAMI',200,0,0,0,0,16,1,NULL),(1646,173,'shmuel moshe',33,'2017-10-22 22:04:49',1,'',16,'CAMI',200,0,0,0,0,16,1,NULL),(1647,174,'itamar gabay',34,'2017-10-22 22:05:05',1,'',16,'CAMI',200,0,0,0,0,16,1,NULL),(1648,170,'ben sahar',11,'2017-10-22 22:08:15',1,'\0',16,'CAMI',65,0,0,0,0,0,1,NULL),(1649,174,'itamar gabay',34,'2017-10-22 22:08:36',1,'\0',16,'CAMI',35,0,0,0,0,0,1,NULL),(1650,161,'CUAIDIA',267,'2017-10-22 22:36:16',1,'\0',16,'CAMI',150,0,0,0,0,0,1,NULL),(1651,161,'CUAIDIA',267,'2017-10-22 22:36:35',1,'\0',16,'CAMI',20,0,0,0,0,0,1,NULL),(1652,32,'SUSAN F',228,'2017-10-22 22:43:10',1,'\0',16,'CAMI',180,0,0,0,0,0,1,NULL),(1653,33,'KEREN leiva',229,'2017-10-22 22:43:38',1,'\0',16,'CAMI',180,0,0,0,0,0,1,NULL),(1654,1,'system',0,'2017-10-22 22:44:09',3,'\0',16,'CAMI',80,0,0,0,0,0,1,NULL),(1655,173,'shmuel moshe',33,'2017-10-22 22:46:55',1,'\0',16,'CAMI',20,0,0,0,0,0,1,NULL),(1656,142,'KIMHI GAL',12,'2017-10-22 22:47:04',1,'\0',16,'CAMI',20,0,0,0,0,0,1,NULL),(1657,172,'moshe shimon',32,'2017-10-22 22:47:17',1,'\0',16,'CAMI',35,0,0,0,0,0,1,NULL),(1658,1,'system',0,'2017-10-22 23:07:32',3,'\0',16,'CAMI',140,0,0,0,0,0,1,NULL),(1659,1,'system',0,'2017-10-22 23:35:19',2,'\0',16,'CAMI',170,0,0,0,0,0,1,NULL),(1660,149,'ezra yeoshua',28,'2017-10-23 00:05:13',1,'\0',16,'CAMI',115,0,0,0,0,0,1,NULL),(1661,147,'tal yehoshua',26,'2017-10-23 00:13:33',1,'\0',16,'CAMI',80,0,0,0,0,0,1,NULL),(1662,147,'tal yehoshua',26,'2017-10-23 00:14:31',1,'\0',16,'CAMI',70,0,0,0,0,0,1,NULL),(1663,170,'ben sahar',11,'2017-10-23 01:50:10',1,'\0',16,'CAMI',120,0,0,0,0,0,1,NULL),(1664,142,'KIMHI GAL',12,'2017-10-23 01:59:24',1,'\0',16,'CAMI',120,0,0,0,0,0,1,NULL),(1665,131,'Fsharon MARCUS',22,'2017-10-23 02:06:27',1,'\0',16,'CAMI',120,0,0,0,0,0,1,NULL),(1666,172,'moshe shimon',32,'2017-10-23 02:21:57',1,'\0',16,'CAMI',200,0,0,0,0,0,1,NULL),(1667,174,'itamar gabay',34,'2017-10-23 02:22:47',1,'\0',16,'CAMI',200,0,0,0,0,0,1,NULL),(1668,171,'MOSHE RAM',31,'2017-10-23 02:23:27',1,'\0',16,'CAMI',200,0,0,0,0,0,1,NULL),(1669,157,'SHIRAN MASICH',71,'2017-10-23 02:23:48',1,'\0',16,'CAMI',120,0,0,0,0,0,1,NULL),(1670,173,'shmuel moshe',33,'2017-10-23 02:25:16',1,'\0',16,'CAMI',120,0,0,0,0,0,1,NULL),(1671,156,'SHANI',70,'2017-10-23 02:27:38',1,'\0',16,'CAMI',100,0,0,0,0,0,1,NULL),(1672,156,'SHANI',70,'2017-10-23 02:28:21',1,'\0',16,'CAMI',100,0,0,0,0,0,1,NULL),(1673,171,'MOSHE RAM',31,'2017-10-23 02:28:49',1,'\0',16,'CAMI',30,0,0,0,0,0,1,NULL),(1674,174,'itamar gabay',34,'2017-10-23 02:33:14',1,'\0',16,'CAMI',30,0,0,0,0,0,1,NULL),(1675,157,'SHIRAN MASICH',71,'2017-10-23 02:33:50',1,'\0',16,'CAMI',30,0,0,0,0,0,1,NULL),(1676,1,'system',0,'2017-10-23 02:41:57',3,'\0',16,'CAMI',80,0,0,0,0,0,1,NULL),(1677,172,'moshe shimon',32,'2017-10-23 03:04:45',1,'\0',16,'CAMI',30,0,0,0,0,0,1,NULL),(1678,9,'haim',95,'2017-10-23 03:32:34',1,'\0',16,'CAMI',30,0,0,0,0,0,1,NULL),(1679,9,'haim',95,'2017-10-23 03:36:10',1,'\0',16,'CAMI',50,0,0,0,0,0,1,NULL),(1680,1,'system',0,'2017-10-23 03:55:48',3,'\0',16,'CAMI',160,0,0,0,0,0,1,NULL),(1681,1,'system',0,'2017-10-23 04:28:11',3,'\0',16,'CAMI',50,0,0,0,0,0,1,NULL),(1682,1,'system',0,'2017-10-23 05:58:28',3,'\0',16,'CAMI',170,0,0,0,0,0,1,NULL),(1683,1,'system',0,'2017-10-23 06:09:20',3,'\0',16,'CAMI',150,0,0,0,0,0,1,NULL),(1684,1,'system',0,'2017-10-23 06:42:48',3,'\0',16,'CAMI',20,0,0,0,0,0,1,NULL),(1685,1,'system',0,'2017-10-23 06:43:27',3,'\0',16,'CAMI',30,0,0,0,0,0,1,NULL),(1686,142,'KIMHI GAL',12,'2017-10-23 08:34:17',1,'\0',4,'evyatar',30,0,0,0,0,0,1,NULL),(1687,161,'CUAIDIA',267,'2017-10-23 08:38:46',1,'\0',4,'evyatar',150,0,0,0,0,0,1,NULL),(1688,142,'KIMHI GAL',12,'2017-10-23 08:52:39',1,'\0',4,'evyatar',120,0,0,0,0,0,1,NULL),(1689,170,'ben sahar',11,'2017-10-23 08:53:04',1,'\0',4,'evyatar',155,0,0,0,0,0,1,NULL),(1690,148,'tomer skliar',27,'2017-10-23 08:57:23',1,'\0',4,'evyatar',20,0,0,0,0,0,1,NULL),(1691,156,'SHANI',70,'2017-10-23 09:11:29',1,'\0',4,'evyatar',65,0,0,0,0,0,1,NULL),(1692,156,'SHANI',70,'2017-10-23 09:24:46',1,'\0',4,'evyatar',60,0,0,0,0,0,1,NULL),(1693,167,'TAL ASSARAF ',265,'2017-10-23 09:59:27',1,'\0',4,'evyatar',100,0,0,0,0,0,1,NULL),(1694,140,'ROTEM YOHANANUF',257,'2017-10-23 10:07:34',1,'\0',4,'evyatar',30,0,0,0,0,0,1,NULL),(1695,158,'liron  twito',262,'2017-10-23 10:10:54',1,'\0',4,'evyatar',240,0,0,0,0,0,1,NULL),(1696,158,'liron  twito',262,'2017-10-23 10:23:58',1,'\0',4,'evyatar',35,0,0,0,0,0,1,NULL),(1697,158,'liron  twito',262,'2017-10-23 10:26:01',1,'\0',6,'marco',20,0,0,0,0,0,1,NULL),(1698,171,'MOSHE RAM',31,'2017-10-23 10:52:41',1,'\0',9,'ruhama',240,0,0,0,0,0,1,NULL),(1699,1,'system',0,'2017-10-23 11:04:25',3,'\0',9,'ruhama',20,0,0,0,0,0,1,NULL),(1700,171,'MOSHE RAM',31,'2017-10-23 11:07:41',1,'\0',9,'ruhama',35,0,0,0,0,0,1,NULL),(1701,172,'moshe shimon',32,'2017-10-23 11:17:12',1,'\0',9,'ruhama',70,0,0,0,0,0,1,NULL),(1702,143,'refael saban',125,'2017-10-23 11:31:29',1,'\0',9,'ruhama',170,0,0,0,0,0,1,NULL),(1703,1,'system',0,'2017-10-23 11:45:32',3,'\0',9,'ruhama',150,0,0,0,0,0,1,NULL),(1704,158,'liron  twito',262,'2017-10-23 11:57:50',1,'\0',4,'evyatar',20,0,0,0,0,0,1,NULL),(1705,1,'system',0,'2017-10-23 11:57:59',3,'\0',9,'ruhama',60,0,0,0,0,0,1,NULL),(1706,1,'system',0,'2017-10-23 12:03:27',3,'\0',9,'ruhama',30,0,0,0,0,0,1,NULL),(1707,23,'קובי',115,'2017-10-23 12:13:39',1,'\0',15,'kobi',65,0,0,0,0,0,1,NULL),(1708,151,'IDAN MOZ',260,'2017-10-23 13:10:34',1,'\0',4,'evyatar',60,0,0,0,0,0,1,NULL),(1709,1,'system',0,'2017-10-23 13:18:20',3,'\0',4,'evyatar',160,0,0,0,0,0,1,NULL),(1710,161,'CUAIDIA',267,'2017-10-23 14:04:24',1,'\0',4,'evyatar',80,0,0,0,0,0,1,NULL),(1711,1,'system',0,'2017-10-23 16:12:04',3,'\0',4,'evyatar',110,0,0,0,0,0,1,NULL),(1712,158,'liron  twito',262,'2017-10-23 16:13:35',1,'\0',4,'evyatar',40,0,0,0,0,0,1,NULL),(1713,131,'Fsharon MARCUS',22,'2017-10-23 16:21:34',1,'\0',4,'evyatar',30,0,0,0,0,0,1,NULL),(1714,131,'Fsharon MARCUS',22,'2017-10-23 16:30:55',1,'\0',7,'buba',120,0,0,0,0,0,1,NULL),(1715,9,'haim',95,'2017-10-23 16:46:29',1,'\0',4,'evyatar',150,0,0,0,0,0,1,NULL),(1716,9,'haim',95,'2017-10-23 17:17:00',1,'\0',15,'kobi',20,0,0,0,0,0,1,NULL),(1717,171,'MOSHE RAM',31,'2017-10-23 17:22:15',1,'\0',15,'kobi',200,0,0,0,0,0,1,NULL),(1718,174,'itamar gabay',34,'2017-10-23 17:23:20',1,'\0',15,'kobi',200,0,0,0,0,0,1,NULL),(1719,171,'MOSHE RAM',31,'2017-10-23 17:43:30',1,'\0',15,'kobi',200,0,0,0,0,0,1,NULL),(1720,173,'shmuel moshe',33,'2017-10-23 17:45:24',1,'\0',15,'kobi',200,0,0,0,0,0,1,NULL),(1721,172,'moshe shimon',32,'2017-10-23 17:45:49',1,'\0',15,'kobi',200,0,0,0,0,0,1,NULL),(1722,171,'MOSHE RAM',31,'2017-10-23 17:55:17',1,'\0',7,'buba',30,0,0,0,0,0,1,NULL),(1723,19,'elior buba',83,'2017-10-23 17:59:34',1,'\0',7,'buba',200,0,0,0,0,0,1,NULL),(1724,171,'MOSHE RAM',31,'2017-10-23 18:20:54',1,'\0',7,'buba',60,0,0,0,0,0,1,NULL),(1725,33,'KEREN leiva',229,'2017-10-23 18:40:30',1,'\0',7,'buba',30,0,0,0,0,0,1,NULL),(1726,171,'MOSHE RAM',31,'2017-10-23 18:54:21',1,'\0',7,'buba',20,0,0,0,0,0,1,NULL),(1727,32,'SUSAN F',228,'2017-10-23 18:56:49',1,'\0',7,'buba',20,0,0,0,0,0,1,NULL),(1728,32,'SUSAN F',228,'2017-10-23 19:19:52',1,'\0',16,'CAMI',170,0,0,0,0,0,1,NULL),(1729,33,'KEREN leiva',229,'2017-10-23 19:20:27',1,'\0',16,'CAMI',170,0,0,0,0,0,1,NULL),(1730,1,'system',0,'2017-10-23 19:26:01',3,'',16,'CAMI',280,0,0,0,0,16,1,NULL),(1731,143,'refael saban',125,'2017-10-23 19:54:11',1,'\0',16,'CAMI',50,0,0,0,0,0,1,NULL),(1732,1,'system',0,'2017-10-23 19:55:10',3,'\0',16,'CAMI',150,0,0,0,0,0,1,NULL),(1733,1,'system',0,'2017-10-23 20:28:38',3,'\0',16,'CAMI',150,0,0,0,0,0,1,NULL),(1734,161,'CUAIDIA',267,'2017-10-23 20:39:29',1,'\0',16,'CAMI',170,0,0,0,0,0,1,NULL),(1735,172,'moshe shimon',32,'2017-10-23 21:32:41',1,'\0',16,'CAMI',55,0,0,0,0,0,1,NULL),(1736,172,'moshe shimon',32,'2017-10-23 21:33:45',1,'\0',15,'kobi',70,0,0,0,0,0,1,NULL),(1737,174,'itamar gabay',34,'2017-10-23 21:41:27',1,'\0',16,'CAMI',200,0,0,0,0,0,1,NULL),(1738,173,'shmuel moshe',33,'2017-10-23 21:41:41',1,'\0',16,'CAMI',200,0,0,0,0,0,1,NULL),(1739,174,'itamar gabay',34,'2017-10-23 22:25:28',1,'\0',16,'CAMI',30,0,0,0,0,0,1,NULL),(1740,173,'shmuel moshe',33,'2017-10-23 22:25:43',1,'\0',16,'CAMI',30,0,0,0,0,0,1,NULL),(1741,143,'refael saban',125,'2017-10-23 22:34:00',1,'\0',16,'CAMI',100,0,0,0,0,0,1,NULL),(1742,23,'קובי',115,'2017-10-23 22:47:30',1,'\0',15,'kobi',65,0,0,0,0,0,1,NULL),(1743,1,'system',0,'2017-10-23 22:56:39',3,'\0',16,'CAMI',140,0,0,0,0,0,1,NULL),(1744,151,'IDAN MOZ',260,'2017-10-24 00:41:41',1,'',16,'CAMI',200,0,0,0,0,16,1,NULL),(1745,151,'IDAN MOZ',260,'2017-10-24 00:57:27',1,'\0',16,'CAMI',100,0,0,0,0,0,1,NULL),(1746,158,'liron  twito',262,'2017-10-24 00:59:35',1,'\0',16,'CAMI',120,0,0,0,0,0,1,NULL),(1747,158,'liron  twito',262,'2017-10-24 01:16:40',1,'\0',16,'CAMI',20,0,0,0,0,0,1,NULL),(1748,131,'Fsharon MARCUS',22,'2017-10-24 01:33:50',1,'\0',16,'CAMI',120,0,0,0,0,0,1,NULL),(1749,172,'moshe shimon',32,'2017-10-24 01:41:22',1,'\0',16,'CAMI',120,0,0,0,0,0,1,NULL),(1750,171,'MOSHE RAM',31,'2017-10-24 01:41:58',1,'\0',16,'CAMI',120,0,0,0,0,0,1,NULL),(1751,173,'shmuel moshe',33,'2017-10-24 02:10:00',1,'\0',16,'CAMI',35,0,0,0,0,0,1,NULL),(1752,172,'moshe shimon',32,'2017-10-24 02:12:06',1,'\0',16,'CAMI',70,0,0,0,0,0,1,NULL),(1753,143,'refael saban',125,'2017-10-24 03:20:57',1,'\0',16,'CAMI',35,0,0,0,0,0,1,NULL),(1754,143,'refael saban',125,'2017-10-24 03:24:00',1,'\0',16,'CAMI',65,0,0,0,0,0,1,NULL),(1755,1,'system',0,'2017-10-24 04:34:37',3,'\0',16,'CAMI',40,0,0,0,0,0,1,NULL),(1756,158,'liron  twito',262,'2017-10-24 04:52:12',1,'\0',16,'CAMI',20,0,0,0,0,0,1,NULL),(1757,1,'system',0,'2017-10-24 05:13:39',3,'\0',16,'CAMI',40,0,0,0,0,0,1,NULL),(1758,143,'refael saban',125,'2017-10-24 05:24:29',1,'\0',16,'CAMI',35,0,0,0,0,0,1,NULL),(1759,1,'system',0,'2017-10-24 06:36:07',3,'\0',16,'CAMI',120,0,0,0,0,0,1,NULL),(1760,161,'CUAIDIA',267,'2017-10-24 08:25:38',1,'\0',4,'evyatar',250,0,0,0,0,0,1,NULL),(1761,143,'refael saban',125,'2017-10-24 12:14:42',1,'\0',4,'evyatar',50,0,0,0,0,0,1,NULL),(1762,171,'MOSHE RAM',31,'2017-10-24 12:40:38',1,'\0',4,'evyatar',120,0,0,0,0,0,1,NULL),(1763,151,'IDAN MOZ',260,'2017-10-24 12:57:28',1,'\0',4,'evyatar',240,0,0,0,0,0,1,NULL),(1764,33,'KEREN leiva',229,'2017-10-24 13:03:21',1,'\0',4,'evyatar',215,0,0,0,0,0,1,NULL),(1765,143,'refael saban',125,'2017-10-24 13:06:26',1,'\0',4,'evyatar',120,0,0,0,0,0,1,NULL),(1766,171,'MOSHE RAM',31,'2017-10-24 13:15:24',1,'\0',4,'evyatar',420,0,0,0,0,0,1,NULL),(1767,9,'haim',95,'2017-10-24 13:40:05',1,'\0',4,'evyatar',150,0,0,0,0,0,1,NULL),(1768,151,'IDAN MOZ',260,'2017-10-24 13:45:39',1,'\0',4,'evyatar',70,0,0,0,0,0,1,NULL),(1769,151,'IDAN MOZ',260,'2017-10-24 13:45:47',1,'\0',4,'evyatar',80,0,0,0,0,0,1,NULL),(1770,161,'CUAIDIA',267,'2017-10-24 13:48:13',1,'\0',4,'evyatar',200,0,0,0,0,0,1,NULL),(1771,32,'SUSAN F',228,'2017-10-24 14:02:13',1,'\0',4,'evyatar',80,0,0,0,0,0,1,NULL),(1772,177,'sharon yardeni',11,'2017-10-24 14:33:18',1,'\0',4,'evyatar',180,0,0,0,0,0,1,NULL),(1773,131,'Fsharon MARCUS',22,'2017-10-24 14:42:19',1,'\0',7,'buba',120,0,0,0,0,0,1,NULL),(1774,18,'orel f',80,'2017-10-24 14:42:40',1,'\0',7,'buba',120,0,0,0,0,0,1,NULL),(1775,18,'orel f',80,'2017-10-24 15:10:19',1,'\0',4,'evyatar',65,0,0,0,0,0,1,NULL),(1776,1,'system',0,'2017-10-24 16:04:27',3,'\0',4,'evyatar',120,0,0,0,0,0,1,NULL),(1777,19,'elior buba',83,'2017-10-24 16:48:12',1,'\0',7,'buba',150,0,0,0,0,0,1,NULL),(1778,131,'Fsharon MARCUS',22,'2017-10-24 17:01:49',1,'\0',7,'buba',30,0,0,0,0,0,1,NULL),(1779,171,'MOSHE RAM',31,'2017-10-24 17:06:09',1,'\0',4,'evyatar',65,0,0,0,0,0,1,NULL),(1780,161,'CUAIDIA',267,'2017-10-24 17:38:37',1,'\0',4,'evyatar',120,0,0,0,0,0,1,NULL),(1781,178,'KIMHI GAL',12,'2017-10-24 18:11:55',1,'\0',4,'evyatar',150,0,0,0,0,0,1,NULL),(1782,178,'KIMHI GAL',12,'2017-10-24 18:12:12',1,'\0',4,'evyatar',20,0,0,0,0,0,1,NULL),(1783,1,'system',0,'2017-10-24 18:23:47',3,'\0',7,'buba',185,0,0,0,0,0,1,NULL),(1784,173,'shmuel moshe',33,'2017-10-24 18:45:34',1,'\0',7,'buba',35,0,0,0,0,0,1,NULL),(1785,173,'shmuel moshe',33,'2017-10-24 18:48:46',1,'\0',7,'buba',70,0,0,0,0,0,1,NULL),(1786,182,'tal yehoshua',28,'2017-10-24 19:49:16',1,'\0',16,'CAMI',130,0,0,0,0,0,1,NULL),(1787,23,'קובי',115,'2017-10-24 19:55:38',1,'\0',16,'CAMI',65,0,0,0,0,0,1,NULL),(1788,180,'ben sahar',13,'2017-10-24 19:59:59',1,'\0',16,'CAMI',80,0,0,0,0,0,1,NULL),(1789,171,'MOSHE RAM',31,'2017-10-24 20:12:01',1,'\0',16,'CAMI',40,0,0,0,0,0,1,NULL),(1790,172,'moshe shimon',32,'2017-10-24 20:12:24',1,'\0',16,'CAMI',40,0,0,0,0,0,1,NULL),(1791,182,'tal yehoshua',28,'2017-10-24 20:12:33',1,'\0',16,'CAMI',30,0,0,0,0,0,1,NULL),(1792,173,'shmuel moshe',33,'2017-10-24 20:33:34',1,'\0',7,'buba',65,0,0,0,0,0,1,NULL),(1793,181,'tomer skliar',27,'2017-10-24 20:34:16',1,'\0',16,'CAMI',100,0,0,0,0,0,1,NULL),(1794,181,'tomer skliar',27,'2017-10-24 20:34:42',1,'\0',16,'CAMI',130,0,0,0,0,0,1,NULL),(1795,180,'ben sahar',13,'2017-10-24 20:35:03',1,'\0',16,'CAMI',130,0,0,0,0,0,1,NULL),(1796,181,'tomer skliar',27,'2017-10-24 20:37:11',1,'\0',16,'CAMI',30,0,0,0,0,0,1,NULL),(1797,179,'ezra yeoshua',26,'2017-10-24 20:38:49',1,'\0',16,'CAMI',30,0,0,0,0,0,1,NULL),(1798,180,'ben sahar',13,'2017-10-24 20:38:57',1,'\0',16,'CAMI',30,0,0,0,0,0,1,NULL),(1799,179,'ezra yeoshua',26,'2017-10-24 20:41:29',1,'\0',16,'CAMI',150,0,0,0,0,0,1,NULL),(1800,1,'system',0,'2017-10-24 20:48:29',3,'\0',16,'CAMI',80,0,0,0,0,0,1,NULL),(1801,180,'ben sahar',13,'2017-10-24 20:59:22',1,'\0',16,'CAMI',30,0,0,0,0,0,1,NULL),(1802,1,'system',0,'2017-10-24 21:09:53',3,'\0',16,'CAMI',80,0,0,0,0,0,1,NULL),(1803,179,'ezra yeoshua',26,'2017-10-24 22:02:40',1,'\0',16,'CAMI',65,0,0,0,0,0,1,NULL),(1804,181,'tomer skliar',27,'2017-10-24 22:27:55',1,'\0',16,'CAMI',60,0,0,0,0,0,1,NULL),(1805,161,'CUAIDIA',267,'2017-10-24 23:01:52',1,'\0',7,'buba',150,0,0,0,0,0,1,NULL),(1806,181,'tomer skliar',27,'2017-10-24 23:23:19',1,'\0',16,'CAMI',90,0,0,0,0,0,1,NULL),(1807,182,'tal yehoshua',28,'2017-10-24 23:30:16',1,'\0',16,'CAMI',100,0,0,0,0,0,1,NULL),(1808,182,'tal yehoshua',28,'2017-10-24 23:33:39',1,'\0',16,'CAMI',100,0,0,0,0,0,1,NULL),(1809,180,'ben sahar',13,'2017-10-24 23:46:41',1,'\0',16,'CAMI',40,0,0,0,0,0,1,NULL),(1810,179,'ezra yeoshua',26,'2017-10-24 23:49:36',1,'\0',16,'CAMI',30,0,0,0,0,0,1,NULL),(1811,1,'system',0,'2017-10-24 23:50:29',3,'\0',16,'CAMI',100,0,0,0,0,0,1,NULL),(1812,179,'ezra yeoshua',26,'2017-10-25 00:06:49',1,'\0',16,'CAMI',50,0,0,0,0,0,1,NULL),(1813,180,'ben sahar',13,'2017-10-25 00:11:09',1,'\0',16,'CAMI',40,0,0,0,0,0,1,NULL),(1814,182,'tal yehoshua',28,'2017-10-25 00:30:25',1,'\0',16,'CAMI',30,0,0,0,0,0,1,NULL),(1815,180,'ben sahar',13,'2017-10-25 00:51:08',1,'\0',16,'CAMI',160,0,0,0,0,0,1,NULL),(1816,174,'itamar gabay',34,'2017-10-25 00:57:04',1,'\0',16,'CAMI',65,0,0,0,0,0,1,NULL),(1817,172,'moshe shimon',32,'2017-10-25 00:57:32',1,'\0',16,'CAMI',65,0,0,0,0,0,1,NULL),(1818,172,'moshe shimon',32,'2017-10-25 01:02:20',1,'\0',16,'CAMI',40,0,0,0,0,0,1,NULL),(1819,174,'itamar gabay',34,'2017-10-25 01:02:36',1,'\0',16,'CAMI',40,0,0,0,0,0,1,NULL),(1820,173,'shmuel moshe',33,'2017-10-25 01:03:16',1,'\0',16,'CAMI',50,0,0,0,0,0,1,NULL),(1821,180,'ben sahar',13,'2017-10-25 01:19:16',1,'\0',16,'CAMI',105,0,0,0,0,0,1,NULL),(1822,1,'system',0,'2017-10-25 01:25:41',3,'\0',16,'CAMI',100,0,0,0,0,0,1,NULL),(1823,158,'liron  twito',262,'2017-10-25 01:27:42',1,'\0',16,'CAMI',50,0,0,0,0,0,1,NULL),(1824,179,'ezra yeoshua',26,'2017-10-25 01:41:31',1,'\0',16,'CAMI',50,0,0,0,0,0,1,NULL),(1825,182,'tal yehoshua',28,'2017-10-25 02:02:44',1,'\0',16,'CAMI',50,0,0,0,0,0,1,NULL),(1826,180,'ben sahar',13,'2017-10-25 02:05:40',1,'\0',16,'CAMI',50,0,0,0,0,0,1,NULL),(1827,23,'קובי',115,'2017-10-25 02:05:41',1,'\0',15,'kobi',65,0,0,0,0,0,1,NULL),(1828,179,'ezra yeoshua',26,'2017-10-25 02:09:36',1,'\0',16,'CAMI',40,0,0,0,0,0,1,NULL),(1829,9,'haim',95,'2017-10-25 02:38:19',1,'\0',16,'CAMI',50,0,0,0,0,0,1,NULL),(1830,180,'ben sahar',13,'2017-10-25 02:53:44',1,'\0',16,'CAMI',20,0,0,0,0,0,1,NULL),(1831,182,'tal yehoshua',28,'2017-10-25 02:53:54',1,'\0',16,'CAMI',65,0,0,0,0,0,1,NULL),(1832,182,'tal yehoshua',28,'2017-10-25 02:55:19',1,'\0',16,'CAMI',30,0,0,0,0,0,1,NULL),(1833,1,'system',0,'2017-10-25 03:17:55',3,'\0',16,'CAMI',100,0,0,0,0,0,1,NULL),(1834,1,'system',0,'2017-10-25 03:31:26',3,'\0',16,'CAMI',30,0,0,0,0,0,1,NULL),(1835,172,'moshe shimon',32,'2017-10-25 03:32:15',1,'\0',16,'CAMI',120,0,0,0,0,0,1,NULL),(1836,173,'shmuel moshe',33,'2017-10-25 03:34:29',1,'\0',16,'CAMI',200,0,0,0,0,0,1,NULL),(1837,172,'moshe shimon',32,'2017-10-25 03:34:48',1,'\0',16,'CAMI',30,0,0,0,0,0,1,NULL),(1838,171,'MOSHE RAM',31,'2017-10-25 03:35:53',1,'\0',16,'CAMI',200,0,0,0,0,0,1,NULL),(1839,180,'ben sahar',13,'2017-10-25 03:36:44',1,'\0',16,'CAMI',30,0,0,0,0,0,1,NULL),(1840,173,'shmuel moshe',33,'2017-10-25 03:37:56',1,'\0',16,'CAMI',65,0,0,0,0,0,1,NULL),(1841,130,'Fsandra LUBARSKI',21,'2017-10-25 03:39:40',1,'\0',16,'CAMI',20,0,0,0,0,0,1,NULL),(1842,174,'itamar gabay',34,'2017-10-25 03:44:25',1,'\0',16,'CAMI',40,0,0,0,0,0,1,NULL),(1843,174,'itamar gabay',34,'2017-10-25 03:46:10',1,'\0',16,'CAMI',160,0,0,0,0,0,1,NULL),(1844,174,'itamar gabay',34,'2017-10-25 03:55:30',1,'\0',16,'CAMI',65,0,0,0,0,0,1,NULL),(1845,171,'MOSHE RAM',31,'2017-10-25 03:55:41',1,'\0',16,'CAMI',65,0,0,0,0,0,1,NULL),(1846,171,'MOSHE RAM',31,'2017-10-25 03:56:47',1,'\0',16,'CAMI',35,0,0,0,0,0,1,NULL),(1847,173,'shmuel moshe',33,'2017-10-25 04:00:43',1,'\0',16,'CAMI',30,0,0,0,0,0,1,NULL),(1848,171,'MOSHE RAM',31,'2017-10-25 04:14:31',1,'\0',16,'CAMI',30,0,0,0,0,0,1,NULL),(1849,172,'moshe shimon',32,'2017-10-25 04:14:54',1,'\0',16,'CAMI',30,0,0,0,0,0,1,NULL),(1850,1,'system',0,'2017-10-25 04:25:34',3,'\0',16,'CAMI',40,0,0,0,0,0,1,NULL),(1851,179,'ezra yeoshua',26,'2017-10-25 04:50:53',1,'\0',16,'CAMI',65,0,0,0,0,0,1,NULL),(1852,174,'itamar gabay',34,'2017-10-25 06:00:16',1,'\0',16,'CAMI',35,0,0,0,0,0,1,NULL),(1853,161,'CUAIDIA',267,'2017-10-25 09:15:58',1,'\0',4,'evyatar',240,0,0,0,0,0,1,NULL),(1854,179,'ezra yeoshua',26,'2017-10-25 09:24:25',1,'\0',4,'evyatar',400,0,0,0,0,0,1,NULL),(1855,171,'MOSHE RAM',31,'2017-10-25 10:45:03',1,'\0',9,'ruhama',360,0,0,0,0,0,1,NULL),(1856,151,'IDAN MOZ',260,'2017-10-25 10:47:58',1,'\0',4,'evyatar',295,0,0,0,0,0,1,NULL),(1857,171,'MOSHE RAM',31,'2017-10-25 11:06:12',1,'\0',9,'ruhama',70,0,0,0,0,0,1,NULL),(1858,181,'tomer skliar',27,'2017-10-25 11:13:19',1,'\0',9,'ruhama',35,0,0,0,0,0,1,NULL),(1859,182,'tal yehoshua',28,'2017-10-25 11:18:48',1,'\0',4,'evyatar',400,0,0,0,0,0,1,NULL),(1860,171,'MOSHE RAM',31,'2017-10-25 11:22:05',1,'\0',9,'ruhama',20,0,0,0,0,0,1,NULL),(1861,173,'shmuel moshe',33,'2017-10-25 11:23:26',1,'\0',9,'ruhama',20,0,0,0,0,0,1,NULL),(1862,179,'ezra yeoshua',26,'2017-10-25 11:26:39',1,'\0',7,'buba',65,0,0,0,0,0,1,NULL),(1863,179,'ezra yeoshua',26,'2017-10-25 11:36:49',1,'\0',4,'evyatar',190,0,0,0,0,0,1,NULL),(1864,180,'ben sahar',13,'2017-10-25 12:04:37',1,'\0',4,'evyatar',155,0,0,0,0,0,1,NULL),(1865,177,'sharon yardeni',11,'2017-10-25 12:22:09',1,'\0',9,'ruhama',150,0,0,0,0,0,1,NULL),(1866,177,'sharon yardeni',11,'2017-10-25 12:34:13',1,'\0',9,'ruhama',35,0,0,0,0,0,1,NULL),(1867,18,'orel f',80,'2017-10-25 12:55:34',1,'\0',4,'evyatar',50,0,0,0,0,0,1,NULL),(1868,1,'system',0,'2017-10-25 13:13:45',3,'\0',9,'ruhama',60,0,0,0,0,0,1,NULL),(1869,1,'system',0,'2017-10-25 13:34:55',2,'',9,'ruhama',200,0,0,0,0,4,1,'החלפת תשלום למזומן'),(1870,1,'system',0,'2017-10-25 13:35:45',3,'\0',9,'ruhama',215,0,0,0,0,0,1,NULL),(1871,1,'system',0,'2017-10-25 13:41:27',3,'\0',9,'ruhama',240,0,0,0,0,0,1,NULL),(1872,130,'Fsandra LUBARSKI',21,'2017-10-25 13:41:32',1,'\0',4,'evyatar',100,0,0,0,0,0,1,NULL),(1873,178,'KIMHI GAL',12,'2017-10-25 13:45:19',1,'\0',4,'evyatar',210,0,0,0,0,0,1,NULL),(1874,1,'system',0,'2017-10-25 13:51:19',3,'\0',4,'evyatar',200,0,0,0,0,0,1,NULL),(1875,23,'קובי',115,'2017-10-25 13:54:30',1,'\0',4,'evyatar',180,0,0,0,0,0,1,NULL),(1876,161,'CUAIDIA',267,'2017-10-25 14:41:39',1,'\0',4,'evyatar',50,0,0,0,0,0,1,NULL),(1877,9,'haim',95,'2017-10-25 14:46:52',1,'\0',4,'evyatar',180,0,0,0,0,0,1,NULL),(1878,182,'tal yehoshua',28,'2017-10-25 14:59:48',1,'\0',4,'evyatar',65,0,0,0,0,0,1,NULL),(1879,182,'tal yehoshua',28,'2017-10-25 17:05:21',1,'\0',4,'evyatar',100,0,0,0,0,0,1,NULL),(1880,33,'KEREN leiva',229,'2017-10-25 18:05:26',1,'\0',4,'evyatar',330,0,0,0,0,0,1,NULL),(1881,32,'SUSAN F',228,'2017-10-25 18:18:17',1,'\0',4,'evyatar',150,0,0,0,0,0,1,NULL),(1882,33,'KEREN leiva',229,'2017-10-25 19:03:12',1,'\0',4,'evyatar',30,0,0,0,0,0,1,NULL),(1883,178,'KIMHI GAL',12,'2017-10-25 19:09:22',1,'\0',4,'evyatar',60,0,0,0,0,0,1,NULL),(1884,177,'sharon yardeni',11,'2017-10-25 19:16:43',1,'\0',16,'CAMI',150,0,0,0,0,0,1,NULL),(1885,177,'sharon yardeni',11,'2017-10-25 19:29:41',1,'\0',16,'CAMI',35,0,0,0,0,0,1,NULL),(1886,179,'ezra yeoshua',26,'2017-10-25 19:45:05',1,'\0',16,'CAMI',65,0,0,0,0,0,1,NULL),(1887,182,'tal yehoshua',28,'2017-10-25 20:16:07',1,'\0',16,'CAMI',35,0,0,0,0,0,1,NULL),(1888,23,'קובי',115,'2017-10-25 20:36:20',1,'\0',15,'kobi',65,0,0,0,0,0,1,NULL),(1889,181,'tomer skliar',27,'2017-10-25 20:50:57',1,'\0',16,'CAMI',35,0,0,0,0,0,1,NULL),(1890,179,'ezra yeoshua',26,'2017-10-25 20:51:09',1,'\0',16,'CAMI',30,0,0,0,0,0,1,NULL),(1891,178,'KIMHI GAL',12,'2017-10-25 21:15:39',1,'\0',16,'CAMI',140,0,0,0,0,0,1,NULL),(1892,158,'liron  twito',262,'2017-10-25 22:28:56',1,'\0',16,'CAMI',20,0,0,0,0,0,1,NULL),(1893,181,'tomer skliar',27,'2017-10-25 22:29:15',1,'\0',16,'CAMI',40,0,0,0,0,0,1,NULL),(1894,131,'Fsharon MARCUS',22,'2017-10-25 22:40:11',1,'\0',16,'CAMI',120,0,0,0,0,0,1,NULL),(1895,181,'tomer skliar',27,'2017-10-25 23:01:54',1,'\0',16,'CAMI',35,0,0,0,0,0,1,NULL),(1896,182,'tal yehoshua',28,'2017-10-25 23:37:15',1,'\0',16,'CAMI',30,0,0,0,0,0,1,NULL),(1897,182,'tal yehoshua',28,'2017-10-25 23:53:02',1,'\0',16,'CAMI',80,0,0,0,0,0,1,NULL),(1898,184,'jb',1,'2017-10-26 00:02:03',1,'\0',16,'CAMI',50,0,0,0,0,0,1,NULL),(1899,177,'sharon yardeni',11,'2017-10-26 00:10:19',1,'\0',16,'CAMI',40,0,0,0,0,0,1,NULL),(1900,180,'ben sahar',13,'2017-10-26 00:10:30',1,'\0',16,'CAMI',80,0,0,0,0,0,1,NULL),(1901,180,'ben sahar',13,'2017-10-26 00:30:53',1,'\0',16,'CAMI',40,0,0,0,0,0,1,NULL),(1902,184,'jb',6,'2017-10-26 00:38:38',1,'\0',7,'buba',600,0,0,0,0,0,1,NULL),(1903,179,'ezra yeoshua',26,'2017-10-26 01:02:56',1,'\0',16,'CAMI',35,0,0,0,0,0,1,NULL),(1904,1,'system',0,'2017-10-26 01:15:26',3,'\0',16,'CAMI',185,0,0,0,0,0,1,NULL),(1905,182,'tal yehoshua',28,'2017-10-26 01:22:18',1,'\0',16,'CAMI',65,0,0,0,0,0,1,NULL),(1906,184,'jb',6,'2017-10-26 01:25:36',1,'\0',16,'CAMI',35,0,0,0,0,0,1,NULL),(1907,181,'tomer skliar',27,'2017-10-26 01:35:05',1,'\0',16,'CAMI',100,0,0,0,0,0,1,NULL),(1908,131,'Fsharon MARCUS',22,'2017-10-26 01:39:57',1,'\0',16,'CAMI',100,0,0,0,0,0,1,NULL),(1909,182,'tal yehoshua',28,'2017-10-26 01:43:32',1,'\0',15,'kobi',40,0,0,0,0,0,1,NULL),(1910,19,'elior buba',83,'2017-10-26 01:47:28',1,'\0',16,'CAMI',150,0,0,0,0,0,1,NULL),(1911,181,'tomer skliar',27,'2017-10-26 01:53:33',1,'\0',16,'CAMI',30,0,0,0,0,0,1,NULL),(1912,182,'tal yehoshua',28,'2017-10-26 01:53:44',1,'\0',16,'CAMI',35,0,0,0,0,0,1,NULL),(1913,1,'system',0,'2017-10-26 01:54:34',3,'\0',16,'CAMI',150,0,0,0,0,0,1,NULL),(1914,9,'haim',95,'2017-10-26 02:48:13',1,'\0',16,'CAMI',200,0,0,0,0,0,1,NULL),(1915,1,'system',0,'2017-10-26 02:54:40',3,'\0',16,'CAMI',90,0,0,0,0,0,1,NULL),(1916,1,'system',0,'2017-10-26 03:40:13',3,'\0',16,'CAMI',80,0,0,0,0,0,1,NULL),(1917,1,'system',0,'2017-10-26 03:40:23',3,'\0',16,'CAMI',20,0,0,0,0,0,1,NULL),(1918,1,'system',0,'2017-10-26 03:42:06',3,'\0',16,'CAMI',120,0,0,0,0,0,1,NULL),(1919,158,'liron  twito',262,'2017-10-26 04:28:08',1,'\0',16,'CAMI',65,0,0,0,0,0,1,NULL),(1920,23,'קובי',115,'2017-10-26 04:45:51',1,'\0',15,'kobi',65,0,0,0,0,0,1,NULL),(1921,1,'system',0,'2017-10-26 06:04:52',3,'\0',16,'CAMI',65,0,0,0,0,0,1,NULL),(1922,184,'jb',6,'2017-10-26 07:21:27',1,'\0',4,'evyatar',40,0,0,0,0,0,1,NULL),(1923,184,'jb',6,'2017-10-26 08:42:19',1,'\0',4,'evyatar',270,0,0,0,0,0,1,NULL),(1924,161,'CUAIDIA',267,'2017-10-26 08:57:48',1,'\0',4,'evyatar',250,0,0,0,0,0,1,NULL),(1925,178,'KIMHI GAL',12,'2017-10-26 11:02:33',1,'\0',4,'evyatar',25,0,0,0,0,0,1,NULL),(1926,181,'tomer skliar',27,'2017-10-26 11:27:17',1,'\0',4,'evyatar',20,0,0,0,0,0,1,NULL),(1927,184,'jb',6,'2017-10-26 11:54:02',1,'\0',4,'evyatar',400,0,0,0,0,0,1,NULL),(1928,184,'jb',6,'2017-10-26 12:06:54',1,'\0',4,'evyatar',125,0,0,0,0,0,1,NULL),(1929,184,'jb',6,'2017-10-26 12:54:26',1,'\0',4,'evyatar',200,0,0,0,0,0,1,NULL),(1930,180,'ben sahar',13,'2017-10-26 12:58:17',1,'\0',4,'evyatar',150,0,0,0,0,0,1,NULL),(1931,187,'amigo jp',167,'2017-10-26 13:03:27',1,'\0',4,'evyatar',120,0,0,0,0,0,1,NULL),(1932,184,'jb',6,'2017-10-26 13:03:38',1,'\0',4,'evyatar',100,0,0,0,0,0,1,NULL),(1933,151,'IDAN MOZ',260,'2017-10-26 13:36:06',1,'\0',4,'evyatar',330,0,0,0,0,0,1,NULL),(1934,177,'sharon yardeni',11,'2017-10-26 13:37:56',1,'\0',4,'evyatar',150,0,0,0,0,0,1,NULL),(1935,9,'haim',95,'2017-10-26 13:40:18',1,'\0',4,'evyatar',150,0,0,0,0,0,1,NULL),(1936,182,'tal yehoshua',28,'2017-10-26 13:45:37',1,'\0',4,'evyatar',30,0,0,0,0,0,1,NULL),(1937,181,'tomer skliar',27,'2017-10-26 13:45:45',1,'\0',4,'evyatar',35,0,0,0,0,0,1,NULL),(1938,179,'ezra yeoshua',26,'2017-10-26 13:55:34',1,'\0',4,'evyatar',65,0,0,0,0,0,1,NULL),(1939,184,'jb',6,'2017-10-26 13:57:11',1,'\0',4,'evyatar',360,0,0,0,0,0,1,NULL),(1940,182,'tal yehoshua',28,'2017-10-26 14:14:22',1,'\0',4,'evyatar',120,0,0,0,0,0,1,NULL),(1941,182,'tal yehoshua',28,'2017-10-26 14:14:49',1,'\0',4,'evyatar',30,0,0,0,0,0,1,NULL),(1942,1,'system',0,'2017-10-26 15:22:40',3,'\0',4,'evyatar',200,0,0,0,0,0,1,NULL),(1943,184,'jb',6,'2017-10-26 15:31:04',1,'\0',4,'evyatar',240,0,0,0,0,0,1,NULL),(1944,184,'jb',6,'2017-10-26 15:49:45',1,'\0',4,'evyatar',300,0,0,0,0,0,1,NULL),(1945,23,'קובי',115,'2017-10-26 16:02:10',1,'\0',4,'evyatar',65,0,0,0,0,0,1,NULL),(1946,151,'IDAN MOZ',260,'2017-10-26 17:50:06',1,'\0',4,'evyatar',60,0,0,0,0,0,1,NULL),(1947,151,'IDAN MOZ',260,'2017-10-26 17:50:28',1,'\0',4,'evyatar',30,0,0,0,0,0,1,NULL),(1948,184,'jb',6,'2017-10-26 18:01:22',1,'\0',4,'evyatar',145,0,0,0,0,0,1,NULL),(1949,1,'system',0,'2017-10-26 18:41:00',3,'\0',4,'evyatar',170,0,0,0,0,0,1,NULL),(1950,193,'BEN BEM YAIR',129,'2017-10-26 19:03:23',1,'\0',4,'evyatar',200,0,0,0,0,0,1,NULL),(1951,194,'NIR SAMUELS ',130,'2017-10-26 19:03:43',1,'\0',4,'evyatar',200,0,0,0,0,0,1,NULL),(1952,182,'tal yehoshua',28,'2017-10-26 19:50:21',1,'\0',7,'buba',65,0,0,0,0,0,1,NULL),(1953,193,'BEN BEM YAIR',129,'2017-10-26 19:52:56',1,'\0',7,'buba',65,0,0,0,0,0,1,NULL),(1954,171,'MOSHE RAM',31,'2017-10-26 20:09:35',1,'\0',4,'evyatar',65,0,0,0,0,0,1,NULL),(1955,179,'ezra yeoshua',26,'2017-10-26 20:16:41',1,'\0',7,'buba',30,0,0,0,0,0,1,NULL),(1956,1,'system',0,'2017-10-26 21:28:22',3,'\0',7,'buba',490,0,0,0,0,0,1,NULL),(1957,174,'itamar gabay',34,'2017-10-26 21:29:06',1,'\0',7,'buba',30,0,0,0,0,0,1,NULL),(1958,174,'itamar gabay',34,'2017-10-26 21:40:43',1,'\0',7,'buba',80,0,0,0,0,0,1,NULL),(1959,171,'MOSHE RAM',31,'2017-10-26 22:20:13',1,'\0',8,'hen',65,0,0,0,0,0,1,NULL),(1960,188,'shir nagar ',52,'2017-10-26 22:50:20',1,'\0',7,'buba',200,0,0,0,0,0,1,NULL),(1961,189,'amit amar',53,'2017-10-26 22:50:32',1,'\0',7,'buba',200,0,0,0,0,0,1,NULL),(1962,190,'orel ben muyal',54,'2017-10-26 22:50:41',1,'\0',7,'buba',200,0,0,0,0,0,1,NULL),(1963,178,'KIMHI GAL',12,'2017-10-26 22:50:59',1,'\0',7,'buba',120,0,0,0,0,0,1,NULL),(1964,171,'MOSHE RAM',31,'2017-10-26 22:56:11',1,'\0',7,'buba',100,0,0,0,0,0,1,NULL),(1965,177,'sharon yardeni',11,'2017-10-26 23:08:54',1,'\0',7,'buba',160,0,0,0,0,0,1,NULL),(1966,171,'MOSHE RAM',31,'2017-10-26 23:28:10',1,'\0',7,'buba',115,0,0,0,0,0,1,NULL),(1967,188,'shir nagar ',52,'2017-10-26 23:36:23',1,'\0',7,'buba',20,0,0,0,0,0,1,NULL),(1968,189,'amit amar',53,'2017-10-26 23:36:38',1,'\0',7,'buba',20,0,0,0,0,0,1,NULL),(1969,190,'orel ben muyal',54,'2017-10-26 23:37:18',1,'\0',7,'buba',20,0,0,0,0,0,1,NULL),(1970,182,'tal yehoshua',28,'2017-10-26 23:39:40',1,'\0',7,'buba',50,0,0,0,0,0,1,NULL),(1971,178,'KIMHI GAL',12,'2017-10-26 23:42:49',1,'\0',7,'buba',40,0,0,0,0,0,1,NULL),(1972,179,'ezra yeoshua',26,'2017-10-26 23:43:35',1,'\0',7,'buba',50,0,0,0,0,0,1,NULL),(1973,182,'tal yehoshua',28,'2017-10-26 23:45:37',1,'\0',7,'buba',100,0,0,0,0,0,1,NULL),(1974,195,'jp',1,'2017-10-26 23:47:08',1,'\0',7,'buba',440,0,0,0,0,0,1,NULL),(1975,188,'shir nagar ',52,'2017-10-27 00:01:21',1,'\0',7,'buba',40,0,0,0,0,0,1,NULL),(1976,189,'amit amar',53,'2017-10-27 00:01:52',1,'\0',7,'buba',50,0,0,0,0,0,1,NULL),(1977,171,'MOSHE RAM',31,'2017-10-27 00:05:34',1,'\0',7,'buba',50,0,0,0,0,0,1,NULL),(1978,171,'MOSHE RAM',31,'2017-10-27 00:11:01',1,'\0',7,'buba',50,0,0,0,0,0,1,NULL),(1979,19,'elior buba',83,'2017-10-27 00:17:53',1,'\0',7,'buba',125,0,0,0,0,0,1,NULL),(1980,177,'sharon yardeni',11,'2017-10-27 00:19:49',1,'\0',7,'buba',40,0,0,0,0,0,1,NULL),(1981,188,'shir nagar ',52,'2017-10-27 00:37:53',1,'\0',7,'buba',20,0,0,0,0,0,1,NULL),(1982,189,'amit amar',53,'2017-10-27 00:38:07',1,'\0',7,'buba',20,0,0,0,0,0,1,NULL),(1983,190,'orel ben muyal',54,'2017-10-27 00:38:26',1,'\0',7,'buba',20,0,0,0,0,0,1,NULL),(1984,171,'MOSHE RAM',31,'2017-10-27 00:39:13',1,'\0',7,'buba',120,0,0,0,0,0,1,NULL),(1985,180,'ben sahar',13,'2017-10-27 00:44:55',1,'\0',7,'buba',20,0,0,0,0,0,1,NULL),(1986,172,'moshe shimon',32,'2017-10-27 02:22:49',1,'\0',7,'buba',200,0,0,0,0,0,1,NULL),(1987,172,'moshe shimon',32,'2017-10-27 02:24:51',1,'',7,'buba',200,0,0,0,0,4,1,'חיוב כפול כי אוראל מסטול'),(1988,180,'ben sahar',13,'2017-10-27 03:33:53',1,'\0',8,'hen',20,0,0,0,0,0,1,NULL),(1989,180,'ben sahar',13,'2017-10-27 03:35:41',1,'\0',10,'beni',50,0,0,0,0,0,1,NULL),(1990,182,'tal yehoshua',28,'2017-10-27 03:37:12',1,'\0',8,'hen',50,0,0,0,0,0,1,NULL),(1991,174,'itamar gabay',34,'2017-10-27 03:41:21',1,'\0',7,'buba',65,0,0,0,0,0,1,NULL),(1992,179,'ezra yeoshua',26,'2017-10-27 03:42:05',1,'\0',7,'buba',100,0,0,0,0,0,1,NULL),(1993,189,'amit amar',53,'2017-10-27 03:46:47',1,'\0',7,'buba',85,0,0,0,0,0,1,NULL),(1994,33,'KEREN leiva',229,'2017-10-27 03:55:16',1,'\0',10,'beni',30,0,0,0,0,0,1,NULL),(1995,181,'tomer skliar',27,'2017-10-27 04:17:33',1,'\0',8,'hen',100,0,0,0,0,0,1,NULL),(1996,192,'ROTEM YOHANANUF',164,'2017-10-27 04:20:09',1,'\0',9,'ruhama',100,0,0,0,0,0,1,NULL),(1997,179,'ezra yeoshua',26,'2017-10-27 04:25:50',1,'\0',7,'buba',65,0,0,0,0,0,1,NULL),(1998,158,'liron  twito',262,'2017-10-27 05:18:52',1,'\0',7,'buba',85,0,0,0,0,0,1,NULL),(1999,188,'shir nagar ',52,'2017-10-27 05:22:05',1,'\0',7,'buba',50,0,0,0,0,0,1,NULL),(2000,179,'ezra yeoshua',26,'2017-10-27 05:23:52',1,'\0',7,'buba',120,0,0,0,0,0,1,NULL),(2001,171,'MOSHE RAM',31,'2017-10-27 05:35:06',1,'\0',7,'buba',370,0,0,0,0,0,1,NULL),(2002,182,'tal yehoshua',28,'2017-10-27 05:36:23',1,'\0',7,'buba',65,0,0,0,0,0,1,NULL),(2003,179,'ezra yeoshua',26,'2017-10-27 05:38:49',1,'\0',7,'buba',30,0,0,0,0,0,1,NULL),(2004,1,'system',0,'2017-10-27 05:48:36',3,'\0',7,'buba',690,0,0,0,0,0,1,NULL),(2005,1,'system',0,'2017-10-27 05:49:04',3,'\0',7,'buba',80,0,0,0,0,0,1,NULL),(2006,182,'tal yehoshua',28,'2017-10-27 05:54:36',1,'\0',7,'buba',20,0,0,0,0,0,1,NULL),(2007,179,'ezra yeoshua',26,'2017-10-27 06:03:35',1,'\0',6,'marco',30,0,0,0,0,0,1,NULL),(2008,181,'tomer skliar',27,'2017-10-27 06:03:52',1,'\0',6,'marco',35,0,0,0,0,0,1,NULL),(2009,189,'amit amar',53,'2017-10-27 06:44:16',1,'\0',7,'buba',80,0,0,0,0,0,1,NULL),(2010,181,'tomer skliar',27,'2017-10-27 07:33:41',1,'\0',4,'evyatar',20,0,0,0,0,0,1,NULL),(2011,182,'tal yehoshua',28,'2017-10-27 08:01:14',1,'\0',4,'evyatar',100,0,0,0,0,0,1,NULL),(2012,179,'ezra yeoshua',26,'2017-10-27 08:43:51',1,'\0',4,'evyatar',300,0,0,0,0,0,1,NULL),(2013,179,'ezra yeoshua',26,'2017-10-27 08:59:48',1,'\0',4,'evyatar',220,0,0,0,0,0,1,NULL),(2014,23,'קובי',115,'2017-10-27 09:00:39',1,'\0',4,'evyatar',135,0,0,0,0,0,1,NULL),(2015,161,'CUAIDIA',267,'2017-10-27 10:17:03',1,'\0',4,'evyatar',200,0,0,0,0,0,1,NULL),(2016,182,'tal yehoshua',28,'2017-10-27 10:28:34',1,'\0',4,'evyatar',200,0,0,0,0,0,1,NULL),(2017,178,'KIMHI GAL',12,'2017-10-27 11:18:39',1,'\0',4,'evyatar',30,0,0,0,0,0,1,NULL),(2018,178,'KIMHI GAL',12,'2017-10-27 11:46:32',1,'\0',4,'evyatar',120,0,0,0,0,0,1,NULL),(2019,180,'ben sahar',13,'2017-10-27 12:41:38',1,'\0',4,'evyatar',100,0,0,0,0,0,1,NULL),(2020,180,'ben sahar',13,'2017-10-27 12:42:11',1,'\0',4,'evyatar',135,0,0,0,0,0,1,NULL),(2021,171,'MOSHE RAM',31,'2017-10-27 13:03:30',1,'\0',4,'evyatar',160,0,0,0,0,0,1,NULL),(2022,151,'IDAN MOZ',260,'2017-10-27 13:07:45',1,'\0',4,'evyatar',295,0,0,0,0,0,1,NULL),(2023,171,'MOSHE RAM',31,'2017-10-27 13:09:49',1,'\0',4,'evyatar',60,0,0,0,0,0,1,NULL),(2024,178,'KIMHI GAL',12,'2017-10-27 13:30:02',1,'\0',6,'marco',35,0,0,0,0,0,1,NULL),(2025,180,'ben sahar',13,'2017-10-27 13:30:55',1,'\0',6,'marco',20,0,0,0,0,0,1,NULL),(2026,161,'CUAIDIA',267,'2017-10-27 13:34:02',1,'\0',6,'marco',150,0,0,0,0,0,1,NULL),(2027,171,'MOSHE RAM',31,'2017-10-27 14:25:56',1,'\0',4,'evyatar',70,0,0,0,0,0,1,NULL),(2028,1,'system',0,'2017-10-27 14:41:38',3,'\0',6,'marco',80,0,0,0,0,0,1,NULL),(2029,158,'liron  twito',262,'2017-10-27 14:52:14',1,'\0',6,'marco',20,0,0,0,0,0,1,NULL),(2030,188,'shir nagar ',52,'2017-10-27 14:59:02',1,'\0',15,'kobi',120,0,0,0,0,0,1,NULL),(2031,189,'amit amar',53,'2017-10-27 14:59:36',1,'\0',15,'kobi',100,0,0,0,0,0,1,NULL),(2032,190,'orel ben muyal',54,'2017-10-27 15:00:56',1,'\0',15,'kobi',120,0,0,0,0,0,1,NULL),(2033,151,'IDAN MOZ',260,'2017-10-27 15:03:59',1,'\0',4,'evyatar',195,0,0,0,0,0,1,NULL),(2034,9,'haim',95,'2017-10-27 15:05:12',1,'\0',15,'kobi',150,0,0,0,0,0,1,NULL),(2035,171,'MOSHE RAM',31,'2017-10-27 15:37:49',1,'\0',4,'evyatar',480,0,0,0,0,0,1,NULL),(2036,171,'MOSHE RAM',31,'2017-10-27 15:54:35',1,'\0',6,'marco',30,0,0,0,0,0,1,NULL),(2037,173,'shmuel moshe',33,'2017-10-27 15:54:47',1,'\0',6,'marco',30,0,0,0,0,0,1,NULL),(2038,174,'itamar gabay',34,'2017-10-27 15:54:57',1,'\0',6,'marco',30,0,0,0,0,0,1,NULL),(2039,172,'moshe shimon',32,'2017-10-27 15:55:07',1,'\0',6,'marco',30,0,0,0,0,0,1,NULL),(2040,178,'KIMHI GAL',12,'2017-10-27 16:16:39',1,'\0',4,'evyatar',150,0,0,0,0,0,1,NULL),(2041,9,'haim',95,'2017-10-27 17:22:02',1,'\0',6,'marco',20,0,0,0,0,0,1,NULL),(2042,180,'ben sahar',13,'2017-10-27 17:24:24',1,'\0',4,'evyatar',400,0,0,0,0,0,1,NULL),(2043,1,'system',0,'2017-10-27 17:38:11',3,'\0',7,'buba',80,0,0,0,0,0,1,NULL),(2044,180,'ben sahar',13,'2017-10-27 17:46:38',1,'\0',4,'evyatar',50,0,0,0,0,0,1,NULL),(2045,181,'tomer skliar',27,'2017-10-27 17:54:21',1,'\0',7,'buba',35,0,0,0,0,0,1,NULL),(2046,188,'shir nagar ',52,'2017-10-27 18:55:27',1,'\0',6,'marco',20,0,0,0,0,0,1,NULL),(2047,189,'amit amar',53,'2017-10-27 18:55:33',1,'\0',6,'marco',20,0,0,0,0,0,1,NULL),(2048,190,'orel ben muyal',54,'2017-10-27 18:55:40',1,'\0',6,'marco',20,0,0,0,0,0,1,NULL),(2049,1,'system',0,'2017-10-27 19:02:55',3,'\0',16,'CAMI',40,0,0,0,0,0,1,NULL),(2050,1,'system',0,'2017-10-27 19:06:10',3,'\0',16,'CAMI',50,0,0,0,0,0,1,NULL),(2051,179,'ezra yeoshua',26,'2017-10-27 19:12:15',1,'\0',16,'CAMI',30,0,0,0,0,0,1,NULL),(2052,1,'system',0,'2017-10-27 19:54:30',3,'\0',16,'CAMI',160,0,0,0,0,0,1,NULL),(2053,1,'system',0,'2017-10-27 20:03:12',3,'\0',16,'CAMI',60,0,0,0,0,0,1,NULL),(2054,151,'IDAN MOZ',260,'2017-10-27 20:11:48',1,'\0',7,'buba',400,0,0,0,0,0,1,NULL),(2055,1,'system',0,'2017-10-27 20:25:29',3,'\0',6,'marco',35,0,0,0,0,0,1,NULL),(2056,23,'קובי',115,'2017-10-27 20:48:45',1,'\0',15,'kobi',65,0,0,0,0,0,1,NULL),(2057,191,'OFIR AZANKOT',163,'2017-10-27 20:57:18',1,'\0',7,'buba',200,0,0,0,0,0,1,NULL),(2058,193,'BEN BEM YAIR',129,'2017-10-27 20:57:37',1,'\0',16,'CAMI',200,0,0,0,0,0,1,NULL),(2059,194,'NIR SAMUELS ',130,'2017-10-27 20:57:59',1,'\0',16,'CAMI',200,0,0,0,0,0,1,NULL),(2060,192,'ROTEM YOHANANUF',164,'2017-10-27 20:58:26',1,'\0',16,'CAMI',200,0,0,0,0,0,1,NULL),(2061,179,'ezra yeoshua',26,'2017-10-27 20:58:39',1,'\0',16,'CAMI',200,0,0,0,0,0,1,NULL),(2062,181,'tomer skliar',27,'2017-10-27 20:58:50',1,'\0',16,'CAMI',200,0,0,0,0,0,1,NULL),(2063,182,'tal yehoshua',28,'2017-10-27 20:58:58',1,'\0',16,'CAMI',200,0,0,0,0,0,1,NULL),(2064,188,'shir nagar ',52,'2017-10-27 20:59:12',1,'\0',16,'CAMI',200,0,0,0,0,0,1,NULL),(2065,189,'amit amar',53,'2017-10-27 20:59:20',1,'\0',16,'CAMI',200,0,0,0,0,0,1,NULL),(2066,190,'orel ben muyal',54,'2017-10-27 20:59:29',1,'\0',16,'CAMI',200,0,0,0,0,0,1,NULL),(2067,151,'IDAN MOZ',260,'2017-10-27 21:00:01',1,'\0',16,'CAMI',200,0,0,0,0,0,1,NULL),(2068,158,'liron  twito',262,'2017-10-27 21:00:40',1,'\0',16,'CAMI',200,0,0,0,0,0,1,NULL),(2069,1,'system',0,'2017-10-27 21:06:24',3,'\0',16,'CAMI',400,0,0,0,0,0,1,NULL),(2070,188,'shir nagar ',52,'2017-10-27 21:28:56',1,'\0',15,'kobi',35,0,0,0,0,0,1,NULL),(2071,1,'system',0,'2017-10-27 21:36:32',3,'',16,'CAMI',105,0,0,0,0,16,1,NULL),(2072,173,'shmuel moshe',33,'2017-10-27 21:51:44',1,'\0',15,'kobi',50,0,0,0,0,0,1,NULL),(2073,190,'orel ben muyal',54,'2017-10-27 22:01:03',1,'\0',7,'buba',40,0,0,0,0,0,1,NULL),(2074,1,'system',0,'2017-10-27 22:01:18',3,'\0',15,'kobi',70,0,0,0,0,0,1,NULL),(2075,1,'system',0,'2017-10-27 22:01:46',3,'\0',15,'kobi',35,0,0,0,0,0,1,NULL),(2076,1,'system',0,'2017-10-27 22:36:36',3,'\0',15,'kobi',650,0,0,0,0,0,1,NULL),(2077,151,'IDAN MOZ',260,'2017-10-27 23:01:52',1,'\0',16,'CAMI',70,0,0,0,0,0,1,NULL),(2078,188,'shir nagar ',52,'2017-10-27 23:17:36',1,'\0',15,'kobi',100,0,0,0,0,0,1,NULL),(2079,179,'ezra yeoshua',26,'2017-10-27 23:19:37',1,'\0',16,'CAMI',40,0,0,0,0,0,1,NULL),(2080,173,'shmuel moshe',33,'2017-10-27 23:28:55',1,'\0',15,'kobi',50,0,0,0,0,0,1,NULL),(2081,182,'tal yehoshua',28,'2017-10-27 23:37:28',1,'\0',15,'kobi',100,0,0,0,0,0,1,NULL),(2082,188,'shir nagar ',52,'2017-10-27 23:37:41',1,'\0',15,'kobi',40,0,0,0,0,0,1,NULL),(2083,197,'DOR AHARON',242,'2017-10-28 00:07:16',1,'\0',15,'kobi',120,0,0,0,0,0,1,NULL),(2084,1,'system',0,'2017-10-28 00:08:44',3,'\0',15,'kobi',65,0,0,0,0,0,1,NULL),(2085,1,'system',0,'2017-10-28 00:11:35',3,'\0',15,'kobi',160,0,0,0,0,0,1,NULL),(2086,196,'EMUNA AHARON',241,'2017-10-28 00:13:38',1,'\0',15,'kobi',120,0,0,0,0,0,1,NULL),(2087,1,'system',0,'2017-10-28 00:14:58',3,'\0',15,'kobi',240,0,0,0,0,0,1,NULL),(2088,178,'KIMHI GAL',12,'2017-10-28 00:17:08',1,'\0',16,'CAMI',20,0,0,0,0,0,1,NULL),(2089,196,'EMUNA AHARON',241,'2017-10-28 00:18:55',1,'\0',15,'kobi',100,0,0,0,0,0,1,NULL),(2090,1,'system',0,'2017-10-28 00:31:49',3,'\0',15,'kobi',120,0,0,0,0,0,1,NULL),(2091,196,'EMUNA AHARON',241,'2017-10-28 00:33:36',1,'\0',15,'kobi',120,0,0,0,0,0,1,NULL),(2092,1,'system',0,'2017-10-28 00:37:50',3,'\0',15,'kobi',160,0,0,0,0,0,1,NULL),(2093,172,'moshe shimon',32,'2017-10-28 00:51:05',1,'\0',16,'CAMI',65,0,0,0,0,0,1,NULL),(2094,171,'MOSHE RAM',31,'2017-10-28 00:57:33',1,'\0',15,'kobi',65,0,0,0,0,0,1,NULL),(2095,173,'shmuel moshe',33,'2017-10-28 01:02:46',1,'\0',16,'CAMI',40,0,0,0,0,0,1,NULL),(2096,196,'EMUNA AHARON',241,'2017-10-28 01:08:37',1,'\0',15,'kobi',120,0,0,0,0,0,1,NULL),(2097,1,'system',0,'2017-10-28 01:12:51',3,'\0',16,'CAMI',100,0,0,0,0,0,1,NULL),(2098,1,'system',0,'2017-10-28 01:18:16',3,'\0',15,'kobi',40,0,0,0,0,0,1,NULL),(2099,196,'EMUNA AHARON',241,'2017-10-28 01:19:19',1,'\0',15,'kobi',120,0,0,0,0,0,1,NULL),(2100,192,'ROTEM YOHANANUF',164,'2017-10-28 01:21:26',1,'\0',15,'kobi',100,0,0,0,0,0,1,NULL),(2101,9,'haim',95,'2017-10-28 01:44:40',1,'\0',15,'kobi',125,0,0,0,0,0,1,NULL),(2102,1,'system',0,'2017-10-28 01:45:13',3,'\0',16,'CAMI',150,0,0,0,0,0,1,NULL),(2103,1,'system',0,'2017-10-28 01:45:43',3,'\0',15,'kobi',100,0,0,0,0,0,1,NULL),(2104,1,'system',0,'2017-10-28 01:46:48',3,'\0',15,'kobi',120,0,0,0,0,0,1,NULL),(2105,151,'IDAN MOZ',260,'2017-10-28 01:47:27',1,'\0',16,'CAMI',100,0,0,0,0,0,1,NULL),(2106,196,'EMUNA AHARON',241,'2017-10-28 01:50:17',1,'\0',15,'kobi',120,0,0,0,0,0,1,NULL),(2107,1,'system',0,'2017-10-28 01:52:40',3,'\0',15,'kobi',300,0,0,0,0,0,1,NULL),(2108,1,'system',0,'2017-10-28 01:58:04',3,'\0',15,'kobi',100,0,0,0,0,0,1,NULL),(2109,1,'system',0,'2017-10-28 01:58:54',3,'\0',15,'kobi',70,0,0,0,0,0,1,NULL),(2110,151,'IDAN MOZ',260,'2017-10-28 02:00:56',1,'\0',15,'kobi',35,0,0,0,0,0,1,NULL),(2111,192,'ROTEM YOHANANUF',164,'2017-10-28 02:01:23',1,'\0',15,'kobi',35,0,0,0,0,0,1,NULL),(2112,1,'system',0,'2017-10-28 02:28:57',3,'\0',15,'kobi',20,0,0,0,0,0,1,NULL),(2113,151,'IDAN MOZ',260,'2017-10-28 02:29:26',1,'\0',16,'CAMI',120,0,0,0,0,0,1,NULL),(2114,196,'EMUNA AHARON',241,'2017-10-28 02:39:42',1,'\0',15,'kobi',100,0,0,0,0,0,1,NULL),(2115,190,'orel ben muyal',54,'2017-10-28 03:46:11',1,'\0',15,'kobi',35,0,0,0,0,0,1,NULL),(2116,172,'moshe shimon',32,'2017-10-28 03:46:46',1,'\0',15,'kobi',120,0,0,0,0,0,1,NULL),(2117,9,'haim',95,'2017-10-28 03:48:18',1,'\0',15,'kobi',180,0,0,0,0,0,1,NULL),(2118,181,'tomer skliar',27,'2017-10-28 03:48:42',1,'\0',16,'CAMI',70,0,0,0,0,0,1,NULL),(2119,171,'MOSHE RAM',31,'2017-10-28 03:54:08',1,'\0',16,'CAMI',200,0,0,0,0,0,1,NULL),(2120,158,'liron  twito',262,'2017-10-28 03:57:18',1,'\0',15,'kobi',50,0,0,0,0,0,1,NULL),(2121,174,'itamar gabay',34,'2017-10-28 03:57:48',1,'\0',15,'kobi',50,0,0,0,0,0,1,NULL),(2122,182,'tal yehoshua',28,'2017-10-28 04:00:07',1,'\0',16,'CAMI',80,0,0,0,0,0,1,NULL),(2123,180,'ben sahar',13,'2017-10-28 04:02:31',1,'\0',16,'CAMI',40,0,0,0,0,0,1,NULL),(2124,174,'itamar gabay',34,'2017-10-28 04:08:34',1,'\0',15,'kobi',120,0,0,0,0,0,1,NULL),(2125,172,'moshe shimon',32,'2017-10-28 04:09:19',1,'\0',15,'kobi',120,0,0,0,0,0,1,NULL),(2126,177,'sharon yardeni',11,'2017-10-28 04:23:38',1,'\0',15,'kobi',140,0,0,0,0,0,1,NULL),(2127,188,'shir nagar ',52,'2017-10-28 04:23:43',1,'\0',16,'CAMI',195,0,0,0,0,0,1,NULL),(2128,177,'sharon yardeni',11,'2017-10-28 04:31:26',1,'\0',16,'CAMI',40,0,0,0,0,0,1,NULL),(2129,151,'IDAN MOZ',260,'2017-10-28 04:45:42',1,'\0',16,'CAMI',20,0,0,0,0,0,1,NULL),(2130,188,'shir nagar ',52,'2017-10-28 04:47:37',1,'\0',7,'buba',20,0,0,0,0,0,1,NULL),(2131,158,'liron  twito',262,'2017-10-28 04:53:12',1,'\0',16,'CAMI',65,0,0,0,0,0,1,NULL),(2132,171,'MOSHE RAM',31,'2017-10-28 04:55:46',1,'\0',16,'CAMI',35,0,0,0,0,0,1,NULL),(2133,1,'system',0,'2017-10-28 05:09:04',3,'\0',16,'CAMI',240,0,0,0,0,0,1,NULL),(2134,181,'tomer skliar',27,'2017-10-28 05:58:20',1,'\0',16,'CAMI',40,0,0,0,0,0,1,NULL),(2135,179,'ezra yeoshua',26,'2017-10-28 05:58:30',1,'\0',16,'CAMI',100,0,0,0,0,0,1,NULL),(2136,171,'MOSHE RAM',31,'2017-10-28 05:59:55',1,'\0',16,'CAMI',20,0,0,0,0,0,1,NULL),(2137,174,'itamar gabay',34,'2017-10-28 06:00:04',1,'\0',16,'CAMI',20,0,0,0,0,0,1,NULL),(2138,190,'orel ben muyal',54,'2017-10-28 06:01:27',1,'\0',7,'buba',80,0,0,0,0,0,1,NULL),(2139,171,'MOSHE RAM',31,'2017-10-28 06:12:48',1,'\0',7,'buba',20,0,0,0,0,0,1,NULL),(2140,1,'system',0,'2017-10-28 06:39:06',3,'\0',16,'CAMI',20,0,0,0,0,0,1,NULL),(2141,182,'tal yehoshua',28,'2017-10-28 07:25:10',1,'\0',6,'marco',30,0,0,0,0,0,1,NULL),(2142,172,'moshe shimon',32,'2017-10-28 10:58:41',1,'\0',6,'marco',20,0,0,0,0,0,1,NULL),(2143,1,'system',0,'2017-10-28 11:32:04',3,'\0',7,'buba',180,0,0,0,0,0,1,NULL),(2144,192,'ROTEM YOHANANUF',164,'2017-10-28 11:32:59',1,'\0',7,'buba',100,0,0,0,0,0,1,NULL),(2145,178,'KIMHI GAL',12,'2017-10-28 11:38:39',1,'\0',6,'marco',25,0,0,0,0,0,1,NULL),(2146,192,'ROTEM YOHANANUF',164,'2017-10-28 11:41:50',1,'\0',6,'marco',20,0,0,0,0,0,1,NULL),(2147,193,'BEN BEM YAIR',129,'2017-10-28 11:48:41',1,'\0',6,'marco',140,0,0,0,0,0,1,NULL),(2148,178,'KIMHI GAL',12,'2017-10-28 11:52:46',1,'\0',7,'buba',140,0,0,0,0,0,1,NULL),(2149,1,'system',0,'2017-10-28 12:00:07',3,'\0',7,'buba',500,0,0,0,0,0,1,NULL),(2150,193,'BEN BEM YAIR',129,'2017-10-28 12:01:39',1,'\0',6,'marco',140,0,0,0,0,0,1,NULL),(2151,174,'itamar gabay',34,'2017-10-28 12:26:40',1,'\0',6,'marco',30,0,0,0,0,0,1,NULL),(2152,171,'MOSHE RAM',31,'2017-10-28 12:26:56',1,'\0',6,'marco',30,0,0,0,0,0,1,NULL),(2153,182,'tal yehoshua',28,'2017-10-28 12:30:20',1,'\0',6,'marco',30,0,0,0,0,0,1,NULL),(2154,172,'moshe shimon',32,'2017-10-28 12:38:10',1,'\0',6,'marco',55,0,0,0,0,0,1,NULL),(2155,173,'shmuel moshe',33,'2017-10-28 12:41:02',1,'\0',6,'marco',30,0,0,0,0,0,1,NULL),(2156,193,'BEN BEM YAIR',129,'2017-10-28 12:47:11',1,'\0',6,'marco',40,0,0,0,0,0,1,NULL),(2157,194,'NIR SAMUELS ',130,'2017-10-28 12:47:25',1,'\0',6,'marco',40,0,0,0,0,0,1,NULL),(2158,182,'tal yehoshua',28,'2017-10-28 12:48:27',1,'\0',6,'marco',30,0,0,0,0,0,1,NULL),(2159,171,'MOSHE RAM',31,'2017-10-28 12:52:04',1,'\0',7,'buba',20,0,0,0,0,0,1,NULL),(2160,180,'ben sahar',13,'2017-10-28 12:52:49',1,'\0',7,'buba',170,0,0,0,0,0,1,NULL),(2161,1,'system',0,'2017-10-28 12:55:22',3,'\0',7,'buba',420,0,0,0,0,0,1,NULL),(2162,178,'KIMHI GAL',12,'2017-10-28 13:08:14',1,'\0',7,'buba',40,0,0,0,0,0,1,NULL),(2163,197,'DOR AHARON',242,'2017-10-28 13:11:24',1,'\0',7,'buba',120,0,0,0,0,0,1,NULL),(2164,1,'system',0,'2017-10-28 13:12:48',3,'\0',7,'buba',240,0,0,0,0,0,1,NULL),(2165,197,'DOR AHARON',242,'2017-10-28 13:17:44',1,'\0',7,'buba',140,0,0,0,0,0,1,NULL),(2166,180,'ben sahar',13,'2017-10-28 13:18:51',1,'\0',6,'marco',20,0,0,0,0,0,1,NULL),(2167,190,'orel ben muyal',54,'2017-10-28 13:32:31',1,'\0',6,'marco',140,0,0,0,0,0,1,NULL),(2168,197,'DOR AHARON',242,'2017-10-28 13:34:12',1,'\0',6,'marco',40,0,0,0,0,0,1,NULL),(2169,190,'orel ben muyal',54,'2017-10-28 13:47:19',1,'\0',6,'marco',20,0,0,0,0,0,1,NULL),(2170,1,'system',0,'2017-10-28 13:47:33',3,'\0',6,'marco',60,0,0,0,0,0,1,NULL),(2171,1,'system',0,'2017-10-28 13:53:32',3,'\0',6,'marco',20,0,0,0,0,0,1,NULL),(2172,1,'system',0,'2017-10-28 13:54:47',3,'\0',6,'marco',40,0,0,0,0,0,1,NULL),(2173,181,'tomer skliar',27,'2017-10-28 13:54:56',1,'\0',6,'marco',20,0,0,0,0,0,1,NULL),(2174,151,'IDAN MOZ',260,'2017-10-28 13:58:16',1,'\0',6,'marco',20,0,0,0,0,0,1,NULL),(2175,181,'tomer skliar',27,'2017-10-28 14:17:13',1,'\0',6,'marco',90,0,0,0,0,0,1,NULL),(2176,1,'system',0,'2017-10-28 14:37:21',3,'\0',6,'marco',20,0,0,0,0,0,1,NULL),(2177,179,'ezra yeoshua',26,'2017-10-28 14:47:20',1,'\0',6,'marco',30,0,0,0,0,0,1,NULL),(2178,197,'DOR AHARON',242,'2017-10-28 14:51:37',1,'\0',6,'marco',100,0,0,0,0,0,1,NULL),(2179,173,'shmuel moshe',33,'2017-10-28 15:20:29',1,'\0',6,'marco',140,0,0,0,0,0,1,NULL),(2180,174,'itamar gabay',34,'2017-10-28 15:25:48',1,'\0',6,'marco',140,0,0,0,0,0,1,NULL),(2181,182,'tal yehoshua',28,'2017-10-28 15:26:15',1,'\0',6,'marco',140,0,0,0,0,0,1,NULL),(2182,172,'moshe shimon',32,'2017-10-28 15:29:02',1,'\0',6,'marco',300,0,0,0,0,0,1,NULL),(2183,158,'liron  twito',262,'2017-10-28 15:31:34',1,'\0',6,'marco',20,0,0,0,0,0,1,NULL),(2184,182,'tal yehoshua',28,'2017-10-28 15:32:06',1,'\0',6,'marco',30,0,0,0,0,0,1,NULL),(2185,9,'haim',95,'2017-10-28 15:32:57',1,'\0',6,'marco',140,0,0,0,0,0,1,NULL),(2186,191,'OFIR AZANKOT',163,'2017-10-28 15:38:04',1,'\0',6,'marco',40,0,0,0,0,0,1,NULL),(2187,171,'MOSHE RAM',31,'2017-10-28 15:42:50',1,'\0',6,'marco',30,0,0,0,0,0,1,NULL),(2188,171,'MOSHE RAM',31,'2017-10-28 15:52:05',1,'\0',6,'marco',85,0,0,0,0,0,1,NULL),(2189,172,'moshe shimon',32,'2017-10-28 15:56:22',1,'\0',6,'marco',35,0,0,0,0,0,1,NULL),(2190,151,'IDAN MOZ',260,'2017-10-28 16:06:53',1,'\0',6,'marco',50,0,0,0,0,0,1,NULL),(2191,196,'EMUNA AHARON',241,'2017-10-28 16:08:39',1,'\0',6,'marco',40,0,0,0,0,0,1,NULL),(2192,178,'KIMHI GAL',12,'2017-10-28 16:36:56',1,'\0',6,'marco',20,0,0,0,0,0,1,NULL),(2193,171,'MOSHE RAM',31,'2017-10-28 17:12:56',1,'\0',6,'marco',35,0,0,0,0,0,1,NULL),(2194,174,'itamar gabay',34,'2017-10-28 17:16:14',1,'\0',6,'marco',140,0,0,0,0,0,1,NULL),(2195,192,'ROTEM YOHANANUF',164,'2017-10-28 17:20:26',1,'\0',7,'buba',300,0,0,0,0,0,1,NULL),(2196,174,'itamar gabay',34,'2017-10-28 17:23:06',1,'\0',6,'marco',30,0,0,0,0,0,1,NULL),(2197,1,'system',0,'2017-10-28 17:26:16',3,'\0',6,'marco',120,0,0,0,0,0,1,NULL),(2198,1,'system',0,'2017-10-28 17:29:33',3,'\0',6,'marco',150,0,0,0,0,0,1,NULL),(2199,1,'system',0,'2017-10-28 17:29:54',3,'\0',6,'marco',120,0,0,0,0,0,1,NULL),(2200,1,'system',0,'2017-10-28 17:33:10',3,'\0',6,'marco',190,0,0,0,0,0,1,NULL),(2201,1,'system',0,'2017-10-28 17:34:39',3,'\0',6,'marco',340,0,0,0,0,0,1,NULL),(2202,197,'DOR AHARON',242,'2017-10-28 17:37:33',1,'\0',6,'marco',120,0,0,0,0,0,1,NULL),(2203,196,'EMUNA AHARON',241,'2017-10-28 17:47:02',1,'\0',6,'marco',100,0,0,0,0,0,1,NULL),(2204,181,'tomer skliar',27,'2017-10-28 18:02:17',1,'\0',6,'marco',35,0,0,0,0,0,1,NULL),(2205,9,'haim',95,'2017-10-28 18:49:17',1,'\0',6,'marco',50,0,0,0,0,0,1,NULL),(2206,172,'moshe shimon',32,'2017-10-28 18:59:26',1,'\0',16,'CAMI',20,0,0,0,0,0,1,NULL),(2207,173,'shmuel moshe',33,'2017-10-28 19:00:52',1,'\0',16,'CAMI',200,0,0,0,0,0,1,NULL),(2208,173,'shmuel moshe',33,'2017-10-28 19:15:09',1,'\0',16,'CAMI',30,0,0,0,0,0,1,NULL),(2209,1,'system',0,'2017-10-28 19:37:18',3,'\0',16,'CAMI',65,0,0,0,0,0,1,NULL),(2210,181,'tomer skliar',27,'2017-10-28 19:40:49',1,'\0',16,'CAMI',40,0,0,0,0,0,1,NULL),(2211,182,'tal yehoshua',28,'2017-10-28 20:10:44',1,'\0',16,'CAMI',140,0,0,0,0,0,1,NULL),(2212,182,'tal yehoshua',28,'2017-10-28 20:23:47',1,'\0',16,'CAMI',20,0,0,0,0,0,1,NULL),(2213,181,'tomer skliar',27,'2017-10-28 20:31:52',1,'\0',16,'CAMI',90,0,0,0,0,0,1,NULL),(2214,158,'liron  twito',262,'2017-10-28 20:52:26',1,'\0',16,'CAMI',65,0,0,0,0,0,1,NULL),(2215,179,'ezra yeoshua',26,'2017-10-28 21:25:09',1,'\0',16,'CAMI',35,0,0,0,0,0,1,NULL),(2216,182,'tal yehoshua',28,'2017-10-28 21:31:36',1,'\0',16,'CAMI',35,0,0,0,0,0,1,NULL),(2217,179,'ezra yeoshua',26,'2017-10-28 21:43:34',1,'\0',16,'CAMI',120,0,0,0,0,0,1,NULL),(2218,182,'tal yehoshua',28,'2017-10-28 22:16:23',1,'\0',16,'CAMI',120,0,0,0,0,0,1,NULL),(2219,172,'moshe shimon',32,'2017-10-28 22:36:48',1,'',16,'CAMI',150,0,0,0,0,16,1,NULL),(2220,158,'liron  twito',262,'2017-10-28 22:37:32',1,'\0',16,'CAMI',120,0,0,0,0,0,1,NULL),(2221,1,'system',0,'2017-10-28 22:39:32',3,'\0',16,'CAMI',20,0,0,0,0,0,1,NULL),(2222,172,'moshe shimon',32,'2017-10-28 22:41:18',1,'\0',16,'CAMI',200,0,0,0,0,0,1,NULL),(2223,1,'system',0,'2017-10-28 22:41:55',3,'\0',16,'CAMI',90,0,0,0,0,0,1,NULL),(2224,173,'shmuel moshe',33,'2017-10-28 22:53:53',1,'\0',16,'CAMI',30,0,0,0,0,0,1,NULL),(2225,172,'moshe shimon',32,'2017-10-28 22:54:04',1,'\0',16,'CAMI',20,0,0,0,0,0,1,NULL),(2226,18,'orel f',80,'2017-10-28 23:06:23',1,'\0',16,'CAMI',100,0,0,0,0,0,1,NULL),(2227,1,'system',0,'2017-10-28 23:06:37',3,'\0',16,'CAMI',100,0,0,0,0,0,1,NULL),(2228,173,'shmuel moshe',33,'2017-10-28 23:15:48',1,'\0',16,'CAMI',40,0,0,0,0,0,1,NULL),(2229,177,'sharon yardeni',11,'2017-10-28 23:18:13',1,'\0',16,'CAMI',150,0,0,0,0,0,1,NULL),(2230,171,'MOSHE RAM',31,'2017-10-28 23:18:48',1,'\0',7,'buba',40,0,0,0,0,0,1,NULL),(2231,194,'NIR SAMUELS ',130,'2017-10-28 23:24:14',1,'\0',16,'CAMI',40,0,0,0,0,0,1,NULL),(2232,1,'system',0,'2017-10-28 23:28:35',3,'\0',16,'CAMI',50,0,0,0,0,0,1,NULL),(2233,151,'IDAN MOZ',260,'2017-10-28 23:35:05',1,'\0',16,'CAMI',100,0,0,0,0,0,1,NULL),(2234,182,'tal yehoshua',28,'2017-10-28 23:54:52',1,'\0',16,'CAMI',65,0,0,0,0,0,1,NULL),(2235,171,'MOSHE RAM',31,'2017-10-29 00:49:50',1,'\0',16,'CAMI',65,0,0,0,0,0,1,NULL),(2236,172,'moshe shimon',32,'2017-10-29 00:50:17',1,'\0',16,'CAMI',65,0,0,0,0,0,1,NULL),(2237,1,'system',0,'2017-10-29 01:11:46',3,'\0',16,'CAMI',40,0,0,0,0,0,1,NULL),(2238,158,'liron  twito',262,'2017-10-29 01:13:23',1,'\0',16,'CAMI',20,0,0,0,0,0,1,NULL),(2239,173,'shmuel moshe',33,'2017-10-29 01:16:50',1,'\0',15,'kobi',85,0,0,0,0,0,1,NULL),(2240,172,'moshe shimon',32,'2017-10-29 01:20:54',1,'\0',16,'CAMI',120,0,0,0,0,0,1,NULL),(2241,23,'קובי',115,'2017-10-29 01:28:31',1,'\0',16,'CAMI',65,0,0,0,0,0,1,NULL),(2242,1,'system',0,'2017-10-29 01:51:47',3,'\0',16,'CAMI',100,0,0,0,0,0,1,NULL),(2243,1,'system',0,'2017-10-29 01:52:49',3,'\0',16,'CAMI',150,0,0,0,0,0,1,NULL),(2244,1,'system',0,'2017-10-29 01:53:16',3,'\0',16,'CAMI',120,0,0,0,0,0,1,NULL),(2245,1,'system',0,'2017-10-29 01:53:56',3,'\0',16,'CAMI',30,0,0,0,0,0,1,NULL),(2246,197,'DOR AHARON',242,'2017-10-29 02:21:48',1,'\0',16,'CAMI',150,0,0,0,0,0,1,NULL),(2247,197,'DOR AHARON',242,'2017-10-29 02:24:01',1,'\0',16,'CAMI',20,0,0,0,0,0,1,NULL),(2248,1,'system',0,'2017-10-29 02:24:58',3,'\0',15,'kobi',250,0,0,0,0,0,1,NULL),(2249,196,'EMUNA AHARON',241,'2017-10-29 02:27:14',1,'\0',15,'kobi',130,0,0,0,0,0,1,NULL),(2250,191,'OFIR AZANKOT',163,'2017-10-29 02:39:11',1,'\0',15,'kobi',100,0,0,0,0,0,1,NULL),(2251,177,'sharon yardeni',11,'2017-10-29 02:40:01',1,'\0',15,'kobi',40,0,0,0,0,0,1,NULL),(2252,171,'MOSHE RAM',31,'2017-10-29 02:40:43',1,'\0',15,'kobi',120,0,0,0,0,0,1,NULL),(2253,174,'itamar gabay',34,'2017-10-29 02:41:58',1,'\0',15,'kobi',120,0,0,0,0,0,1,NULL),(2254,181,'tomer skliar',27,'2017-10-29 02:41:58',1,'\0',16,'CAMI',35,0,0,0,0,0,1,NULL),(2255,23,'קובי',115,'2017-10-29 02:43:17',1,'\0',15,'kobi',40,0,0,0,0,0,1,NULL),(2256,173,'shmuel moshe',33,'2017-10-29 02:45:04',1,'\0',16,'CAMI',40,0,0,0,0,0,1,NULL),(2257,1,'system',0,'2017-10-29 02:48:36',3,'\0',16,'CAMI',465,0,0,0,0,0,1,NULL),(2258,172,'moshe shimon',32,'2017-10-29 02:56:01',1,'\0',15,'kobi',130,0,0,0,0,0,1,NULL),(2259,197,'DOR AHARON',242,'2017-10-29 02:59:27',1,'\0',16,'CAMI',120,0,0,0,0,0,1,NULL),(2260,171,'MOSHE RAM',31,'2017-10-29 03:02:11',1,'\0',16,'CAMI',120,0,0,0,0,0,1,NULL),(2261,174,'itamar gabay',34,'2017-10-29 03:02:26',1,'\0',16,'CAMI',120,0,0,0,0,0,1,NULL),(2262,197,'DOR AHARON',242,'2017-10-29 03:04:48',1,'\0',16,'CAMI',20,0,0,0,0,0,1,NULL),(2263,192,'ROTEM YOHANANUF',164,'2017-10-29 03:05:15',1,'\0',15,'kobi',130,0,0,0,0,0,1,NULL),(2264,151,'IDAN MOZ',260,'2017-10-29 03:20:01',1,'\0',16,'CAMI',70,0,0,0,0,0,1,NULL),(2265,182,'tal yehoshua',28,'2017-10-29 03:37:54',1,'\0',16,'CAMI',40,0,0,0,0,0,1,NULL),(2266,172,'moshe shimon',32,'2017-10-29 03:42:51',1,'\0',16,'CAMI',40,0,0,0,0,0,1,NULL),(2267,173,'shmuel moshe',33,'2017-10-29 04:25:09',1,'\0',16,'CAMI',20,0,0,0,0,0,1,NULL),(2268,181,'tomer skliar',27,'2017-10-29 04:42:45',1,'\0',16,'CAMI',20,0,0,0,0,0,1,NULL),(2269,179,'ezra yeoshua',26,'2017-10-29 04:56:27',1,'\0',16,'CAMI',120,0,0,0,0,0,1,NULL),(2270,182,'tal yehoshua',28,'2017-10-29 05:31:53',1,'\0',16,'CAMI',100,0,0,0,0,0,1,NULL),(2271,172,'moshe shimon',32,'2017-10-29 05:32:14',1,'\0',16,'CAMI',120,0,0,0,0,0,1,NULL),(2272,171,'MOSHE RAM',31,'2017-10-29 05:45:37',1,'\0',16,'CAMI',120,0,0,0,0,0,1,NULL),(2273,23,'קובי',115,'2017-10-29 06:47:45',1,'\0',4,'evyatar',120,0,0,0,0,0,1,NULL),(2274,23,'קובי',115,'2017-10-29 08:29:32',1,'\0',4,'evyatar',145,0,0,0,0,0,1,NULL),(2275,193,'BEN BEN YAIR',129,'2017-10-29 09:28:18',1,'\0',4,'evyatar',120,0,0,0,0,0,1,NULL),(2276,194,'NIR SAMUELS ',130,'2017-10-29 09:37:21',1,'\0',4,'evyatar',155,0,0,0,0,0,1,NULL),(2277,193,'BEN BEN YAIR',129,'2017-10-29 09:39:10',1,'\0',4,'evyatar',30,0,0,0,0,0,1,NULL),(2278,192,'ROTEM YOHANANUF',164,'2017-10-29 09:42:52',1,'\0',4,'evyatar',20,0,0,0,0,0,1,NULL),(2279,1,'system',0,'2017-10-29 11:03:15',3,'\0',4,'evyatar',120,0,0,0,0,0,1,NULL),(2280,1,'system',0,'2017-10-29 11:18:30',3,'\0',15,'kobi',130,0,0,0,0,0,1,NULL),(2281,1,'system',0,'2017-10-29 11:30:00',3,'\0',15,'kobi',90,0,0,0,0,0,1,NULL),(2282,198,'alon ',81,'2017-10-29 11:38:29',1,'\0',7,'buba',65,0,0,0,0,0,1,NULL),(2283,192,'ROTEM YOHANANUF',164,'2017-10-29 11:54:16',1,'\0',4,'evyatar',240,0,0,0,0,0,1,NULL),(2284,1,'system',0,'2017-10-29 12:01:05',3,'\0',4,'evyatar',80,0,0,0,0,0,1,NULL),(2285,1,'system',0,'2017-10-29 12:05:36',3,'\0',4,'evyatar',200,0,0,0,0,0,1,NULL),(2286,1,'system',0,'2017-10-29 12:06:13',3,'\0',4,'evyatar',60,0,0,0,0,0,1,NULL),(2287,1,'system',0,'2017-10-29 12:13:31',3,'\0',4,'evyatar',510,0,0,0,0,0,1,NULL),(2288,1,'system',0,'2017-10-29 12:14:57',3,'\0',4,'evyatar',480,0,0,0,0,0,1,NULL),(2289,178,'KIMHI GAL',12,'2017-10-29 12:18:39',1,'\0',4,'evyatar',30,0,0,0,0,0,1,NULL),(2290,151,'IDAN MOZ',260,'2017-10-29 12:33:15',1,'\0',4,'evyatar',35,0,0,0,0,0,1,NULL),(2291,178,'KIMHI GAL',12,'2017-10-29 12:35:12',1,'\0',7,'buba',120,0,0,0,0,0,1,NULL),(2292,1,'system',0,'2017-10-29 12:39:42',3,'\0',7,'buba',200,0,0,0,0,0,1,NULL),(2293,151,'IDAN MOZ',260,'2017-10-29 13:02:18',1,'\0',4,'evyatar',240,0,0,0,0,0,1,NULL),(2294,178,'KIMHI GAL',12,'2017-10-29 13:21:09',1,'\0',4,'evyatar',35,0,0,0,0,0,1,NULL),(2295,151,'IDAN MOZ',260,'2017-10-29 13:22:19',1,'\0',4,'evyatar',20,0,0,0,0,0,1,NULL),(2296,1,'system',0,'2017-10-29 13:31:58',3,'\0',4,'evyatar',60,0,0,0,0,0,1,NULL),(2297,1,'system',0,'2017-10-29 13:37:41',3,'\0',4,'evyatar',130,0,0,0,0,0,1,NULL),(2298,1,'system',0,'2017-10-29 13:39:40',3,'\0',4,'evyatar',60,0,0,0,0,0,1,NULL),(2299,171,'MOSHE RAM',31,'2017-10-29 13:40:06',1,'\0',4,'evyatar',35,0,0,0,0,0,1,NULL),(2300,171,'MOSHE RAM',31,'2017-10-29 13:44:57',1,'\0',4,'evyatar',175,0,0,0,0,0,1,NULL),(2301,171,'MOSHE RAM',31,'2017-10-29 14:33:39',1,'\0',4,'evyatar',30,0,0,0,0,0,1,NULL),(2302,182,'tal yehoshua',28,'2017-10-29 14:33:48',1,'\0',4,'evyatar',30,0,0,0,0,0,1,NULL),(2303,1,'system',0,'2017-10-29 14:45:26',3,'\0',4,'evyatar',60,0,0,0,0,0,1,NULL),(2304,1,'system',0,'2017-10-29 15:02:34',3,'\0',4,'evyatar',70,0,0,0,0,0,1,NULL),(2305,171,'MOSHE RAM',31,'2017-10-29 15:22:37',1,'\0',4,'evyatar',35,0,0,0,0,0,1,NULL),(2306,181,'tomer skliar',27,'2017-10-29 16:04:42',1,'\0',4,'evyatar',30,0,0,0,0,0,1,NULL),(2307,151,'IDAN MOZ',260,'2017-10-29 16:08:10',1,'\0',4,'evyatar',60,0,0,0,0,0,1,NULL),(2308,179,'ezra yeoshua',26,'2017-10-29 16:08:42',1,'\0',4,'evyatar',30,0,0,0,0,0,1,NULL),(2309,179,'ezra yeoshua',26,'2017-10-29 16:11:02',1,'\0',4,'evyatar',20,0,0,0,0,0,1,NULL),(2310,179,'ezra yeoshua',26,'2017-10-29 16:11:12',1,'\0',4,'evyatar',35,0,0,0,0,0,1,NULL),(2311,9,'haim',95,'2017-10-29 16:12:05',1,'\0',4,'evyatar',180,0,0,0,0,0,1,NULL),(2312,171,'MOSHE RAM',31,'2017-10-29 16:26:11',1,'\0',4,'evyatar',510,0,0,0,0,0,1,NULL),(2313,151,'IDAN MOZ',260,'2017-10-29 16:37:03',1,'\0',4,'evyatar',100,0,0,0,0,0,1,NULL),(2314,9,'haim',95,'2017-10-29 17:20:55',1,'\0',4,'evyatar',180,0,0,0,0,0,1,NULL),(2315,172,'moshe shimon',32,'2017-10-29 18:55:15',1,'\0',6,'marco',20,0,0,0,0,0,1,NULL),(2316,1,'system',0,'2017-10-29 19:06:58',3,'\0',6,'marco',120,0,0,0,0,0,1,NULL),(2317,151,'IDAN MOZ',260,'2017-10-29 19:19:00',1,'\0',6,'marco',20,0,0,0,0,0,1,NULL),(2318,181,'tomer skliar',27,'2017-10-29 19:20:35',1,'\0',6,'marco',35,0,0,0,0,0,1,NULL),(2319,178,'KIMHI GAL',12,'2017-10-29 19:30:45',1,'\0',6,'marco',180,0,0,0,0,0,1,NULL),(2320,172,'moshe shimon',32,'2017-10-29 19:31:26',1,'\0',6,'marco',135,0,0,0,0,0,1,NULL),(2321,19,'elior buba',83,'2017-10-29 19:33:20',1,'\0',7,'buba',140,0,0,0,0,0,1,NULL),(2322,158,'liron  twito',262,'2017-10-29 20:37:30',1,'\0',7,'buba',200,0,0,0,0,0,1,NULL),(2323,1,'system',0,'2017-10-29 20:57:37',3,'\0',6,'marco',50,0,0,0,0,0,1,NULL),(2324,181,'tomer skliar',27,'2017-10-29 21:20:47',1,'\0',7,'buba',90,0,0,0,0,0,1,NULL),(2325,182,'tal yehoshua',28,'2017-10-29 21:21:03',1,'\0',7,'buba',90,0,0,0,0,0,1,NULL),(2326,171,'MOSHE RAM',31,'2017-10-29 21:21:32',1,'\0',7,'buba',180,0,0,0,0,0,1,NULL),(2327,1,'system',0,'2017-10-29 21:31:20',3,'\0',6,'marco',30,0,0,0,0,0,1,NULL),(2328,179,'ezra yeoshua',26,'2017-10-29 21:34:35',1,'\0',6,'marco',90,0,0,0,0,0,1,NULL),(2329,171,'MOSHE RAM',31,'2017-10-29 21:43:36',1,'\0',7,'buba',20,0,0,0,0,0,1,NULL),(2330,174,'itamar gabay',34,'2017-10-29 22:07:27',1,'\0',7,'buba',690,0,0,0,0,0,1,NULL),(2331,174,'itamar gabay',34,'2017-10-29 22:08:08',1,'\0',7,'buba',95,0,0,0,0,0,1,NULL),(2332,9,'haim',95,'2017-10-29 22:18:49',1,'\0',6,'marco',50,0,0,0,0,0,1,NULL),(2333,1,'system',0,'2017-10-29 22:55:12',3,'\0',6,'marco',450,0,0,0,0,0,1,NULL),(2334,1,'system',0,'2017-10-29 23:13:03',3,'\0',6,'marco',120,0,0,0,0,0,1,NULL),(2335,1,'system',0,'2017-10-29 23:15:32',3,'',6,'marco',150,0,0,0,0,7,1,NULL),(2336,1,'system',0,'2017-10-29 23:21:26',3,'\0',6,'marco',110,0,0,0,0,0,1,NULL),(2337,1,'system',0,'2017-10-29 23:24:11',3,'\0',6,'marco',30,0,0,0,0,0,1,NULL),(2338,1,'system',0,'2017-10-29 23:32:04',3,'\0',6,'marco',30,0,0,0,0,0,1,NULL),(2339,1,'system',0,'2017-10-29 23:35:27',3,'\0',6,'marco',150,0,0,0,0,0,1,NULL),(2340,1,'system',0,'2017-10-29 23:54:16',3,'\0',7,'buba',50,0,0,0,0,0,1,NULL),(2341,1,'system',0,'2017-10-30 00:01:05',3,'\0',7,'buba',100,0,0,0,0,0,1,NULL),(2342,198,'alon ',81,'2017-10-30 00:35:12',1,'\0',6,'marco',150,0,0,0,0,0,1,NULL),(2343,182,'tal yehoshua',28,'2017-10-30 01:05:18',1,'\0',7,'buba',120,0,0,0,0,0,1,NULL),(2344,181,'tomer skliar',27,'2017-10-30 01:10:03',1,'\0',6,'marco',20,0,0,0,0,0,1,NULL),(2345,181,'tomer skliar',27,'2017-10-30 01:16:00',1,'\0',6,'marco',130,0,0,0,0,0,1,NULL),(2346,182,'tal yehoshua',28,'2017-10-30 01:20:46',1,'\0',6,'marco',30,0,0,0,0,0,1,NULL),(2347,23,'קובי',115,'2017-10-30 02:06:54',1,'\0',15,'kobi',65,0,0,0,0,0,1,NULL),(2348,179,'ezra yeoshua',26,'2017-10-30 02:15:21',1,'\0',15,'kobi',30,0,0,0,0,0,1,NULL),(2349,1,'system',0,'2017-10-30 03:34:25',3,'\0',15,'kobi',70,0,0,0,0,0,1,NULL),(2350,201,'RAUL MAYOLO RAMIREZ',22,'2017-10-30 06:26:25',1,'\0',4,'evyatar',90,0,0,0,0,0,1,NULL),(2351,178,'KIMHI GAL',12,'2017-10-30 08:34:16',1,'\0',4,'evyatar',145,0,0,0,0,0,1,NULL),(2352,193,'BEN BEN YAIR',129,'2017-10-30 09:39:40',1,'\0',4,'evyatar',140,0,0,0,0,0,1,NULL),(2353,194,'NIR SAMUELS ',130,'2017-10-30 09:40:23',1,'\0',4,'evyatar',120,0,0,0,0,0,1,NULL),(2354,193,'BEN BEN YAIR',129,'2017-10-30 09:42:43',1,'\0',4,'evyatar',30,0,0,0,0,0,1,NULL),(2355,151,'IDAN MOZ',260,'2017-10-30 10:03:55',1,'\0',9,'ruhama',35,0,0,0,0,0,1,NULL),(2356,1,'system',0,'2017-10-30 10:05:24',3,'\0',9,'ruhama',120,0,0,0,0,0,1,NULL),(2357,1,'system',0,'2017-10-30 10:07:07',3,'\0',9,'ruhama',35,0,0,0,0,0,1,NULL),(2358,1,'system',0,'2017-10-30 10:15:42',3,'\0',9,'ruhama',0,0,0,0,0,0,1,NULL),(2359,158,'liron  twito',262,'2017-10-30 12:47:16',1,'\0',9,'ruhama',140,0,0,0,0,0,1,NULL),(2360,151,'IDAN MOZ',260,'2017-10-30 12:49:58',1,'\0',9,'ruhama',155,0,0,0,0,0,1,NULL),(2361,151,'IDAN MOZ',260,'2017-10-30 12:59:13',1,'\0',9,'ruhama',20,0,0,0,0,0,1,NULL),(2362,191,'OFIR AZANKOT',163,'2017-10-30 13:09:40',1,'\0',9,'ruhama',300,0,0,0,0,0,1,NULL),(2363,1,'system',0,'2017-10-30 13:11:05',3,'\0',4,'evyatar',160,0,0,0,0,0,1,NULL),(2364,182,'tal yehoshua',28,'2017-10-30 13:36:46',1,'\0',4,'evyatar',130,0,0,0,0,0,1,NULL),(2365,9,'haim',95,'2017-10-30 13:50:32',1,'\0',4,'evyatar',150,0,0,0,0,0,1,NULL),(2366,192,'ROTEM YOHANANUF',164,'2017-10-30 13:52:13',1,'\0',4,'evyatar',85,0,0,0,0,0,1,NULL),(2367,181,'tomer skliar',27,'2017-10-30 13:59:34',1,'\0',7,'buba',35,0,0,0,0,0,1,NULL),(2368,179,'ezra yeoshua',26,'2017-10-30 14:18:35',1,'\0',4,'evyatar',85,0,0,0,0,0,1,NULL),(2369,202,'nofar tsur',16,'2017-10-30 15:12:43',1,'\0',6,'marco',40,0,0,0,0,0,1,NULL),(2370,204,'tal tzur',18,'2017-10-30 15:12:55',1,'\0',6,'marco',30,0,0,0,0,0,1,NULL),(2371,198,'alon ',81,'2017-10-30 15:20:49',1,'\0',4,'evyatar',150,0,0,0,0,0,1,NULL),(2372,1,'system',0,'2017-10-30 16:44:20',3,'\0',6,'marco',240,0,0,0,0,0,1,NULL),(2373,207,'ofir mena',117,'2017-10-30 17:37:52',1,'\0',17,'ofir',180,0,0,0,0,0,1,NULL);
/*!40000 ALTER TABLE `menu_order` ENABLE KEYS */;
UNLOCK TABLES;

--
-- Table structure for table `order_items`
--

DROP TABLE IF EXISTS `order_items`;
/*!40101 SET @saved_cs_client     = @@character_set_client */;
/*!40101 SET character_set_client = utf8 */;
CREATE TABLE `order_items` (
  `id` int(11) NOT NULL AUTO_INCREMENT,
  `order_date` datetime NOT NULL,
  `order_id` int(11) NOT NULL,
  `menu_item_id` int(11) NOT NULL,
  `menu_item_name` varchar(45) COLLATE utf8_unicode_ci DEFAULT NULL,
  `menu_category_id` int(11) DEFAULT NULL,
  `menu_category_name` varchar(45) COLLATE utf8_unicode_ci DEFAULT NULL,
  `menu_category_type` int(11) NOT NULL,
  `menu_item_ingredients` varchar(2048) COLLATE utf8_unicode_ci DEFAULT NULL,
  `comment` varchar(245) COLLATE utf8_unicode_ci DEFAULT NULL,
  `split_total` decimal(10,0) DEFAULT NULL,
  `total` decimal(10,0) NOT NULL,
  `user_id` int(11) NOT NULL,
  PRIMARY KEY (`id`),
  KEY `order_id_fk_idx` (`order_id`),
  KEY `order_item_user_fk_idx` (`user_id`),
  KEY `menu_cat_type_indx` (`menu_category_type`),
  KEY `mii_indx` (`menu_item_id`),
  CONSTRAINT `order_id_fk` FOREIGN KEY (`order_id`) REFERENCES `menu_order` (`id`) ON DELETE NO ACTION ON UPDATE NO ACTION,
  CONSTRAINT `order_item_user_fk` FOREIGN KEY (`user_id`) REFERENCES `user` (`id`) ON DELETE NO ACTION ON UPDATE NO ACTION
) ENGINE=InnoDB AUTO_INCREMENT=3827 DEFAULT CHARSET=utf8 COLLATE=utf8_unicode_ci;
/*!40101 SET character_set_client = @saved_cs_client */;

--
-- Dumping data for table `order_items`
--

LOCK TABLES `order_items` WRITE;
/*!40000 ALTER TABLE `order_items` DISABLE KEYS */;
INSERT INTO `order_items` VALUES (1,'2017-10-03 19:09:38',1,11,'sandwich sabih',3,'Sandwiches',1,'pan pita(0),',NULL,0,120,1),(2,'2017-10-04 15:27:41',2,23,'milanesa',6,'Comidas',1,NULL,NULL,0,150,10),(3,'2017-10-04 15:27:41',2,59,'agua',11,'bebidas',1,NULL,NULL,0,20,10),(4,'2017-10-04 15:27:41',2,23,'milanesa',6,'Comidas',1,NULL,NULL,0,150,10),(5,'2017-10-04 15:36:39',3,23,'milanesa',6,'Comidas',1,NULL,NULL,0,150,11),(6,'2017-10-04 15:36:39',3,59,'agua',11,'bebidas',1,NULL,NULL,0,20,11),(7,'2017-10-04 15:36:39',3,59,'agua',11,'bebidas',1,NULL,NULL,0,20,11),(8,'2017-10-04 16:01:48',4,23,'milanesa',6,'Comidas',1,NULL,NULL,0,150,17),(9,'2017-10-04 16:01:48',4,59,'agua',11,'bebidas',1,NULL,NULL,0,20,17),(10,'2017-10-04 16:01:48',4,59,'agua',11,'bebidas',1,NULL,NULL,0,20,17),(11,'2017-10-04 16:01:48',4,59,'agua',11,'bebidas',1,NULL,NULL,0,20,17),(12,'2017-10-04 16:01:48',4,153,'helado',16,'Vetrina',1,NULL,NULL,0,40,17),(13,'2017-10-04 16:01:48',4,139,'filter + rizla',16,'Vetrina',1,NULL,NULL,0,90,17),(14,'2017-10-04 16:01:48',4,59,'agua',11,'bebidas',1,NULL,NULL,0,20,17),(15,'2017-10-04 16:01:48',4,59,'agua',11,'bebidas',1,NULL,NULL,0,20,17),(16,'2017-10-04 16:01:48',4,71,'corona',13,'Cerveza',1,NULL,NULL,0,40,17),(17,'2017-10-04 16:01:48',4,59,'agua',11,'bebidas',1,NULL,NULL,0,20,17),(18,'2017-10-04 16:01:48',4,59,'agua',11,'bebidas',1,NULL,NULL,0,20,17),(19,'2017-10-04 16:01:48',4,23,'milanesa',6,'Comidas',1,NULL,NULL,0,150,17),(20,'2017-10-04 16:01:48',4,121,'pollo ',15,'Extras',1,NULL,NULL,0,80,17),(21,'2017-10-04 16:01:48',4,-1,'Other',0,NULL,1,NULL,'4 chhiser de wiski',0,160,17),(22,'2017-10-04 16:16:02',5,65,'jugo natural en agua',11,'bebidas',1,NULL,NULL,0,50,24),(23,'2017-10-04 16:16:02',5,-1,'Other',0,NULL,1,NULL,'CREPE CON NUTELLA BANANA Y HELADO',0,120,24),(24,'2017-10-04 16:16:02',5,3,'Desayuno de la casa',1,'Desayunos',1,NULL,NULL,0,100,24),(25,'2017-10-04 16:16:02',5,65,'jugo natural en agua',11,'bebidas',1,NULL,NULL,0,50,24),(26,'2017-10-04 16:16:02',5,23,'milanesa',6,'Comidas',1,NULL,NULL,0,150,24),(27,'2017-10-04 16:16:02',5,59,'agua',11,'bebidas',1,NULL,NULL,0,20,24),(28,'2017-10-04 16:16:02',5,-1,'Other',0,NULL,1,NULL,'MALTEADA DE OREO	',0,80,24),(29,'2017-10-04 16:16:02',5,19,'tostada de queso',5,'Tostadas',1,NULL,NULL,0,100,24),(30,'2017-10-04 16:16:02',5,65,'jugo natural en agua',11,'bebidas',1,NULL,NULL,0,50,24),(31,'2017-10-04 16:16:02',5,59,'agua',11,'bebidas',1,NULL,NULL,0,20,24),(32,'2017-10-04 16:16:02',5,-1,'Other',0,NULL,1,NULL,'SHAKSHUKA / PICANTE	',0,120,24),(33,'2017-10-04 16:16:02',5,66,'jogo natural en leche',11,'bebidas',1,NULL,NULL,0,60,24),(34,'2017-10-04 16:23:08',6,4,'desayuno israeli',1,'Desayunos',1,NULL,NULL,0,120,25),(35,'2017-10-04 16:23:08',6,135,'sigaros',16,'Vetrina',1,NULL,NULL,0,65,25),(36,'2017-10-04 16:23:08',6,34,'malawah pizza',7,'Especiales de la casa',1,NULL,NULL,0,120,25),(37,'2017-10-04 16:23:08',6,135,'sigaros',16,'Vetrina',1,NULL,NULL,0,65,25),(38,'2017-10-04 16:23:08',6,-1,'Other',0,NULL,1,NULL,'GASEOSA',0,30,25),(39,'2017-10-04 16:23:08',6,21,'tostada de atun',5,'Tostadas',1,NULL,NULL,0,120,25),(40,'2017-10-04 16:23:08',6,50,'hummos champinones y cebolla',9,'Hummos',1,NULL,NULL,0,150,25),(41,'2017-10-04 16:23:08',6,69,'cafe ',12,'Bebidas caliente',1,NULL,NULL,0,30,25),(42,'2017-10-04 16:23:08',6,50,'hummos champinones y cebolla',9,'Hummos',1,NULL,NULL,0,150,25),(43,'2017-10-04 16:23:08',6,-1,'Other',0,NULL,1,NULL,'GASEOSA',0,30,25),(44,'2017-10-04 16:23:08',6,31,'falfel pita',7,'Especiales de la casa',1,NULL,NULL,0,100,25),(45,'2017-10-04 16:23:08',6,21,'tostada de atun',5,'Tostadas',1,NULL,NULL,0,120,25),(46,'2017-10-04 16:23:08',6,68,'nescafe',12,'Bebidas caliente',1,NULL,NULL,0,30,25),(47,'2017-10-04 16:23:08',6,68,'nescafe',12,'Bebidas caliente',1,NULL,NULL,0,30,25),(48,'2017-10-04 16:23:08',6,68,'nescafe',12,'Bebidas caliente',1,NULL,NULL,0,30,25),(49,'2017-10-04 16:23:08',6,135,'sigaros',16,'Vetrina',1,NULL,NULL,0,65,25),(50,'2017-10-04 16:23:08',6,18,'ensalada de pollo',4,'Ensalada',1,NULL,NULL,0,150,25),(51,'2017-10-04 16:23:08',6,21,'tostada de atun',5,'Tostadas',1,NULL,NULL,0,120,25),(52,'2017-10-04 16:25:19',7,43,'pasta rose',8,'pastas',1,NULL,NULL,0,140,26),(53,'2017-10-04 16:39:01',8,63,'jugos en botalla',11,'bebidas',1,NULL,NULL,0,35,33),(54,'2017-10-04 16:43:16',9,9,'sandwich mozarella',3,'Sandwiches',1,NULL,NULL,0,100,19),(55,'2017-10-04 16:45:48',10,-1,'Other',0,NULL,1,NULL,'chocolate frio',0,25,24),(56,'2017-10-04 16:47:59',11,81,'botella de smirnoff',14,'Vodkas',1,NULL,NULL,600,300,19),(57,'2017-10-04 16:47:59',11,85,'redbull',14,'Vodkas',1,NULL,NULL,50,25,19),(58,'2017-10-04 16:47:59',11,85,'redbull',14,'Vodkas',1,NULL,NULL,50,25,19),(59,'2017-10-04 16:47:59',11,85,'redbull',14,'Vodkas',1,NULL,NULL,50,25,19),(60,'2017-10-04 16:47:59',11,85,'redbull',14,'Vodkas',1,NULL,NULL,50,25,19),(61,'2017-10-04 16:47:59',11,85,'redbull',14,'Vodkas',1,NULL,NULL,50,25,19),(62,'2017-10-04 17:15:42',13,-1,'Other',0,NULL,1,NULL,'chocolate frio',0,100,9),(63,'2017-10-04 17:48:37',14,23,'milanesa',6,'Comidas',1,NULL,NULL,0,150,21),(64,'2017-10-04 17:48:37',14,88,'EXTRA',15,'Extras',1,NULL,NULL,0,0,21),(65,'2017-10-04 17:48:37',14,106,'pan pita',15,'Extras',1,NULL,NULL,0,10,21),(66,'2017-10-04 17:48:37',14,106,'pan pita',15,'Extras',1,NULL,NULL,0,10,21),(67,'2017-10-04 17:56:52',15,135,'sigaros',16,'Vetrina',1,NULL,NULL,0,65,23),(68,'2017-10-04 17:59:23',16,59,'agua',11,'bebidas',1,NULL,NULL,0,20,27),(69,'2017-10-04 17:59:23',16,59,'agua',11,'bebidas',1,NULL,NULL,0,20,27),(70,'2017-10-04 17:59:23',16,165,'corta barba mujer',16,'Vetrina',1,NULL,NULL,0,60,27),(71,'2017-10-04 18:25:37',17,59,'agua',11,'bebidas',1,NULL,NULL,0,20,11),(72,'2017-10-04 18:25:37',17,59,'agua',11,'bebidas',1,NULL,NULL,0,20,11),(73,'2017-10-04 18:25:37',17,151,'pringels',16,'Vetrina',1,NULL,NULL,0,35,11),(74,'2017-10-04 18:27:28',18,176,'kidosh',17,'cena especial',1,NULL,NULL,0,200,11),(75,'2017-10-05 08:42:16',19,6,'shakshuka',1,'Desayunos',1,NULL,NULL,0,120,24),(76,'2017-10-05 08:42:16',19,66,'jogo natural en leche',11,'bebidas',1,NULL,NULL,0,60,24),(77,'2017-10-05 08:42:16',19,59,'agua',11,'bebidas',1,NULL,NULL,0,20,24),(78,'2017-10-05 09:53:02',20,68,'nescafe',12,'Bebidas caliente',1,NULL,NULL,0,30,25),(79,'2017-10-05 10:39:53',21,6,'shakshuka',1,'Desayunos',1,NULL,NULL,0,120,22),(80,'2017-10-05 10:39:53',21,6,'shakshuka',1,'Desayunos',1,NULL,NULL,0,120,22),(81,'2017-10-05 10:44:41',22,6,'shakshuka',1,'Desayunos',1,'hummos(10),',NULL,0,130,11),(82,'2017-10-05 11:03:24',23,59,'agua',11,'bebidas',1,NULL,NULL,0,20,10),(83,'2017-10-05 11:36:16',24,59,'agua',11,'bebidas',1,NULL,NULL,0,20,11),(84,'2017-10-05 13:20:34',25,59,'agua',11,'bebidas',1,NULL,NULL,0,20,17),(85,'2017-10-05 13:26:41',26,59,'agua',11,'bebidas',1,NULL,NULL,0,20,27),(86,'2017-10-05 13:26:53',27,21,'tostada de atun',5,'Tostadas',1,NULL,NULL,0,120,17),(87,'2017-10-05 13:27:18',28,19,'tostada de queso',5,'Tostadas',1,NULL,NULL,0,100,23),(88,'2017-10-05 13:37:16',29,68,'nescafe',12,'Bebidas caliente',1,NULL,NULL,0,30,27),(89,'2017-10-05 13:37:16',29,68,'nescafe',12,'Bebidas caliente',1,NULL,NULL,0,30,27),(90,'2017-10-05 13:50:22',30,-1,'Other',0,NULL,1,NULL,'SALSA PITZA CON QUESO MAIZ Y TOMATE Y FETA',0,120,1),(91,'2017-10-05 14:15:23',31,6,'shakshuka',1,'Desayunos',1,NULL,NULL,0,120,27),(92,'2017-10-05 14:15:23',31,4,'desayuno israeli',1,'Desayunos',1,NULL,NULL,0,120,27),(93,'2017-10-05 14:15:23',31,59,'agua',11,'bebidas',1,NULL,NULL,0,20,27),(94,'2017-10-05 14:15:23',31,71,'corona',13,'Cerveza',1,NULL,NULL,0,40,27),(95,'2017-10-05 14:15:49',32,153,'helado',16,'Vetrina',1,NULL,NULL,0,40,26),(96,'2017-10-05 14:16:06',33,58,'ensalada de frutas',10,'Postres',1,NULL,NULL,0,100,23),(97,'2017-10-05 15:36:06',34,71,'corona',13,'Cerveza',1,NULL,NULL,0,40,27),(98,'2017-10-05 15:36:06',34,59,'agua',11,'bebidas',1,NULL,NULL,0,20,27),(99,'2017-10-05 16:00:49',35,65,'jugo natural en agua',11,'bebidas',1,'fresa(0),banana(0),',NULL,0,50,12),(100,'2017-10-05 16:16:52',36,50,'hummos champinones y cebolla',9,'Hummos',1,NULL,NULL,0,150,14),(101,'2017-10-05 16:16:52',36,66,'jogo natural en leche',11,'bebidas',1,'fresa(0),banana(0),',NULL,0,60,14),(102,'2017-10-05 16:20:58',37,57,'pancake',10,'Postres',1,'nutella(0),helado(0),banana(0),',NULL,0,120,27),(103,'2017-10-05 16:54:40',38,66,'jogo natural en leche',11,'bebidas',1,'fresa(0),banana(0),',NULL,0,60,12),(104,'2017-10-05 16:54:40',38,4,'desayuno israeli',1,'Desayunos',1,NULL,NULL,0,120,12),(105,'2017-10-05 16:57:11',39,46,'pasta alfredo',8,'pastas',1,NULL,NULL,0,140,26),(106,'2017-10-05 17:24:57',40,33,'malawah',7,'Especiales de la casa',1,NULL,NULL,0,120,14),(107,'2017-10-05 21:28:15',41,23,'milanesa',6,'Comidas',1,'arroz(0),',NULL,0,150,1),(108,'2017-10-05 21:34:09',42,59,'agua',11,'bebidas',1,NULL,NULL,0,20,17),(114,'2017-10-07 14:22:27',46,58,'ensalada de frutas',0,NULL,1,'fresa(0),melon(0),banana(0),sandia(0),pine(0),',NULL,0,100,9),(115,'2017-10-08 14:20:19',47,153,'helado',0,NULL,1,NULL,NULL,0,40,27),(116,'2017-10-08 14:57:12',48,72,'Heineken ',13,'Cerveza',1,NULL,NULL,0,50,36),(117,'2017-10-08 14:57:12',48,71,'corona',13,'Cerveza',1,NULL,NULL,0,40,36),(118,'2017-10-08 14:57:12',48,59,'agua',0,NULL,1,NULL,NULL,0,20,36),(119,'2017-10-08 14:57:12',48,59,'agua',0,NULL,1,NULL,NULL,0,20,36),(120,'2017-10-08 14:57:12',48,59,'agua',0,NULL,1,NULL,NULL,0,20,36),(121,'2017-10-08 14:57:12',48,59,'agua',0,NULL,1,NULL,NULL,0,20,36),(122,'2017-10-08 15:00:16',49,59,'agua',0,NULL,1,NULL,NULL,0,20,37),(123,'2017-10-08 15:00:16',49,-1,'Other',0,NULL,1,NULL,'sico',0,40,37),(124,'2017-10-08 15:00:16',49,71,'corona',0,NULL,1,NULL,NULL,0,40,37),(125,'2017-10-08 15:00:16',49,71,'corona',0,NULL,1,NULL,NULL,0,40,37),(126,'2017-10-08 15:00:16',49,71,'corona',0,NULL,1,NULL,NULL,0,40,37),(127,'2017-10-08 15:00:16',49,59,'agua',0,NULL,1,NULL,NULL,0,20,37),(128,'2017-10-08 15:00:16',49,59,'agua',0,NULL,1,NULL,NULL,0,20,37),(129,'2017-10-08 15:00:16',49,59,'agua',0,NULL,1,NULL,NULL,0,20,37),(130,'2017-10-08 15:00:16',49,135,'sigaros',16,'Vetrina',1,NULL,NULL,0,65,37),(131,'2017-10-08 15:06:48',50,19,'tostada de queso',0,NULL,1,NULL,NULL,0,100,43),(132,'2017-10-08 15:06:48',50,19,'tostada de queso',0,NULL,1,NULL,NULL,0,100,43),(133,'2017-10-08 15:06:48',50,68,'nescafe',0,NULL,1,NULL,NULL,0,30,43),(134,'2017-10-08 15:06:48',50,59,'agua',0,NULL,1,NULL,NULL,0,20,43),(135,'2017-10-08 15:06:48',50,10,'sandwich aguacate',0,NULL,1,NULL,NULL,0,120,43),(136,'2017-10-08 15:06:48',50,9,'sandwich mozarella',0,NULL,1,NULL,NULL,0,100,43),(137,'2017-10-08 15:06:48',50,2,'musli',0,NULL,1,NULL,NULL,0,100,43),(138,'2017-10-08 15:06:48',50,2,'musli',0,NULL,1,NULL,NULL,0,100,43),(139,'2017-10-08 15:07:49',51,68,'nescafe',0,NULL,1,NULL,NULL,0,30,44),(140,'2017-10-08 15:10:12',52,153,'helado',0,NULL,1,NULL,NULL,0,40,45),(141,'2017-10-08 15:10:12',52,68,'nescafe',0,NULL,1,NULL,NULL,0,30,45),(142,'2017-10-08 15:10:12',52,68,'nescafe',0,NULL,1,NULL,NULL,0,30,45),(143,'2017-10-08 15:10:12',52,59,'agua',0,NULL,1,NULL,NULL,0,20,45),(144,'2017-10-08 15:10:12',52,5,'desayuno frances',0,NULL,1,NULL,NULL,0,120,45),(145,'2017-10-08 15:10:12',52,176,'kidosh',0,NULL,1,NULL,NULL,0,200,45),(146,'2017-10-08 15:10:12',52,59,'agua',0,NULL,1,NULL,NULL,0,20,45),(147,'2017-10-08 15:10:12',52,59,'agua',0,NULL,1,NULL,NULL,0,20,45),(148,'2017-10-08 15:10:12',52,59,'agua',0,NULL,1,NULL,NULL,0,20,45),(149,'2017-10-08 15:10:12',52,21,'tostada de atun',0,NULL,1,NULL,NULL,0,120,45),(150,'2017-10-08 15:13:32',53,59,'agua',0,NULL,1,NULL,NULL,0,20,46),(151,'2017-10-08 15:13:32',53,153,'helado',0,NULL,1,NULL,NULL,0,40,46),(152,'2017-10-08 15:13:32',53,20,'tostada bulgara',0,NULL,1,NULL,NULL,0,120,46),(153,'2017-10-08 15:13:32',53,59,'agua',0,NULL,1,NULL,NULL,0,20,46),(154,'2017-10-08 15:13:32',53,59,'agua',0,NULL,1,NULL,NULL,0,20,46),(155,'2017-10-08 15:13:32',53,68,'nescafe',0,NULL,1,NULL,NULL,0,30,46),(156,'2017-10-08 15:13:32',53,68,'nescafe',0,NULL,1,NULL,NULL,0,30,46),(157,'2017-10-08 15:13:32',53,62,'gaseosa',0,NULL,1,NULL,NULL,0,30,46),(158,'2017-10-08 15:13:32',53,68,'nescafe',0,NULL,1,NULL,NULL,0,30,46),(159,'2017-10-08 15:13:32',53,18,'ensalada de pollo',0,NULL,1,NULL,NULL,0,150,46),(160,'2017-10-08 15:13:32',53,176,'kidosh',0,NULL,1,NULL,NULL,0,200,46),(161,'2017-10-08 15:13:32',53,-1,'Other',0,NULL,1,NULL,'pollo baget',0,75,46),(162,'2017-10-08 15:15:16',54,59,'agua',0,NULL,1,NULL,NULL,0,20,47),(163,'2017-10-08 15:15:16',54,59,'agua',0,NULL,1,NULL,NULL,0,20,47),(164,'2017-10-08 15:15:16',54,68,'nescafe',0,NULL,1,NULL,NULL,0,30,47),(165,'2017-10-08 15:15:16',54,6,'shakshuka',0,NULL,1,NULL,NULL,0,120,47),(166,'2017-10-08 15:15:16',54,68,'nescafe',0,NULL,1,NULL,NULL,0,30,47),(167,'2017-10-08 15:15:16',54,59,'agua',0,NULL,1,NULL,NULL,0,20,47),(168,'2017-10-08 15:15:16',54,176,'kidosh',0,NULL,1,NULL,NULL,0,200,47),(169,'2017-10-08 15:15:16',54,59,'agua',0,NULL,1,NULL,NULL,0,20,47),(170,'2017-10-08 15:15:16',54,68,'nescafe',0,NULL,1,NULL,NULL,0,30,47),(171,'2017-10-08 15:16:31',55,19,'tostada de queso',0,NULL,1,NULL,NULL,0,100,48),(172,'2017-10-08 15:18:14',56,53,'malteada de oreo',0,NULL,1,NULL,NULL,0,80,49),(173,'2017-10-08 15:18:14',56,33,'malawah',0,NULL,1,NULL,NULL,0,120,49),(174,'2017-10-08 15:18:14',56,-1,'Other',0,NULL,1,NULL,'ADICIONALES TOSTADAS	',0,10,49),(175,'2017-10-08 15:19:24',57,137,'rizla',0,NULL,1,NULL,NULL,0,70,50),(176,'2017-10-08 15:21:43',58,20,'tostada bulgara',0,NULL,1,NULL,NULL,0,120,10),(177,'2017-10-08 15:21:43',58,20,'tostada bulgara',0,NULL,1,NULL,NULL,0,120,10),(178,'2017-10-08 15:21:43',58,64,'te helado',0,NULL,1,NULL,NULL,0,35,10),(179,'2017-10-08 15:21:43',58,176,'kidosh',0,NULL,1,NULL,NULL,0,200,10),(180,'2017-10-08 15:21:43',58,177,'jahnon',0,NULL,1,NULL,NULL,0,140,10),(181,'2017-10-08 15:21:43',58,63,'jugos en botalla',0,NULL,1,NULL,NULL,0,35,10),(182,'2017-10-08 15:21:43',58,59,'agua',0,NULL,1,NULL,NULL,0,20,10),(183,'2017-10-08 15:21:43',58,22,'pechuga de pollo  asado',0,NULL,1,NULL,NULL,0,150,10),(184,'2017-10-08 15:26:07',59,-1,'Other',0,NULL,1,NULL,'hummos chico	',0,30,11),(185,'2017-10-08 15:26:07',59,59,'agua',0,NULL,1,NULL,NULL,0,20,11),(186,'2017-10-08 15:26:07',59,23,'milanesa',0,NULL,1,NULL,NULL,0,150,11),(187,'2017-10-08 15:26:07',59,-1,'Other',0,NULL,1,NULL,'CUCHARITA',0,50,11),(188,'2017-10-08 15:26:07',59,55,'tostada de nutella',0,NULL,1,NULL,NULL,0,100,11),(189,'2017-10-08 15:26:07',59,4,'desayuno israeli',0,NULL,1,NULL,NULL,0,120,11),(190,'2017-10-08 15:26:07',59,135,'sigaros',0,NULL,1,NULL,NULL,0,65,11),(191,'2017-10-08 15:26:07',59,135,'sigaros',0,NULL,1,NULL,NULL,0,65,11),(192,'2017-10-08 15:26:07',59,177,'jahnon',0,NULL,1,NULL,NULL,0,140,11),(193,'2017-10-08 15:26:07',59,23,'milanesa',0,NULL,1,NULL,NULL,0,150,11),(194,'2017-10-08 15:26:07',59,63,'jugos en botalla',0,NULL,1,NULL,NULL,0,35,11),(195,'2017-10-08 15:26:07',59,42,'pasta napolitana',0,NULL,1,NULL,NULL,0,120,11),(196,'2017-10-08 15:26:07',59,59,'agua',0,NULL,1,NULL,NULL,0,20,11),(197,'2017-10-08 15:27:25',60,-1,'Other',0,NULL,1,NULL,'cena espiceal	',0,200,11),(198,'2017-10-08 15:28:35',61,50,'hummos champinones y cebolla',0,NULL,1,NULL,NULL,0,150,15),(199,'2017-10-08 15:28:35',61,63,'jugos en botalla',0,NULL,1,NULL,NULL,0,35,15),(200,'2017-10-08 15:28:35',61,63,'jugos en botalla',0,NULL,1,NULL,NULL,0,35,15),(201,'2017-10-08 15:28:35',61,146,'bisli',0,NULL,1,NULL,NULL,0,35,15),(202,'2017-10-08 15:33:56',62,68,'nescafe',0,NULL,1,NULL,NULL,0,30,21),(203,'2017-10-08 15:33:56',62,6,'shakshuka',0,NULL,1,NULL,NULL,0,120,21),(204,'2017-10-08 15:34:43',63,23,'milanesa',0,NULL,1,NULL,NULL,0,150,51),(205,'2017-10-08 15:34:43',63,62,'gaseosa',0,NULL,1,NULL,NULL,0,30,51),(206,'2017-10-08 15:34:43',63,71,'corona',0,NULL,1,NULL,NULL,0,40,51),(207,'2017-10-08 15:34:43',63,59,'agua',0,NULL,1,NULL,NULL,0,20,51),(208,'2017-10-08 15:34:43',63,59,'agua',0,NULL,1,NULL,NULL,0,20,51),(209,'2017-10-08 15:34:43',63,146,'bisli',0,NULL,1,NULL,NULL,0,35,51),(210,'2017-10-08 15:34:43',63,147,'bamba chica',0,NULL,1,NULL,NULL,0,35,51),(211,'2017-10-08 15:34:43',63,71,'corona',0,NULL,1,NULL,NULL,0,40,51),(212,'2017-10-08 15:34:43',63,153,'helado',0,NULL,1,NULL,NULL,0,40,51),(213,'2017-10-08 15:34:43',63,153,'helado',0,NULL,1,NULL,NULL,0,40,51),(214,'2017-10-08 15:37:50',64,59,'agua',0,NULL,1,NULL,NULL,0,20,52),(215,'2017-10-08 15:37:50',64,8,'sandwich omelet',0,NULL,1,NULL,NULL,0,100,52),(216,'2017-10-08 15:37:50',64,176,'kidosh',0,NULL,1,NULL,NULL,0,200,52),(217,'2017-10-08 15:37:50',64,74,'vaso de smirnoff con redbull',0,NULL,1,NULL,NULL,0,120,52),(218,'2017-10-08 15:37:50',64,8,'sandwich omelet',0,NULL,1,NULL,NULL,0,100,52),(219,'2017-10-08 15:37:50',64,74,'vaso de smirnoff con redbull',0,NULL,1,NULL,NULL,0,120,52),(220,'2017-10-08 15:37:50',64,74,'vaso de smirnoff con redbull',0,NULL,1,NULL,NULL,0,120,52),(221,'2017-10-08 15:37:50',64,74,'vaso de smirnoff con redbull',0,NULL,1,NULL,NULL,0,120,52),(222,'2017-10-08 15:37:50',64,59,'agua',0,NULL,1,NULL,NULL,0,20,52),(223,'2017-10-08 15:37:50',64,59,'agua',0,NULL,1,NULL,NULL,0,20,52),(224,'2017-10-08 15:37:50',64,6,'shakshuka',0,NULL,1,NULL,NULL,0,120,52),(225,'2017-10-08 15:37:50',64,21,'tostada de atun',0,NULL,1,NULL,NULL,0,120,52),(226,'2017-10-08 15:37:50',64,19,'tostada de queso',0,NULL,1,NULL,NULL,0,100,52),(227,'2017-10-08 15:37:50',64,8,'sandwich omelet',0,NULL,1,NULL,NULL,0,100,52),(228,'2017-10-08 15:37:50',64,59,'agua',0,NULL,1,NULL,NULL,0,20,52),(229,'2017-10-08 15:39:09',65,74,'vaso de smirnoff con redbull',0,NULL,1,NULL,NULL,0,120,53),(230,'2017-10-08 15:39:09',65,74,'vaso de smirnoff con redbull',0,NULL,1,NULL,NULL,0,120,53),(231,'2017-10-08 15:39:09',65,74,'vaso de smirnoff con redbull',0,NULL,1,NULL,NULL,0,120,53),(232,'2017-10-08 15:39:09',65,33,'malawah',0,NULL,1,NULL,NULL,0,120,53),(233,'2017-10-08 15:39:13',66,21,'tostada de atun',5,'Tostadas',1,NULL,NULL,0,120,22),(234,'2017-10-08 15:39:13',66,18,'ensalada de pollo',0,NULL,1,NULL,NULL,0,150,22),(235,'2017-10-08 15:39:13',66,68,'nescafe',0,NULL,1,NULL,NULL,0,30,22),(236,'2017-10-08 15:39:13',66,59,'agua',0,NULL,1,NULL,NULL,0,20,22),(237,'2017-10-08 15:39:13',66,33,'malawah',0,NULL,1,NULL,NULL,0,120,22),(238,'2017-10-08 15:39:13',66,16,'ensalada jerusalem',0,NULL,1,NULL,NULL,0,100,22),(239,'2017-10-08 15:39:13',66,88,'EXTRA',0,NULL,1,NULL,NULL,0,0,22),(240,'2017-10-08 15:39:13',66,97,'huevo doro',0,NULL,1,NULL,NULL,0,15,22),(241,'2017-10-08 15:39:13',66,97,'huevo doro',0,NULL,1,NULL,NULL,0,15,22),(242,'2017-10-08 15:39:13',66,33,'malawah',0,NULL,1,NULL,NULL,0,120,22),(243,'2017-10-08 15:40:27',67,74,'vaso de smirnoff con redbull',0,NULL,1,NULL,NULL,0,120,54),(244,'2017-10-08 15:40:27',67,74,'vaso de smirnoff con redbull',0,NULL,1,NULL,NULL,0,120,54),(245,'2017-10-08 15:40:27',67,74,'vaso de smirnoff con redbull',0,NULL,1,NULL,NULL,0,120,54),(246,'2017-10-08 15:40:27',67,59,'agua',0,NULL,1,NULL,NULL,0,20,54),(247,'2017-10-08 15:40:27',67,59,'agua',0,NULL,1,NULL,NULL,0,20,54),(248,'2017-10-08 15:40:27',67,59,'agua',0,NULL,1,NULL,NULL,0,20,54),(249,'2017-10-08 15:44:16',68,71,'corona',0,NULL,1,NULL,NULL,0,40,55),(250,'2017-10-08 15:44:16',68,139,'filter + rizla',0,NULL,1,NULL,NULL,0,90,55),(251,'2017-10-08 15:44:16',68,-1,'Other',0,NULL,1,NULL,'PASTA DE COLGATE	',0,50,55),(252,'2017-10-08 15:44:16',68,64,'te helado',0,NULL,1,NULL,NULL,0,35,55),(253,'2017-10-08 15:44:16',68,176,'kidosh',0,NULL,1,NULL,NULL,0,200,55),(254,'2017-10-08 15:44:16',68,74,'vaso de smirnoff con redbull',0,NULL,1,NULL,NULL,0,120,55),(255,'2017-10-08 15:44:16',68,177,'jahnon',0,NULL,1,NULL,NULL,0,140,55),(256,'2017-10-08 15:44:16',68,-1,'Other',0,NULL,1,NULL,'shinyim',0,40,55),(257,'2017-10-08 15:44:16',68,-1,'Other',0,NULL,1,NULL,'capit',0,80,55),(258,'2017-10-08 15:44:16',68,6,'shakshuka',0,NULL,1,NULL,NULL,0,120,55),(259,'2017-10-08 15:44:16',68,64,'te helado',0,NULL,1,NULL,NULL,0,35,55),(260,'2017-10-08 15:44:16',68,18,'ensalada de pollo',0,NULL,1,NULL,NULL,0,150,55),(261,'2017-10-08 15:44:16',68,74,'vaso de smirnoff con redbull',0,NULL,1,NULL,NULL,0,120,55),(262,'2017-10-08 15:46:59',69,166,'shampo',0,NULL,1,NULL,NULL,0,80,57),(263,'2017-10-08 15:46:59',69,71,'corona',0,NULL,1,NULL,NULL,0,40,57),(264,'2017-10-08 15:46:59',69,59,'agua',0,NULL,1,NULL,NULL,0,20,57),(265,'2017-10-08 15:46:59',69,71,'corona',0,NULL,1,NULL,NULL,0,40,57),(266,'2017-10-08 15:46:59',69,71,'corona',0,NULL,1,NULL,NULL,0,40,57),(267,'2017-10-08 15:46:59',69,71,'corona',0,NULL,1,NULL,NULL,0,40,57),(268,'2017-10-08 15:46:59',69,71,'corona',0,NULL,1,NULL,NULL,0,40,57),(269,'2017-10-08 15:46:59',69,59,'agua',0,NULL,1,NULL,NULL,0,20,57),(270,'2017-10-08 15:46:59',69,135,'sigaros',0,NULL,1,NULL,NULL,0,65,57),(271,'2017-10-08 15:46:59',69,71,'corona',0,NULL,1,NULL,NULL,0,40,57),(272,'2017-10-08 15:46:59',69,71,'corona',0,NULL,1,NULL,NULL,0,40,57),(273,'2017-10-08 15:46:59',69,176,'kidosh',0,NULL,1,NULL,NULL,0,200,57),(274,'2017-10-08 15:46:59',69,74,'vaso de smirnoff con redbull',0,NULL,1,NULL,NULL,0,120,57),(275,'2017-10-08 15:46:59',69,143,'fuego',0,NULL,1,NULL,NULL,0,20,57),(276,'2017-10-08 15:46:59',69,59,'agua',0,NULL,1,NULL,NULL,0,20,57),(277,'2017-10-08 15:46:59',69,71,'corona',0,NULL,1,NULL,NULL,0,40,57),(278,'2017-10-08 15:46:59',69,177,'jahnon',0,NULL,1,NULL,NULL,0,140,57),(279,'2017-10-08 15:46:59',69,71,'corona',0,NULL,1,NULL,NULL,0,40,57),(280,'2017-10-08 15:46:59',69,135,'sigaros',0,NULL,1,NULL,NULL,0,65,57),(281,'2017-10-08 15:46:59',69,64,'te helado',0,NULL,1,NULL,NULL,0,35,57),(282,'2017-10-08 15:46:59',69,20,'tostada bulgara',0,NULL,1,NULL,NULL,0,120,57),(283,'2017-10-08 15:46:59',69,86,'gaseosa',0,NULL,1,NULL,NULL,0,30,57),(284,'2017-10-08 15:46:59',69,21,'tostada de atun',0,NULL,1,NULL,NULL,0,120,57),(285,'2017-10-08 15:47:54',70,59,'agua',0,NULL,1,NULL,NULL,0,20,59),(286,'2017-10-08 15:47:54',70,22,'pechuga de pollo  asado',0,NULL,1,NULL,NULL,0,150,59),(287,'2017-10-08 15:47:54',70,23,'milanesa',0,NULL,1,NULL,NULL,0,150,59),(288,'2017-10-08 15:47:54',70,32,'Plato falfel',0,NULL,1,NULL,NULL,0,120,59),(290,'2017-10-08 15:55:42',71,85,'redbull',0,NULL,1,NULL,NULL,0,50,56),(291,'2017-10-08 15:55:42',71,74,'vaso de smirnoff con redbull',0,NULL,1,NULL,NULL,0,120,56),(292,'2017-10-08 15:55:42',71,72,'Heineken ',0,NULL,1,NULL,NULL,0,50,56),(294,'2017-10-08 15:55:42',71,72,'Heineken ',0,NULL,1,NULL,NULL,0,50,56),(295,'2017-10-08 15:55:42',71,135,'sigaros',0,NULL,1,NULL,NULL,0,65,56),(296,'2017-10-08 15:55:42',71,59,'agua',0,NULL,1,NULL,NULL,0,20,56),(297,'2017-10-08 15:55:42',71,59,'agua',0,NULL,1,NULL,NULL,0,20,56),(298,'2017-10-08 15:55:42',71,59,'agua',0,NULL,1,NULL,NULL,0,20,56),(299,'2017-10-08 15:55:42',71,68,'nescafe',0,NULL,1,NULL,NULL,0,30,56),(300,'2017-10-08 15:55:42',71,162,'cepillo de dientes',0,NULL,1,NULL,NULL,0,40,56),(301,'2017-10-08 15:55:42',71,59,'agua',0,NULL,1,NULL,NULL,0,20,56),(302,'2017-10-08 15:55:42',71,176,'kidosh',0,NULL,1,NULL,NULL,0,200,56),(304,'2017-10-08 15:55:42',71,74,'vaso de smirnoff con redbull',0,NULL,1,NULL,NULL,0,120,56),(306,'2017-10-08 15:55:42',71,68,'nescafe',0,NULL,1,NULL,NULL,0,30,56),(307,'2017-10-08 15:55:42',71,135,'sigaros',0,NULL,1,NULL,NULL,0,65,56),(308,'2017-10-08 15:55:42',71,135,'sigaros',0,NULL,1,NULL,NULL,0,65,56),(309,'2017-10-08 15:55:42',71,59,'agua',0,NULL,1,NULL,NULL,0,20,56),(310,'2017-10-08 15:55:42',71,74,'vaso de smirnoff con redbull',0,NULL,1,NULL,NULL,0,120,56),(311,'2017-10-08 15:55:42',71,21,'tostada de atun',0,NULL,1,NULL,NULL,0,120,56),(312,'2017-10-08 15:55:42',71,-1,'Other',0,NULL,1,NULL,'extra huevo	',0,15,56),(313,'2017-10-08 15:55:42',71,132,'papas fritas',0,NULL,1,NULL,NULL,0,30,56),(314,'2017-10-08 15:55:42',71,59,'agua',0,NULL,1,NULL,NULL,0,20,56),(315,'2017-10-08 15:55:42',71,177,'jahnon',0,NULL,1,NULL,NULL,0,140,56),(316,'2017-10-08 15:55:42',71,135,'sigaros',0,NULL,1,NULL,NULL,0,65,56),(317,'2017-10-08 15:55:42',71,59,'agua',0,NULL,1,NULL,NULL,0,20,56),(318,'2017-10-08 15:55:42',71,59,'agua',0,NULL,1,NULL,NULL,0,20,56),(319,'2017-10-08 15:55:42',71,59,'agua',0,NULL,1,NULL,NULL,0,20,56),(320,'2017-10-08 15:55:42',71,59,'agua',0,NULL,1,NULL,NULL,0,20,56),(321,'2017-10-08 15:55:42',71,59,'agua',0,NULL,1,NULL,NULL,0,20,56),(322,'2017-10-08 15:55:42',71,59,'agua',0,NULL,1,NULL,NULL,0,20,56),(323,'2017-10-08 15:55:42',71,85,'redbull',0,NULL,1,NULL,NULL,0,50,56),(324,'2017-10-08 16:02:05',72,59,'agua',0,NULL,1,NULL,NULL,0,20,60),(325,'2017-10-08 16:02:05',72,59,'agua',0,NULL,1,NULL,NULL,0,20,60),(326,'2017-10-08 16:03:22',73,68,'nescafe',0,NULL,1,NULL,NULL,0,30,26),(327,'2017-10-08 16:03:22',73,23,'milanesa',0,NULL,1,NULL,NULL,0,150,26),(328,'2017-10-08 16:03:22',73,62,'gaseosa',0,NULL,1,NULL,NULL,0,30,26),(329,'2017-10-08 16:03:22',73,176,'kidosh',0,NULL,1,NULL,NULL,0,200,26),(330,'2017-10-08 16:03:22',73,176,'kidosh',0,NULL,1,NULL,NULL,0,200,26),(331,'2017-10-08 16:03:22',73,68,'nescafe',0,NULL,1,NULL,NULL,0,30,26),(332,'2017-10-08 16:03:22',73,-1,'Other',0,NULL,1,NULL,'magvonim',0,70,26),(333,'2017-10-08 16:03:22',73,31,'falfel pita',0,NULL,1,NULL,NULL,0,100,26),(334,'2017-10-08 16:05:40',74,161,'toalla',0,NULL,1,NULL,NULL,0,200,62),(335,'2017-10-08 16:08:09',75,72,'Heineken ',0,NULL,1,NULL,NULL,0,50,27),(336,'2017-10-08 16:08:09',75,68,'nescafe',0,NULL,1,NULL,NULL,0,30,27),(337,'2017-10-08 16:08:09',75,68,'nescafe',0,NULL,1,NULL,NULL,0,30,27),(338,'2017-10-08 16:08:09',75,11,'sandwich sabih',0,NULL,1,NULL,NULL,0,120,27),(339,'2017-10-08 16:08:09',75,132,'papas fritas',0,NULL,1,NULL,NULL,0,30,27),(340,'2017-10-08 16:08:09',75,59,'agua',0,NULL,1,NULL,NULL,0,20,27),(341,'2017-10-08 16:08:09',75,59,'agua',0,NULL,1,NULL,NULL,0,20,27),(342,'2017-10-08 16:16:25',76,71,'corona',0,NULL,1,NULL,NULL,0,40,28),(343,'2017-10-08 16:16:25',76,71,'corona',0,NULL,1,NULL,NULL,0,40,28),(344,'2017-10-08 16:16:25',76,59,'agua',0,NULL,1,NULL,NULL,0,20,28),(345,'2017-10-08 16:16:25',76,59,'agua',0,NULL,1,NULL,NULL,0,20,28),(346,'2017-10-08 16:16:25',76,59,'agua',0,NULL,1,NULL,NULL,0,20,28),(347,'2017-10-08 16:16:25',76,59,'agua',0,NULL,1,NULL,NULL,0,20,28),(348,'2017-10-08 16:16:25',76,72,'Heineken ',0,NULL,1,NULL,NULL,0,50,28),(349,'2017-10-08 16:16:25',76,33,'malawah',0,NULL,1,NULL,NULL,0,120,28),(350,'2017-10-08 16:16:25',76,33,'malawah',0,NULL,1,NULL,NULL,0,120,28),(351,'2017-10-08 16:16:25',76,59,'agua',0,NULL,1,NULL,NULL,0,20,28),(352,'2017-10-08 16:16:25',76,59,'agua',0,NULL,1,NULL,NULL,0,20,28),(353,'2017-10-08 16:16:25',76,155,'kinder bueno',0,NULL,1,NULL,NULL,0,35,28),(354,'2017-10-08 16:16:25',76,14,'ensalada griega',0,NULL,1,NULL,NULL,0,100,28),(355,'2017-10-08 16:16:25',76,23,'milanesa',0,NULL,1,NULL,NULL,0,150,28),(356,'2017-10-08 16:16:25',76,59,'agua',0,NULL,1,NULL,NULL,0,20,28),(357,'2017-10-08 16:16:25',76,59,'agua',0,NULL,1,NULL,NULL,0,20,28),(358,'2017-10-08 16:16:25',76,-1,'Other',0,NULL,1,NULL,'extra kosher	',0,50,28),(359,'2017-10-08 16:16:25',76,59,'agua',0,NULL,1,NULL,NULL,0,20,28),(360,'2017-10-08 16:16:25',76,59,'agua',0,NULL,1,NULL,NULL,0,20,28),(361,'2017-10-08 16:16:25',76,68,'nescafe',0,NULL,1,NULL,NULL,0,30,28),(362,'2017-10-08 16:16:25',76,59,'agua',0,NULL,1,NULL,NULL,0,20,28),(363,'2017-10-08 16:16:25',76,71,'corona',0,NULL,1,NULL,NULL,0,40,28),(364,'2017-10-08 16:16:25',76,72,'Heineken ',0,NULL,1,NULL,NULL,0,50,28),(365,'2017-10-08 16:16:25',76,72,'Heineken ',0,NULL,1,NULL,NULL,0,50,28),(366,'2017-10-08 16:16:25',76,135,'sigaros',0,NULL,1,NULL,NULL,0,65,28),(367,'2017-10-08 16:16:25',76,72,'Heineken ',0,NULL,1,NULL,NULL,0,50,28),(368,'2017-10-08 16:16:25',76,71,'corona',0,NULL,1,NULL,NULL,0,40,28),(369,'2017-10-08 16:16:25',76,71,'corona',0,NULL,1,NULL,NULL,0,40,28),(370,'2017-10-08 16:16:25',76,59,'agua',0,NULL,1,NULL,NULL,0,20,28),(371,'2017-10-08 16:16:25',76,59,'agua',0,NULL,1,NULL,NULL,0,20,28),(372,'2017-10-08 16:16:25',76,59,'agua',0,NULL,1,NULL,NULL,0,20,28),(373,'2017-10-08 16:16:25',76,146,'bisli',0,NULL,1,NULL,NULL,0,35,28),(374,'2017-10-08 16:16:25',76,147,'bamba chica',0,NULL,1,NULL,NULL,0,35,28),(375,'2017-10-08 16:16:25',76,19,'tostada de queso',0,NULL,1,NULL,NULL,0,100,28),(376,'2017-10-08 16:16:25',76,-1,'Other',0,NULL,1,NULL,'EXTRA TOMATE	',0,10,28),(377,'2017-10-08 16:16:25',76,6,'shakshuka',0,NULL,1,NULL,NULL,0,120,28),(378,'2017-10-08 16:16:25',76,59,'agua',0,NULL,1,NULL,NULL,0,20,28),(379,'2017-10-08 16:16:25',76,59,'agua',0,NULL,1,NULL,NULL,0,20,28),(380,'2017-10-08 16:16:25',76,71,'corona',0,NULL,1,NULL,NULL,0,40,28),(381,'2017-10-08 16:16:25',76,71,'corona',0,NULL,1,NULL,NULL,0,40,28),(382,'2017-10-08 16:16:25',76,135,'sigaros',0,NULL,1,NULL,NULL,0,65,28),(383,'2017-10-08 16:16:25',76,-1,'Other',0,NULL,1,NULL,'guamule',0,100,28),(384,'2017-10-08 16:16:25',76,71,'corona',0,NULL,1,NULL,NULL,0,40,28),(385,'2017-10-08 16:16:25',76,71,'corona',0,NULL,1,NULL,NULL,0,40,28),(386,'2017-10-08 16:16:25',76,59,'agua',0,NULL,1,NULL,NULL,0,20,28),(387,'2017-10-08 16:16:25',76,59,'agua',0,NULL,1,NULL,NULL,0,20,28),(388,'2017-10-08 16:16:25',76,153,'helado',0,NULL,1,NULL,NULL,0,40,28),(389,'2017-10-08 16:16:25',76,71,'corona',0,NULL,1,NULL,NULL,0,40,28),(390,'2017-10-08 16:16:25',76,71,'corona',0,NULL,1,NULL,NULL,0,40,28),(391,'2017-10-08 16:16:25',76,71,'corona',0,NULL,1,NULL,NULL,0,40,28),(392,'2017-10-08 16:16:25',76,59,'agua',0,NULL,1,NULL,NULL,0,20,28),(393,'2017-10-08 16:16:25',76,59,'agua',0,NULL,1,NULL,NULL,0,20,28),(394,'2017-10-08 16:16:25',76,59,'agua',0,NULL,1,NULL,NULL,0,20,28),(395,'2017-10-08 16:16:25',76,59,'agua',0,NULL,1,NULL,NULL,0,20,28),(396,'2017-10-08 16:16:25',76,59,'agua',0,NULL,1,NULL,NULL,0,20,28),(397,'2017-10-08 16:16:25',76,59,'agua',0,NULL,1,NULL,NULL,0,20,28),(398,'2017-10-08 16:16:25',76,33,'malawah',0,NULL,1,NULL,NULL,0,120,28),(399,'2017-10-08 16:16:25',76,71,'corona',0,NULL,1,NULL,NULL,0,40,28),(400,'2017-10-08 16:16:25',76,148,'bamba grnde',0,NULL,1,NULL,NULL,0,100,28),(401,'2017-10-08 16:16:25',76,148,'bamba grnde',0,NULL,1,NULL,NULL,0,100,28),(402,'2017-10-08 16:17:50',77,33,'malawah',0,NULL,1,NULL,NULL,0,120,64),(403,'2017-10-08 16:17:50',77,31,'falfel pita',0,NULL,1,NULL,NULL,0,100,64),(404,'2017-10-08 16:17:50',77,62,'gaseosa',0,NULL,1,NULL,NULL,0,30,64),(405,'2017-10-08 16:17:50',77,62,'gaseosa',0,NULL,1,NULL,NULL,0,30,64),(406,'2017-10-08 16:19:56',78,166,'shampo',0,NULL,1,NULL,NULL,0,80,65),(407,'2017-10-08 16:19:56',78,64,'te helado',0,NULL,1,NULL,NULL,0,35,65),(408,'2017-10-08 16:19:56',78,-1,'Other',0,NULL,1,NULL,'PASTA DE COLGATE	',0,50,65),(409,'2017-10-08 16:19:56',78,68,'nescafe',0,NULL,1,NULL,NULL,0,30,65),(410,'2017-10-08 16:19:56',78,59,'agua',0,NULL,1,NULL,NULL,0,20,65),(411,'2017-10-08 16:19:56',78,143,'fuego',0,NULL,1,NULL,NULL,0,20,65),(412,'2017-10-08 16:19:56',78,6,'shakshuka',0,NULL,1,NULL,NULL,0,120,65),(413,'2017-10-08 16:19:56',78,140,'grinder',0,NULL,1,NULL,NULL,0,100,65),(414,'2017-10-08 16:19:56',78,135,'sigaros',0,NULL,1,NULL,NULL,0,65,65),(415,'2017-10-08 16:19:56',78,135,'sigaros',0,NULL,1,NULL,NULL,0,65,65),(416,'2017-10-08 16:19:56',78,64,'te helado',0,NULL,1,NULL,NULL,0,35,65),(417,'2017-10-08 16:19:56',78,71,'corona',0,NULL,1,NULL,NULL,0,40,65),(418,'2017-10-08 16:19:56',78,71,'corona',0,NULL,1,NULL,NULL,0,40,65),(419,'2017-10-08 16:20:57',79,59,'agua',11,'bebidas',1,NULL,NULL,0,20,59),(420,'2017-10-08 16:21:33',80,71,'corona',0,NULL,1,NULL,NULL,0,40,32),(421,'2017-10-08 16:21:33',80,59,'agua',0,NULL,1,NULL,NULL,0,20,32),(422,'2017-10-08 16:21:33',80,23,'milanesa',0,NULL,1,NULL,NULL,0,150,32),(423,'2017-10-08 16:21:33',80,-1,'Other',0,NULL,1,NULL,'extra papas	',0,30,32),(424,'2017-10-08 16:21:33',80,63,'jugos en botalla',0,NULL,1,NULL,NULL,0,35,32),(425,'2017-10-08 16:21:33',80,23,'milanesa',0,NULL,1,NULL,NULL,0,150,32),(426,'2017-10-08 16:21:33',80,23,'milanesa',0,NULL,1,NULL,NULL,0,150,32),(427,'2017-10-08 16:21:33',80,-1,'Other',0,NULL,1,NULL,'CREPE CON NUTELLA BANANA Y HELADO	',0,120,32),(428,'2017-10-08 16:21:33',80,59,'agua',0,NULL,1,NULL,NULL,0,20,32),(429,'2017-10-08 16:22:42',81,23,'milanesa',0,NULL,1,NULL,NULL,0,150,33),(430,'2017-10-08 16:22:42',81,-1,'Other',0,NULL,1,NULL,'extra papas	',0,30,33),(431,'2017-10-08 16:22:42',81,62,'gaseosa',0,NULL,1,NULL,NULL,0,30,33),(432,'2017-10-08 16:22:42',81,63,'jugos en botalla',0,NULL,1,NULL,NULL,0,35,33),(433,'2017-10-08 16:22:42',81,63,'jugos en botalla',0,NULL,1,NULL,NULL,0,35,33),(434,'2017-10-08 16:22:42',81,62,'gaseosa',0,NULL,1,NULL,NULL,0,30,33),(435,'2017-10-08 16:22:42',81,-1,'Other',0,NULL,1,NULL,'hoevo con arroz	',0,100,33),(436,'2017-10-08 16:22:42',81,63,'jugos en botalla',0,NULL,1,NULL,NULL,0,35,33),(437,'2017-10-08 16:22:42',81,21,'tostada de atun',0,NULL,1,NULL,NULL,0,120,33),(438,'2017-10-08 16:26:43',82,59,'agua',0,NULL,1,NULL,NULL,0,20,67),(439,'2017-10-08 16:26:43',82,59,'agua',0,NULL,1,NULL,NULL,0,20,67),(440,'2017-10-08 16:26:43',82,59,'agua',0,NULL,1,NULL,NULL,0,20,67),(441,'2017-10-08 16:26:43',82,59,'agua',0,NULL,1,NULL,NULL,0,20,67),(442,'2017-10-08 16:26:43',82,59,'agua',0,NULL,1,NULL,NULL,0,20,67),(443,'2017-10-08 16:26:43',82,59,'agua',0,NULL,1,NULL,NULL,0,20,67),(444,'2017-10-08 16:26:43',82,59,'agua',0,NULL,1,NULL,NULL,0,20,67),(445,'2017-10-08 16:26:43',82,59,'agua',0,NULL,1,NULL,NULL,0,20,67),(446,'2017-10-08 16:26:43',82,59,'agua',0,NULL,1,NULL,NULL,0,20,67),(447,'2017-10-08 16:26:43',82,71,'corona',0,NULL,1,NULL,NULL,0,40,67),(448,'2017-10-08 16:26:43',82,71,'corona',0,NULL,1,NULL,NULL,0,40,67),(449,'2017-10-08 16:26:43',82,64,'te helado',0,NULL,1,NULL,NULL,0,35,67),(450,'2017-10-08 16:26:43',82,22,'pechuga de pollo  asado',0,NULL,1,NULL,NULL,0,150,67),(451,'2017-10-08 16:26:43',82,22,'pechuga de pollo  asado',0,NULL,1,NULL,NULL,0,150,67),(452,'2017-10-08 16:38:51',83,23,'milanesa',6,'Comidas',1,'arroz(0),ensalada(0),',NULL,0,150,9),(453,'2017-10-08 16:42:35',84,71,'corona',0,NULL,1,NULL,NULL,0,40,54),(454,'2017-10-08 16:43:08',85,74,'vaso de smirnoff con redbull',0,NULL,1,NULL,NULL,0,120,53),(455,'2017-10-08 16:43:08',85,74,'vaso de smirnoff con redbull',0,NULL,1,NULL,NULL,0,120,53),(456,'2017-10-08 17:02:35',86,71,'corona',13,'Cerveza',1,NULL,NULL,0,40,54),(457,'2017-10-08 17:40:15',87,74,'vaso de smirnoff con redbull',14,'Vodkas',1,NULL,NULL,0,120,52),(458,'2017-10-08 17:40:15',87,74,'vaso de smirnoff con redbull',14,'Vodkas',1,NULL,NULL,0,120,52),(459,'2017-10-08 17:40:15',87,74,'vaso de smirnoff con redbull',14,'Vodkas',1,NULL,NULL,0,120,52),(460,'2017-10-08 17:40:28',88,71,'corona',13,'Cerveza',1,NULL,NULL,0,40,56),(461,'2017-10-08 17:53:06',89,59,'agua',11,'bebidas',1,NULL,NULL,0,20,52),(462,'2017-10-08 17:58:48',90,18,'ensalada de pollo',4,'Ensalada',1,NULL,NULL,0,150,60),(463,'2017-10-08 17:59:05',91,135,'sigaros',16,'Vetrina',1,NULL,NULL,0,65,60),(464,'2017-10-08 18:00:47',92,71,'corona',13,'Cerveza',1,NULL,NULL,0,40,60),(465,'2017-10-08 18:00:47',92,59,'agua',11,'bebidas',1,NULL,NULL,0,20,60),(466,'2017-10-08 18:01:55',93,71,'corona',13,'Cerveza',1,NULL,NULL,0,40,27),(467,'2017-10-08 18:16:43',94,81,'botella de smirnoff',0,NULL,1,NULL,NULL,0,600,23),(468,'2017-10-08 18:16:43',94,85,'redbull',0,NULL,1,NULL,NULL,0,50,23),(469,'2017-10-08 18:16:43',94,85,'redbull',0,NULL,1,NULL,NULL,0,50,23),(470,'2017-10-08 18:16:43',94,85,'redbull',0,NULL,1,NULL,NULL,0,50,23),(471,'2017-10-08 18:16:43',94,85,'redbull',0,NULL,1,NULL,NULL,0,50,23),(472,'2017-10-08 18:16:43',94,85,'redbull',0,NULL,1,NULL,NULL,0,50,23),(473,'2017-10-08 18:29:16',95,42,'pasta napolitana',8,'pastas',1,NULL,NULL,0,120,10),(474,'2017-10-08 18:36:58',96,71,'corona',13,'Cerveza',1,NULL,NULL,0,40,56),(475,'2017-10-08 18:42:59',97,59,'agua',11,'bebidas',1,NULL,NULL,0,20,54),(476,'2017-10-08 18:44:41',98,59,'agua',11,'bebidas',1,NULL,NULL,0,20,27),(477,'2017-10-08 18:44:41',98,59,'agua',11,'bebidas',1,NULL,NULL,0,20,27),(478,'2017-10-08 18:51:08',99,72,'Heineken ',13,'Cerveza',1,NULL,NULL,0,50,9),(479,'2017-10-08 19:26:40',100,74,'vaso de smirnoff con redbull',14,'Vodkas',1,NULL,NULL,0,120,52),(480,'2017-10-08 19:31:14',101,59,'agua',11,'bebidas',1,NULL,NULL,0,20,41),(481,'2017-10-08 19:37:18',102,43,'pasta rose',8,'pastas',1,NULL,'con champiñon',0,140,11),(482,'2017-10-08 19:47:18',103,59,'agua',11,'bebidas',1,NULL,NULL,0,20,60),(483,'2017-10-08 19:47:47',104,59,'agua',11,'bebidas',1,NULL,NULL,0,20,52),(484,'2017-10-08 19:51:10',105,59,'agua',11,'bebidas',1,NULL,NULL,0,20,11),(485,'2017-10-08 19:55:16',106,23,'milanesa',6,'Comidas',1,'arroz(0),ensalada(0),',NULL,0,150,22),(486,'2017-10-08 20:00:33',107,59,'agua',11,'bebidas',1,NULL,NULL,0,20,65),(487,'2017-10-08 20:02:09',108,135,'sigaros',16,'Vetrina',1,NULL,NULL,0,65,11),(488,'2017-10-08 20:04:42',109,71,'corona',13,'Cerveza',1,NULL,NULL,0,40,1),(489,'2017-10-08 20:04:42',109,71,'corona',13,'Cerveza',1,NULL,NULL,0,40,1),(490,'2017-10-08 20:04:42',109,71,'corona',13,'Cerveza',1,NULL,NULL,0,40,1),(491,'2017-10-08 20:04:42',109,71,'corona',13,'Cerveza',1,NULL,NULL,0,40,1),(492,'2017-10-08 20:04:42',109,71,'corona',13,'Cerveza',1,NULL,NULL,0,40,1),(493,'2017-10-08 20:04:42',109,80,'shot taquilla',14,'Vodkas',1,NULL,NULL,0,80,1),(494,'2017-10-08 20:04:42',109,80,'shot taquilla',14,'Vodkas',1,NULL,NULL,0,80,1),(495,'2017-10-08 20:04:42',109,80,'shot taquilla',14,'Vodkas',1,NULL,NULL,0,80,1),(496,'2017-10-08 20:04:42',109,135,'sigaros',16,'Vetrina',1,NULL,NULL,0,65,1),(497,'2017-10-08 20:11:02',110,62,'gaseosa',11,'bebidas',1,NULL,NULL,0,30,26),(498,'2017-10-08 20:11:40',111,64,'te helado',11,'bebidas',1,NULL,NULL,0,35,67),(499,'2017-10-08 20:15:10',112,62,'gaseosa',11,'bebidas',1,NULL,NULL,0,30,28),(500,'2017-10-08 20:18:28',113,59,'agua',11,'bebidas',1,NULL,NULL,0,20,57),(501,'2017-10-08 20:30:03',114,59,'agua',11,'bebidas',1,NULL,NULL,0,20,56),(502,'2017-10-08 20:33:54',115,74,'vaso de smirnoff con redbull',14,'Vodkas',1,NULL,NULL,0,120,55),(503,'2017-10-08 20:37:50',116,141,'condom',0,NULL,1,NULL,NULL,0,40,57),(504,'2017-10-08 20:37:50',116,141,'condom',0,NULL,1,NULL,NULL,0,40,57),(505,'2017-10-08 20:53:58',117,59,'agua',11,'bebidas',1,NULL,NULL,0,20,54),(506,'2017-10-08 20:55:36',118,42,'pasta napolitana',8,'pastas',1,'salsa de tomate(0),','sin albhaca',0,120,19),(507,'2017-10-08 20:55:36',118,43,'pasta rose',8,'pastas',1,NULL,NULL,0,140,19),(508,'2017-10-08 21:04:48',119,59,'agua',11,'bebidas',1,NULL,NULL,0,20,47),(509,'2017-10-08 21:26:01',120,59,'agua',11,'bebidas',1,NULL,NULL,0,20,11),(510,'2017-10-08 21:26:01',120,151,'pringels',16,'Vetrina',1,NULL,NULL,0,35,11),(511,'2017-10-08 21:37:44',121,22,'pechuga de pollo  asado',6,'Comidas',1,'arroz(0),ensalada(0),',NULL,0,150,22),(512,'2017-10-08 21:41:58',122,68,'nescafe',12,'Bebidas caliente',1,NULL,NULL,0,30,47),(513,'2017-10-08 21:42:21',123,68,'nescafe',12,'Bebidas caliente',1,NULL,NULL,0,30,45),(514,'2017-10-08 21:44:11',124,33,'malawah',7,'Especiales de la casa',1,'salsa de tomate(0),picnte(0),queso feta(20),','sin hoevo',0,140,46),(515,'2017-10-08 21:44:11',124,68,'nescafe',12,'Bebidas caliente',1,NULL,NULL,0,30,46),(516,'2017-10-08 21:46:57',125,59,'agua',11,'bebidas',1,NULL,NULL,0,20,57),(517,'2017-10-08 21:47:10',126,59,'agua',11,'bebidas',1,NULL,NULL,0,20,56),(520,'2017-10-08 22:09:09',129,59,'agua',11,'bebidas',1,NULL,NULL,0,20,69),(521,'2017-10-08 22:09:21',130,59,'agua',11,'bebidas',1,NULL,NULL,0,20,70),(522,'2017-10-08 22:16:36',131,166,'shampo',16,'Vetrina',1,NULL,NULL,0,80,70),(523,'2017-10-08 22:17:05',132,166,'shampo',16,'Vetrina',1,NULL,NULL,0,80,57),(524,'2017-10-08 22:21:14',133,23,'milanesa',6,'Comidas',1,'pure de papa(0),',NULL,0,150,53),(525,'2017-10-08 22:21:56',134,23,'milanesa',6,'Comidas',1,'pure de papa(0),',NULL,0,150,54),(526,'2017-10-08 22:23:51',135,62,'gaseosa',11,'bebidas',1,NULL,NULL,0,30,56),(527,'2017-10-08 22:28:14',136,143,'fuego',16,'Vetrina',1,NULL,NULL,0,20,69),(528,'2017-10-08 22:28:53',137,63,'jugos en botalla',11,'bebidas',1,NULL,NULL,0,35,53),(529,'2017-10-08 22:30:46',138,64,'te helado',11,'bebidas',1,NULL,NULL,0,35,54),(530,'2017-10-08 22:32:57',139,135,'sigaros',16,'Vetrina',1,NULL,NULL,0,65,56),(531,'2017-10-08 22:34:11',140,74,'vaso de smirnoff con redbull',14,'Vodkas',1,NULL,NULL,0,120,64),(532,'2017-10-08 22:34:26',141,74,'vaso de smirnoff con redbull',14,'Vodkas',1,NULL,NULL,0,120,64),(533,'2017-10-08 22:44:59',142,59,'agua',11,'bebidas',1,NULL,NULL,0,20,45),(534,'2017-10-08 22:54:48',143,72,'Heineken ',13,'Cerveza',1,NULL,NULL,0,50,9),(535,'2017-10-08 23:10:32',144,55,'tostada de nutella',10,'Postres',1,NULL,NULL,0,100,11),(536,'2017-10-08 23:12:32',145,59,'agua',11,'bebidas',1,NULL,NULL,0,20,27),(537,'2017-10-08 23:13:10',146,135,'sigaros',16,'Vetrina',1,NULL,NULL,0,65,27),(538,'2017-10-08 23:26:52',147,148,'bamba grnde',16,'Vetrina',1,NULL,NULL,0,100,69),(539,'2017-10-08 23:26:52',147,146,'bisli',16,'Vetrina',1,NULL,NULL,0,35,69),(540,'2017-10-08 23:27:07',148,59,'agua',11,'bebidas',1,NULL,NULL,0,20,69),(541,'2017-10-08 23:37:36',149,71,'corona',0,NULL,1,NULL,NULL,0,40,1),(542,'2017-10-08 23:37:36',149,59,'agua',0,NULL,1,NULL,NULL,0,20,1),(543,'2017-10-08 23:37:36',149,135,'sigaros',0,NULL,1,NULL,NULL,0,65,1),(544,'2017-10-08 23:39:53',150,-1,'Other',0,NULL,1,NULL,'toalla',0,200,73),(545,'2017-10-08 23:43:07',151,57,'pancake',0,NULL,1,NULL,NULL,0,120,1),(546,'2017-10-08 23:43:07',151,33,'malawah',0,NULL,1,NULL,NULL,0,120,1),(547,'2017-10-08 23:43:07',151,19,'tostada de queso',0,NULL,1,NULL,NULL,0,100,1),(548,'2017-10-08 23:43:07',151,20,'tostada bulgara',0,NULL,1,NULL,NULL,0,120,1),(549,'2017-10-08 23:43:07',151,14,'ensalada griega',0,NULL,1,NULL,NULL,0,100,1),(550,'2017-10-08 23:57:13',152,71,'corona',13,'Cerveza',1,NULL,NULL,0,40,28),(551,'2017-10-08 23:57:13',152,59,'agua',11,'bebidas',1,NULL,NULL,0,20,28),(552,'2017-10-08 23:57:13',152,-1,'Other',0,NULL,1,NULL,NULL,0,0,28),(553,'2017-10-08 23:57:19',153,-1,'Other',0,NULL,1,NULL,'wiski',0,120,53),(554,'2017-10-09 00:00:07',154,8,'sandwich omelet',3,'Sandwiches',1,'pan pita(0),',NULL,0,100,52),(555,'2017-10-09 00:02:13',155,74,'vaso de smirnoff con redbull',14,'Vodkas',1,NULL,NULL,0,120,65),(556,'2017-10-09 00:02:39',156,74,'vaso de smirnoff con redbull',14,'Vodkas',1,NULL,NULL,0,120,64),(557,'2017-10-09 00:16:33',157,71,'corona',13,'Cerveza',1,NULL,NULL,0,40,1),(558,'2017-10-09 00:17:37',158,71,'corona',13,'Cerveza',1,NULL,NULL,0,40,27),(559,'2017-10-09 00:24:32',159,23,'milanesa',6,'Comidas',1,NULL,'bagget',0,150,1),(560,'2017-10-09 00:28:35',160,62,'gaseosa',11,'bebidas',1,NULL,NULL,0,30,1),(561,'2017-10-09 00:28:35',160,62,'gaseosa',11,'bebidas',1,NULL,NULL,0,30,1),(562,'2017-10-09 00:28:35',160,23,'milanesa',6,'Comidas',1,NULL,NULL,0,150,1),(563,'2017-10-09 00:57:44',161,74,'vaso de smirnoff con redbull',14,'Vodkas',1,NULL,NULL,0,120,54),(564,'2017-10-09 00:57:44',161,74,'vaso de smirnoff con redbull',14,'Vodkas',1,NULL,NULL,0,120,54),(565,'2017-10-09 00:58:11',162,74,'vaso de smirnoff con redbull',14,'Vodkas',1,NULL,NULL,0,120,52),(566,'2017-10-09 00:58:11',162,74,'vaso de smirnoff con redbull',14,'Vodkas',1,NULL,NULL,0,120,52),(567,'2017-10-09 00:58:59',163,80,'shot taquilla',14,'Vodkas',1,NULL,NULL,0,80,54),(568,'2017-10-09 00:58:59',163,80,'shot taquilla',14,'Vodkas',1,NULL,NULL,0,80,54),(571,'2017-10-09 01:02:33',165,141,'condom',16,'Vetrina',1,NULL,NULL,0,40,53),(572,'2017-10-09 01:02:33',165,141,'condom',16,'Vetrina',1,NULL,NULL,0,40,53),(573,'2017-10-09 01:06:31',166,71,'corona',13,'Cerveza',1,NULL,NULL,0,40,53),(574,'2017-10-09 01:07:11',167,74,'vaso de smirnoff con redbull',14,'Vodkas',1,NULL,NULL,0,120,52),(575,'2017-10-09 01:09:07',168,59,'agua',11,'bebidas',1,NULL,NULL,0,20,55),(576,'2017-10-09 01:13:21',169,31,'falfel pita',7,'Especiales de la casa',1,'pan pita(0),hummos(0),picnte(0),tajini(0),',NULL,0,100,55),(577,'2017-10-09 01:23:52',170,71,'corona',13,'Cerveza',1,NULL,NULL,0,40,9),(578,'2017-10-09 01:35:51',171,57,'pancake',10,'Postres',1,NULL,NULL,0,120,22),(579,'2017-10-09 01:40:34',172,62,'gaseosa',11,'bebidas',1,NULL,NULL,0,30,55),(580,'2017-10-09 01:57:26',173,59,'agua',11,'bebidas',1,NULL,NULL,0,20,22),(581,'2017-10-09 02:02:37',174,57,'pancake',10,'Postres',1,NULL,NULL,0,120,63),(582,'2017-10-09 02:04:08',175,135,'sigaros',16,'Vetrina',1,NULL,NULL,0,65,65),(583,'2017-10-09 02:04:08',175,59,'agua',0,NULL,1,NULL,NULL,0,20,65),(584,'2017-10-09 02:24:10',176,20,'tostada bulgara',5,'Tostadas',1,NULL,NULL,0,120,10),(585,'2017-10-09 02:24:10',176,62,'gaseosa',11,'bebidas',1,NULL,NULL,0,30,10),(586,'2017-10-09 03:08:41',177,80,'shot taquilla',14,'Vodkas',1,NULL,NULL,0,80,54),(587,'2017-10-09 03:09:12',178,80,'shot taquilla',14,'Vodkas',1,NULL,NULL,0,80,74),(588,'2017-10-09 03:17:15',179,63,'jugos en botalla',11,'bebidas',1,NULL,NULL,0,35,56),(589,'2017-10-09 03:25:56',180,59,'agua',11,'bebidas',1,NULL,NULL,0,20,10),(590,'2017-10-09 03:37:01',181,59,'agua',11,'bebidas',1,NULL,NULL,0,20,56),(596,'2017-10-09 04:42:36',183,71,'corona',13,'Cerveza',1,NULL,NULL,0,40,1),(597,'2017-10-09 04:53:21',184,23,'milanesa',6,'Comidas',1,'arroz(0),',NULL,0,150,9),(598,'2017-10-09 04:53:21',184,72,'Heineken ',13,'Cerveza',1,NULL,NULL,0,50,9),(599,'2017-10-09 05:03:46',185,59,'agua',0,NULL,1,NULL,NULL,0,20,73),(600,'2017-10-09 05:13:28',186,57,'pancake',10,'Postres',1,'melon(0),',NULL,0,120,53),(601,'2017-10-09 05:36:25',187,138,'filter conos',16,'Vetrina',1,NULL,NULL,0,70,52),(602,'2017-10-09 06:27:07',188,59,'agua',11,'bebidas',1,NULL,NULL,0,20,28),(603,'2017-10-09 06:27:07',188,59,'agua',11,'bebidas',1,NULL,NULL,0,20,28),(604,'2017-10-09 06:27:07',188,59,'agua',11,'bebidas',1,NULL,NULL,0,20,28),(605,'2017-10-09 07:02:31',189,63,'jugos en botalla',11,'bebidas',1,NULL,NULL,0,35,60),(606,'2017-10-09 07:20:18',190,68,'nescafe',12,'Bebidas caliente',1,NULL,NULL,0,30,69),(607,'2017-10-09 07:20:18',190,68,'nescafe',12,'Bebidas caliente',1,NULL,NULL,0,30,69),(608,'2017-10-09 07:25:00',191,174,'kotexs tampon',0,NULL,1,NULL,NULL,0,80,58),(609,'2017-10-09 07:49:32',192,8,'sandwich omelet',3,'Sandwiches',1,'pan pita(0),',NULL,0,100,27),(610,'2017-10-09 07:49:32',192,8,'sandwich omelet',3,'Sandwiches',1,'pan pita(0),',NULL,0,100,27),(611,'2017-10-09 09:09:08',193,68,'nescafe',12,'Bebidas caliente',1,NULL,NULL,0,30,25),(612,'2017-10-09 09:53:07',194,54,'malteada de kinder bueno',10,'Postres',1,NULL,NULL,0,100,58),(613,'2017-10-09 09:53:28',195,68,'nescafe',12,'Bebidas caliente',1,NULL,NULL,0,30,25),(614,'2017-10-09 09:59:13',196,63,'jugos en botalla',11,'bebidas',1,NULL,NULL,0,35,55),(615,'2017-10-09 09:59:44',197,163,'pasta de dientes',0,NULL,1,NULL,NULL,0,50,55),(616,'2017-10-09 10:46:54',198,68,'nescafe',12,'Bebidas caliente',1,NULL,NULL,0,30,46),(617,'2017-10-09 10:47:14',199,68,'nescafe',12,'Bebidas caliente',1,NULL,NULL,0,30,47),(618,'2017-10-09 10:48:22',200,59,'agua',11,'bebidas',1,NULL,NULL,0,20,46),(619,'2017-10-09 10:48:52',201,4,'desayuno israeli',1,'Desayunos',1,'queso filli(0),',NULL,0,120,11),(620,'2017-10-09 10:49:36',202,4,'desayuno israeli',1,'Desayunos',1,NULL,NULL,0,120,1),(621,'2017-10-09 10:56:50',203,18,'ensalada de pollo',0,NULL,1,NULL,NULL,0,150,1),(622,'2017-10-09 10:59:01',204,59,'agua',11,'bebidas',1,NULL,NULL,0,20,11),(623,'2017-10-09 11:53:44',205,31,'falfel pita',0,NULL,1,NULL,NULL,0,100,1),(624,'2017-10-09 11:53:44',205,59,'agua',11,'bebidas',1,NULL,NULL,0,20,1),(625,'2017-10-09 11:56:03',206,4,'desayuno israeli',1,'Desayunos',1,NULL,NULL,0,120,1),(626,'2017-10-09 12:01:54',207,62,'gaseosa',11,'bebidas',1,NULL,NULL,0,30,1),(627,'2017-10-09 12:08:08',208,59,'agua',11,'bebidas',1,NULL,NULL,0,20,47),(628,'2017-10-09 12:19:00',209,153,'helado',16,'Vetrina',1,NULL,NULL,0,40,75),(629,'2017-10-09 12:24:46',210,66,'jogo natural en leche',11,'bebidas',1,'pine(0),banana(0),','soya milk',0,60,1),(630,'2017-10-09 12:36:31',211,4,'desayuno israeli',1,'Desayunos',1,NULL,NULL,0,120,1),(631,'2017-10-09 12:42:07',212,59,'agua',11,'bebidas',1,NULL,NULL,0,20,1),(632,'2017-10-09 13:12:38',213,63,'jugos en botalla',11,'bebidas',1,NULL,NULL,0,35,1),(633,'2017-10-09 13:26:32',214,59,'agua',11,'bebidas',1,NULL,NULL,0,20,46),(634,'2017-10-09 13:34:02',215,181,'sandwich carne',19,'Sandwiches carnes',1,'milanesa(0),pan bagget(0),hummos(0),picnte(0),ensalada(0),',NULL,0,150,56),(635,'2017-10-09 13:37:40',216,30,'plato de papas fritas',0,NULL,1,NULL,NULL,0,80,56),(636,'2017-10-09 13:43:22',217,3,'Desayuno de la casa',1,'Desayunos',1,NULL,'DE SNIOR  Y CON ARROZ',0,100,67),(637,'2017-10-09 13:43:22',217,3,'Desayuno de la casa',1,'Desayunos',1,NULL,'DE SNIOR',0,100,67),(638,'2017-10-09 13:43:22',217,3,'Desayuno de la casa',1,'Desayunos',1,NULL,'DE SNIOR',0,100,67),(639,'2017-10-09 13:43:22',217,3,'Desayuno de la casa',1,'Desayunos',1,NULL,'DE SNIOR',0,100,67),(640,'2017-10-09 13:43:22',217,14,'ensalada griega',4,'Ensalada',1,NULL,NULL,0,100,67),(641,'2017-10-09 16:46:00',218,23,'milanesa',1,'Desayunos',1,'papas a la francesa(30),arroz(30),',NULL,0,210,9),(642,'2017-10-09 16:46:00',218,71,'corona',1,'Desayunos',1,NULL,NULL,0,40,9),(643,'2017-10-09 16:46:00',218,59,'agua',11,'bebidas',1,NULL,NULL,0,20,9),(644,'2017-10-09 16:53:07',219,59,'agua',11,'bebidas',1,NULL,NULL,0,20,56),(645,'2017-10-09 17:00:02',220,4,'desayuno israeli',1,'Desayunos',1,NULL,NULL,0,120,9),(646,'2017-10-09 19:27:52',221,59,'agua',11,'bebidas',1,NULL,NULL,0,20,27),(647,'2017-10-09 19:27:52',221,59,'agua',11,'bebidas',1,NULL,NULL,0,20,27),(648,'2017-10-09 19:28:48',222,59,'agua',11,'bebidas',1,NULL,NULL,0,20,64),(649,'2017-10-09 19:28:48',222,64,'te helado',11,'bebidas',1,NULL,NULL,0,35,64),(650,'2017-10-09 19:28:48',222,135,'sigaros',16,'Vetrina',1,NULL,NULL,0,65,64),(651,'2017-10-09 19:28:48',222,135,'sigaros',16,'Vetrina',1,NULL,NULL,0,65,64),(652,'2017-10-09 19:31:28',223,64,'te helado',11,'bebidas',1,NULL,NULL,0,35,1),(653,'2017-10-09 19:37:28',224,59,'agua',11,'bebidas',1,NULL,NULL,0,20,56),(654,'2017-10-09 19:39:14',225,179,'bakalar',18,'viajes',1,NULL,NULL,0,1300,54),(655,'2017-10-09 19:39:51',226,179,'bakalar',18,'viajes',1,NULL,NULL,0,1300,53),(656,'2017-10-09 20:02:13',227,179,'bakalar',18,'viajes',1,NULL,NULL,0,1300,73),(657,'2017-10-09 20:02:53',228,179,'bakalar',18,'viajes',1,NULL,NULL,0,1300,74),(658,'2017-10-09 20:03:39',229,179,'bakalar',18,'viajes',1,NULL,NULL,0,1300,27),(659,'2017-10-09 20:03:56',230,179,'bakalar',18,'viajes',1,NULL,NULL,0,1300,28),(660,'2017-10-09 20:04:18',231,179,'bakalar',18,'viajes',1,NULL,NULL,0,1300,60),(661,'2017-10-09 20:21:26',232,59,'agua',11,'bebidas',1,NULL,NULL,0,20,56),(662,'2017-10-09 20:22:38',233,59,'agua',11,'bebidas',1,NULL,NULL,0,20,53),(663,'2017-10-09 20:34:12',234,135,'sigaros',16,'Vetrina',1,NULL,NULL,0,65,77),(664,'2017-10-09 20:36:58',235,59,'agua',11,'bebidas',1,NULL,NULL,0,20,60),(665,'2017-10-09 20:36:58',235,59,'agua',11,'bebidas',1,NULL,NULL,0,20,60),(666,'2017-10-09 20:36:58',235,59,'agua',11,'bebidas',1,NULL,NULL,0,20,60),(667,'2017-10-09 20:44:05',236,67,'te',12,'Bebidas caliente',1,NULL,NULL,0,20,54),(668,'2017-10-09 20:49:56',237,63,'jugos en botalla',11,'bebidas',1,NULL,NULL,0,35,58),(669,'2017-10-09 21:03:33',238,153,'helado',1,'Desayunos',1,NULL,NULL,0,40,56),(670,'2017-10-09 21:10:59',239,14,'ensalada griega',4,'Ensalada',1,NULL,NULL,0,100,74),(671,'2017-10-09 21:10:59',239,59,'agua',11,'bebidas',1,NULL,NULL,0,20,74),(672,'2017-10-09 21:16:56',240,137,'rizla',16,'Vetrina',1,NULL,NULL,0,70,77),(673,'2017-10-09 21:16:56',240,142,'pipa',16,'Vetrina',1,NULL,NULL,0,80,77),(674,'2017-10-09 21:16:56',240,64,'te helado',11,'bebidas',1,NULL,NULL,0,35,77),(675,'2017-10-09 21:24:11',241,62,'gaseosa',11,'bebidas',1,NULL,NULL,0,30,25),(676,'2017-10-09 21:50:45',242,6,'shakshuka',1,'Desayunos',1,'pepino(0),',NULL,0,120,26),(677,'2017-10-09 22:28:35',243,59,'agua',11,'bebidas',1,NULL,NULL,0,20,61),(678,'2017-10-09 22:29:23',244,46,'pasta alfredo',8,'pastas',1,NULL,NULL,0,140,23),(679,'2017-10-09 22:46:04',245,62,'gaseosa',11,'bebidas',1,NULL,NULL,0,30,23),(680,'2017-10-09 23:00:04',246,59,'agua',11,'bebidas',1,NULL,NULL,0,20,56),(681,'2017-10-09 23:00:55',247,64,'te helado',11,'bebidas',1,NULL,NULL,0,35,77),(682,'2017-10-09 23:20:12',248,59,'agua',11,'bebidas',1,NULL,NULL,0,20,60),(683,'2017-10-09 23:32:24',249,59,'agua',11,'bebidas',1,NULL,NULL,0,20,60),(684,'2017-10-09 23:45:53',250,59,'agua',11,'bebidas',1,NULL,NULL,0,20,60),(685,'2017-10-09 23:49:49',251,59,'agua',11,'bebidas',1,NULL,NULL,0,20,52),(686,'2017-10-09 23:55:53',252,62,'gaseosa',11,'bebidas',1,NULL,NULL,0,30,46),(687,'2017-10-10 00:00:25',253,72,'Heineken ',13,'Cerveza',1,NULL,NULL,0,50,1),(688,'2017-10-10 00:01:33',254,72,'Heineken ',13,'Cerveza',1,NULL,NULL,0,50,36),(689,'2017-10-10 00:07:54',255,74,'vaso de smirnoff con redbull',14,'Vodkas',1,NULL,NULL,0,120,37),(690,'2017-10-10 00:08:08',256,59,'agua',11,'bebidas',1,NULL,NULL,0,20,1),(691,'2017-10-10 00:08:51',257,-1,'Other',0,NULL,1,NULL,'total',0,190,1),(692,'2017-10-10 00:16:07',258,72,'Heineken ',13,'Cerveza',1,NULL,NULL,0,50,36),(693,'2017-10-10 00:28:14',259,72,'Heineken ',13,'Cerveza',1,NULL,NULL,0,50,9),(694,'2017-10-10 00:29:35',260,74,'vaso de smirnoff con redbull',14,'Vodkas',1,NULL,NULL,0,120,37),(695,'2017-10-10 00:40:35',261,62,'gaseosa',11,'bebidas',1,NULL,NULL,0,30,56),(696,'2017-10-10 01:04:22',262,30,'plato de papas fritas',7,'Especiales de la casa',1,NULL,NULL,0,80,46),(697,'2017-10-10 01:16:44',263,59,'agua',11,'bebidas',1,NULL,NULL,0,20,28),(698,'2017-10-10 01:57:22',264,23,'milanesa',6,'Comidas',1,NULL,NULL,0,150,77),(699,'2017-10-10 01:57:22',264,64,'te helado',11,'bebidas',1,NULL,NULL,0,35,77),(700,'2017-10-10 02:19:28',265,62,'gaseosa',11,'bebidas',1,NULL,NULL,0,30,77),(701,'2017-10-10 03:03:47',266,135,'sigaros',16,'Vetrina',1,NULL,NULL,0,65,23),(702,'2017-10-10 07:28:33',267,59,'agua',11,'bebidas',1,NULL,NULL,0,20,46),(703,'2017-10-10 07:29:36',268,59,'agua',11,'bebidas',1,NULL,NULL,0,20,47),(704,'2017-10-10 08:25:33',269,59,'agua',11,'bebidas',1,NULL,NULL,0,20,28),(705,'2017-10-10 09:01:29',270,68,'nescafe',12,'Bebidas caliente',1,NULL,NULL,0,30,54),(706,'2017-10-10 09:16:06',271,6,'shakshuka',1,'Desayunos',1,NULL,NULL,0,120,52),(707,'2017-10-10 09:16:06',271,19,'tostada de queso',5,'Tostadas',1,' pan bimbo(0),salsa pizza(0),queso(0),',NULL,0,100,52),(708,'2017-10-10 09:16:06',271,88,'EXTRA',0,NULL,1,NULL,NULL,0,0,52),(709,'2017-10-10 09:16:06',271,97,'huevo doro',0,NULL,1,NULL,NULL,0,15,52),(710,'2017-10-10 09:32:04',272,63,'jugos en botalla',11,'bebidas',1,NULL,NULL,0,35,53),(711,'2017-10-10 09:32:04',272,63,'jugos en botalla',11,'bebidas',1,NULL,NULL,0,35,53),(712,'2017-10-10 09:32:04',272,63,'jugos en botalla',11,'bebidas',1,NULL,NULL,0,35,53),(713,'2017-10-10 09:35:35',273,59,'agua',11,'bebidas',1,NULL,NULL,0,20,73),(714,'2017-10-10 10:41:46',274,8,'sandwich omelet',3,'Sandwiches',1,'pan bagget(0),queso filli(0),ensalada(0),',NULL,0,100,74),(715,'2017-10-10 10:51:37',275,74,'vaso de smirnoff con redbull',14,'Vodkas',1,NULL,NULL,0,120,52),(716,'2017-10-10 10:51:37',275,74,'vaso de smirnoff con redbull',14,'Vodkas',1,NULL,NULL,0,120,52),(717,'2017-10-10 11:09:07',276,59,'agua',11,'bebidas',1,NULL,NULL,0,20,77),(718,'2017-10-10 11:37:44',277,8,'sandwich omelet',3,'Sandwiches',1,'pan bagget(0),hummos(0),ensalada(0),','con picante',0,100,78),(719,'2017-10-10 11:39:56',278,8,'sandwich omelet',3,'Sandwiches',1,'pan bagget(0),queso filli(0),ensalada(0),',NULL,0,100,77),(720,'2017-10-10 11:46:14',279,8,'sandwich omelet',3,'Sandwiches',1,'pan bagget(0),queso filli(0),ensalada(0),','un poco tostado',0,100,56),(721,'2017-10-10 11:56:49',280,64,'te helado',11,'bebidas',1,NULL,NULL,0,35,77),(722,'2017-10-10 12:01:21',281,8,'sandwich omelet',3,'Sandwiches',1,' pan bimbo(0),queso filli(0),ensalada(0),',NULL,0,100,1),(723,'2017-10-10 12:01:21',281,68,'nescafe',0,NULL,1,NULL,NULL,0,30,1),(724,'2017-10-10 12:02:08',282,4,'desayuno israeli',1,'Desayunos',1,NULL,NULL,0,120,1),(725,'2017-10-10 12:02:08',282,88,'EXTRA',0,NULL,1,NULL,NULL,0,0,1),(726,'2017-10-10 12:02:08',282,106,'pan pita',0,NULL,1,NULL,NULL,0,10,1),(727,'2017-10-10 12:02:08',282,54,'malteada de kinder bueno',10,'Postres',1,NULL,NULL,0,100,1),(728,'2017-10-10 12:02:46',283,59,'agua',11,'bebidas',1,NULL,NULL,0,20,1),(729,'2017-10-10 12:02:46',283,64,'te helado',11,'bebidas',1,NULL,NULL,0,35,1),(730,'2017-10-10 12:20:49',284,157,'m&m',16,'Vetrina',1,NULL,NULL,0,35,78),(731,'2017-10-10 12:26:54',285,59,'agua',11,'bebidas',1,NULL,NULL,0,20,56),(732,'2017-10-10 13:33:54',286,179,'bakalar',18,'viajes',1,NULL,NULL,0,1300,26),(733,'2017-10-10 13:38:50',287,64,'te helado',11,'bebidas',1,NULL,NULL,0,35,67),(734,'2017-10-10 13:38:50',287,64,'te helado',11,'bebidas',1,NULL,NULL,0,35,67),(735,'2017-10-10 13:38:50',287,181,'sandwich carne',19,'Sandwiches carnes',1,'milanesa(0),pan bagget(0),hummos(0),ensalada(0),',NULL,0,150,67),(736,'2017-10-10 13:38:50',287,3,'Desayuno de la casa',1,'Desayunos',1,NULL,'DE SNIOR',0,100,67),(737,'2017-10-10 13:38:50',287,3,'Desayuno de la casa',1,'Desayunos',1,NULL,'DE SNIOR',0,100,67),(738,'2017-10-10 13:38:50',287,59,'agua',11,'bebidas',1,NULL,NULL,0,20,67),(739,'2017-10-10 14:43:20',288,135,'cigarros',16,'Vetrina',1,NULL,NULL,0,65,23),(740,'2017-10-10 16:30:28',289,13,'ensalada israeli',4,'Ensalada',1,NULL,'ZOHAR',0,80,1),(741,'2017-10-10 16:30:28',289,22,'pechuga de pollo  asado',6,'Comidas',1,'arroz(0),ensalada(0),',NULL,0,150,1),(742,'2017-10-10 16:30:28',289,59,'agua',11,'bebidas',1,NULL,NULL,0,20,1),(743,'2017-10-10 16:31:53',290,48,'hummos de la casa',9,'Hummos',1,NULL,NULL,0,120,1),(744,'2017-10-10 16:33:34',291,50,'hummos champinones y cebolla',9,'Hummos',1,'champinones(0),','lidor',0,150,1),(745,'2017-10-10 16:33:34',291,6,'shakshuka',1,'Desayunos',1,NULL,NULL,0,120,1),(746,'2017-10-10 16:33:56',292,62,'gaseosa',11,'bebidas',1,NULL,NULL,0,30,1),(747,'2017-10-10 16:36:53',293,38,'salteado de verduras / mukpatz',7,'Especiales de la casa',1,NULL,'en pan bagget',0,150,1),(748,'2017-10-10 16:36:53',293,88,'EXTRA',1,'Desayunos',1,NULL,NULL,0,0,1),(749,'2017-10-10 16:36:53',293,134,'KOSHER',1,'Desayunos',1,NULL,NULL,0,50,1),(750,'2017-10-10 16:36:53',293,30,'plato de papas fritas',1,'Desayunos',1,NULL,NULL,0,80,1),(751,'2017-10-10 17:07:23',294,48,'hummos de la casa',9,'Hummos',1,NULL,NULL,0,120,1),(752,'2017-10-10 17:07:23',294,88,'EXTRA',9,'Hummos',1,NULL,NULL,0,0,1),(753,'2017-10-10 17:07:23',294,119,'garbanzo',9,'Hummos',1,NULL,NULL,0,20,1),(754,'2017-10-10 17:48:51',295,181,'sandwich carne',19,'Sandwiches carnes',1,'milanesa(0),pan bagget(0),hummos(0),ensalada(0),',NULL,0,150,1),(755,'2017-10-10 17:48:51',295,88,'EXTRA',19,'Sandwiches carnes',1,NULL,NULL,0,0,1),(756,'2017-10-10 17:48:51',295,134,'KOSHER',19,'Sandwiches carnes',1,NULL,NULL,0,50,1),(757,'2017-10-10 17:50:38',296,59,'agua',11,'bebidas',1,NULL,NULL,0,20,9),(758,'2017-10-10 17:50:38',296,175,'crema de sul',11,'bebidas',1,NULL,NULL,0,200,9),(759,'2017-10-10 17:50:38',296,175,'crema de sul',11,'bebidas',1,NULL,NULL,0,200,9),(760,'2017-10-10 17:51:31',297,22,'pechuga de pollo  asado',6,'Comidas',1,'arroz(0),ensalada(0),','tahini alado',0,150,9),(761,'2017-10-10 17:51:55',298,59,'agua',11,'bebidas',1,NULL,NULL,0,20,60),(762,'2017-10-10 17:51:55',298,175,'crema de sul',11,'bebidas',1,NULL,NULL,0,200,60),(763,'2017-10-10 17:51:55',298,175,'crema de sul',11,'bebidas',1,NULL,NULL,0,200,60),(764,'2017-10-10 18:13:44',299,59,'agua',11,'bebidas',1,NULL,NULL,0,20,46),(765,'2017-10-10 18:13:44',299,68,'nescafe',12,'Bebidas caliente',1,NULL,NULL,0,30,46),(766,'2017-10-10 19:15:24',300,59,'agua',11,'bebidas',1,NULL,NULL,0,20,1),(767,'2017-10-10 19:15:24',300,59,'agua',11,'bebidas',1,NULL,NULL,0,20,1),(768,'2017-10-10 19:15:24',300,59,'agua',11,'bebidas',1,NULL,NULL,0,20,1),(769,'2017-10-10 19:15:24',300,64,'te helado',11,'bebidas',1,NULL,NULL,0,35,1),(770,'2017-10-10 19:15:24',300,64,'te helado',11,'bebidas',1,NULL,NULL,0,35,1),(771,'2017-10-10 19:17:15',301,161,'toalla',1,'Desayunos',1,NULL,NULL,0,200,81),(772,'2017-10-10 19:17:40',302,161,'toalla',16,'Vetrina',1,NULL,NULL,0,200,82),(773,'2017-10-10 19:18:55',303,4,'desayuno israeli',1,'Desayunos',1,NULL,NULL,0,120,9),(774,'2017-10-10 19:18:55',303,4,'desayuno israeli',1,'Desayunos',1,' huevos con Especias(0),cebolla(0),pan bagget(0),queso filli(0),',NULL,0,120,9),(775,'2017-10-10 20:47:02',304,59,'agua',11,'bebidas',1,NULL,NULL,0,20,60),(776,'2017-10-10 20:47:02',304,59,'agua',11,'bebidas',1,NULL,NULL,0,20,60),(777,'2017-10-10 21:41:23',305,59,'agua',11,'bebidas',1,NULL,NULL,0,20,36),(778,'2017-10-10 21:41:23',305,59,'agua',11,'bebidas',1,NULL,NULL,0,20,36),(779,'2017-10-10 21:41:23',305,59,'agua',11,'bebidas',1,NULL,NULL,0,20,36),(780,'2017-10-10 21:57:43',306,39,'salteado/ mukpatz - vegetariano',7,'Especiales de la casa',1,'arroz(0),',NULL,0,120,84),(781,'2017-10-10 21:58:54',307,62,'gaseosa',11,'bebidas',1,NULL,NULL,0,30,83),(782,'2017-10-10 21:59:19',308,62,'gaseosa',11,'bebidas',1,NULL,NULL,0,30,84),(783,'2017-10-10 22:00:07',309,23,'milanesa',6,'Comidas',1,'papas a la francesa(0),ensalada(0),KOSHER(50),',NULL,0,200,83),(784,'2017-10-10 22:08:52',310,74,'vaso de smirnoff con redbull',14,'Vodkas',1,NULL,NULL,0,120,64),(785,'2017-10-10 22:08:52',310,74,'vaso de smirnoff con redbull',14,'Vodkas',1,NULL,NULL,0,120,64),(786,'2017-10-10 22:08:52',310,135,'cigarros',16,'Vetrina',1,NULL,NULL,0,65,64),(787,'2017-10-10 22:14:43',311,75,'vaso de smirnoff con jugo',14,'Vodkas',1,NULL,NULL,0,100,58),(788,'2017-10-10 22:14:43',311,39,'salteado/ mukpatz - vegetariano',7,'Especiales de la casa',1,'arroz(0),',NULL,0,120,58),(789,'2017-10-10 23:06:16',312,59,'agua',11,'bebidas',1,NULL,NULL,0,20,60),(790,'2017-10-10 23:06:16',312,59,'agua',11,'bebidas',1,NULL,NULL,0,20,60),(791,'2017-10-10 23:09:24',313,62,'gaseosa',11,'bebidas',1,NULL,NULL,0,30,81),(792,'2017-10-10 23:18:25',314,135,'cigarros',16,'Vetrina',1,NULL,NULL,0,65,64),(793,'2017-10-10 23:25:19',315,59,'agua',11,'bebidas',1,NULL,NULL,0,20,85),(794,'2017-10-10 23:25:28',316,59,'agua',11,'bebidas',1,NULL,NULL,0,20,86),(795,'2017-10-10 23:25:42',317,59,'agua',11,'bebidas',1,NULL,NULL,0,20,87),(796,'2017-10-10 23:56:55',318,135,'cigarros',16,'Vetrina',1,NULL,NULL,0,65,37),(797,'2017-10-10 23:56:55',318,74,'vaso de smirnoff con redbull',14,'Vodkas',1,NULL,NULL,0,120,37),(798,'2017-10-11 00:21:09',319,68,'nescafe',12,'Bebidas caliente',1,NULL,NULL,0,30,46),(799,'2017-10-11 00:24:27',320,59,'agua',11,'bebidas',1,NULL,NULL,0,20,33),(800,'2017-10-11 00:24:27',320,59,'agua',11,'bebidas',1,NULL,NULL,0,20,33),(801,'2017-10-11 00:24:27',320,139,'filter + rizla',16,'Vetrina',1,NULL,NULL,0,90,33),(802,'2017-10-11 00:29:29',321,74,'vaso de smirnoff con redbull',14,'Vodkas',1,NULL,NULL,0,120,9),(803,'2017-10-11 00:35:06',322,31,'falfel pita',1,'Desayunos',1,'pan pita(0),hummos(0),picnte(0),ensalada(0),',NULL,0,100,1),(804,'2017-10-11 00:49:07',323,71,'corona',13,'Cerveza',1,NULL,NULL,0,40,36),(805,'2017-10-11 00:54:12',324,74,'vaso de smirnoff con redbull',14,'Vodkas',1,NULL,NULL,0,120,9),(806,'2017-10-11 00:56:39',325,153,'helado',16,'Vetrina',1,NULL,NULL,0,40,1),(807,'2017-10-11 00:56:39',325,153,'helado',16,'Vetrina',1,NULL,NULL,0,40,1),(808,'2017-10-11 00:59:56',326,74,'vaso de smirnoff con redbull',14,'Vodkas',1,NULL,NULL,0,120,37),(809,'2017-10-11 01:36:26',327,151,'pringels',16,'Vetrina',1,NULL,NULL,0,35,1),(810,'2017-10-11 01:55:20',328,74,'vaso de smirnoff con redbull',14,'Vodkas',1,NULL,NULL,0,120,18),(811,'2017-10-11 02:03:43',329,59,'agua',11,'bebidas',1,NULL,NULL,0,20,46),(812,'2017-10-11 02:15:22',330,59,'agua',11,'bebidas',1,NULL,NULL,0,20,60),(813,'2017-10-11 02:21:51',331,135,'cigarros',16,'Vetrina',1,NULL,NULL,0,65,23),(814,'2017-10-11 02:21:51',331,74,'vaso de smirnoff con redbull',14,'Vodkas',1,NULL,NULL,0,120,23),(815,'2017-10-11 02:25:53',332,59,'agua',11,'bebidas',1,NULL,NULL,0,20,64),(816,'2017-10-11 02:50:36',333,59,'agua',11,'bebidas',1,NULL,NULL,0,20,60),(817,'2017-10-11 03:15:37',334,72,'Heineken ',13,'Cerveza',1,NULL,NULL,0,50,9),(818,'2017-10-11 03:15:37',334,72,'Heineken ',13,'Cerveza',1,NULL,NULL,0,50,9),(819,'2017-10-11 03:42:23',335,24,'parguit',1,'Desayunos',1,'KOSHER(50),','baguet humus ensalada y picante',0,200,1),(820,'2017-10-11 03:42:23',335,24,'parguit',1,'Desayunos',1,'KOSHER(50),','humus ensalada y picante',0,200,1),(821,'2017-10-11 03:42:23',335,24,'parguit',1,'Desayunos',1,'KOSHER(50),','humus ensalada y picante',0,200,1),(822,'2017-10-11 03:42:23',335,24,'parguit',1,'Desayunos',1,'KOSHER(50),','humus ensalada y picante',0,200,1),(823,'2017-10-11 03:42:57',336,64,'te helado',11,'bebidas',1,NULL,NULL,0,35,1),(824,'2017-10-11 03:42:57',336,64,'te helado',11,'bebidas',1,NULL,NULL,0,35,1),(825,'2017-10-11 03:42:57',336,64,'te helado',11,'bebidas',1,NULL,NULL,0,35,1),(826,'2017-10-11 03:42:57',336,59,'agua',11,'bebidas',1,NULL,NULL,0,20,1),(827,'2017-10-11 03:42:57',336,59,'agua',11,'bebidas',1,NULL,NULL,0,20,1),(828,'2017-10-11 03:42:57',336,59,'agua',11,'bebidas',1,NULL,NULL,0,20,1),(829,'2017-10-11 04:45:52',337,62,'gaseosa',11,'bebidas',1,NULL,NULL,0,30,1),(830,'2017-10-11 04:45:52',337,71,'corona',13,'Cerveza',1,NULL,NULL,0,40,1),(831,'2017-10-11 04:45:52',337,71,'corona',13,'Cerveza',1,NULL,NULL,0,40,1),(832,'2017-10-11 04:45:52',337,71,'corona',13,'Cerveza',1,NULL,NULL,0,40,1),(833,'2017-10-11 04:48:44',338,72,'Heineken ',13,'Cerveza',1,NULL,NULL,0,50,9),(834,'2017-10-11 07:18:28',339,174,'kotexs tampon',1,'Desayunos',1,NULL,NULL,0,80,48),(835,'2017-10-11 07:21:21',340,-1,'Other',0,NULL,1,NULL,'botellA DE TAQULLA',0,800,1),(836,'2017-10-11 08:00:47',341,4,'desayuno israeli',1,'Desayunos',1,NULL,NULL,0,120,86),(837,'2017-10-11 08:00:47',341,67,'te',12,'Bebidas caliente',1,NULL,NULL,0,20,86),(838,'2017-10-11 08:01:48',342,55,'tostada de nutella',10,'Postres',1,NULL,NULL,0,100,87),(839,'2017-10-11 08:02:03',343,55,'tostada de nutella',10,'Postres',1,NULL,NULL,0,100,85),(840,'2017-10-11 08:02:58',344,16,'ensalada jerusalem',4,'Ensalada',1,'pepino(0),tomate(0),cebolla(0),garbanzo caliente(0),huevo doro(0),tajini(0),',NULL,0,100,81),(841,'2017-10-11 08:02:58',344,88,'EXTRA',4,'Ensalada',1,NULL,NULL,0,0,81),(842,'2017-10-11 08:02:58',344,96,'atun',4,'Ensalada',1,NULL,NULL,0,15,81),(843,'2017-10-11 08:02:58',344,53,'malteada de oreo',10,'Postres',1,NULL,NULL,0,80,81),(844,'2017-10-11 08:03:38',345,6,'shakshuka',1,'Desayunos',1,'EN LA ENSALADA(0),tomate(0),pepino(0),Zanahoria(0),',NULL,0,120,82),(845,'2017-10-11 08:04:28',346,68,'nescafe',12,'Bebidas caliente',1,NULL,NULL,0,30,86),(846,'2017-10-11 08:04:40',347,68,'nescafe',12,'Bebidas caliente',1,NULL,NULL,0,30,87),(847,'2017-10-11 08:10:16',348,68,'nescafe',12,'Bebidas caliente',1,NULL,NULL,0,30,85),(848,'2017-10-11 09:07:34',349,68,'nescafe',12,'Bebidas caliente',1,NULL,NULL,0,30,36),(849,'2017-10-11 09:43:52',350,71,'corona',13,'Cerveza',1,NULL,NULL,0,40,67),(850,'2017-10-11 09:43:52',350,71,'corona',13,'Cerveza',1,NULL,NULL,0,40,67),(851,'2017-10-11 09:43:52',350,71,'corona',13,'Cerveza',1,NULL,NULL,0,40,67),(852,'2017-10-11 09:43:52',350,71,'corona',13,'Cerveza',1,NULL,NULL,0,40,67),(853,'2017-10-11 10:10:42',351,68,'nescafe',12,'Bebidas caliente',1,NULL,NULL,0,30,43),(854,'2017-10-11 10:10:48',352,68,'nescafe',12,'Bebidas caliente',1,NULL,NULL,0,30,44),(855,'2017-10-11 10:16:27',353,18,'ensalada de pollo',4,'Ensalada',1,NULL,NULL,0,150,1),(856,'2017-10-11 10:16:27',353,20,'tostada bulgara',5,'Tostadas',1,NULL,NULL,0,120,1),(857,'2017-10-11 13:04:03',354,23,'milanesa',6,'Comidas',1,'papas a la francesa(0),',NULL,0,150,67),(858,'2017-10-11 13:04:03',354,23,'milanesa',6,'Comidas',1,'papas a la francesa(0),',NULL,0,150,67),(859,'2017-10-11 13:04:03',354,62,'gaseosa',11,'bebidas',1,NULL,NULL,0,30,67),(860,'2017-10-11 13:04:03',354,62,'gaseosa',11,'bebidas',1,NULL,NULL,0,30,67),(861,'2017-10-11 14:29:34',355,181,'sandwich carne',19,'Sandwiches carnes',1,'milanesa(0),pan bagget(0),hummos(0),picnte(0),ensalada(0),',NULL,0,150,67),(862,'2017-10-11 14:44:32',356,64,'te helado',11,'bebidas',1,NULL,NULL,0,35,1),(863,'2017-10-11 14:44:32',356,64,'te helado',11,'bebidas',1,NULL,NULL,0,35,1),(864,'2017-10-11 14:44:32',356,64,'te helado',11,'bebidas',1,NULL,NULL,0,35,1),(865,'2017-10-11 15:17:55',357,38,'salteado de verduras / mukpatz',7,'Especiales de la casa',1,'pasta(0),',NULL,0,150,26),(866,'2017-10-11 15:42:23',358,181,'sandwich carne',19,'Sandwiches carnes',1,'pechuga de pollo (0),pan bagget(0),hummos(0),ensalada(0),',NULL,0,150,90),(867,'2017-10-11 15:42:23',358,181,'sandwich carne',19,'Sandwiches carnes',1,'pechuga de pollo (0),pan bagget(0),hummos(0),ensalada(0),',NULL,0,150,90),(868,'2017-10-11 15:42:23',358,181,'sandwich carne',19,'Sandwiches carnes',1,'pechuga de pollo (0),pan bagget(0),hummos(0),ensalada(0),',NULL,0,150,90),(869,'2017-10-11 15:42:23',358,181,'sandwich carne',19,'Sandwiches carnes',1,'pechuga de pollo (0),pan bagget(0),hummos(0),ensalada(0),',NULL,0,150,90),(870,'2017-10-11 15:58:12',359,59,'agua',11,'bebidas',1,NULL,NULL,0,20,67),(871,'2017-10-11 15:58:12',359,59,'agua',11,'bebidas',1,NULL,NULL,0,20,67),(872,'2017-10-11 16:01:24',360,23,'milanesa',1,'Desayunos',1,'arroz(0),ensalada(0),',NULL,0,150,9),(873,'2017-10-11 16:09:02',361,181,'sandwich carne',19,'Sandwiches carnes',1,'pechuga de pollo (0),pan bagget(0),hummos(0),ensalada(0),',NULL,0,150,91),(874,'2017-10-11 16:09:02',361,181,'sandwich carne',19,'Sandwiches carnes',1,'pechuga de pollo (0),pan bagget(0),hummos(0),ensalada(0),',NULL,0,150,91),(875,'2017-10-11 16:09:02',361,181,'sandwich carne',19,'Sandwiches carnes',1,'pechuga de pollo (0),pan bagget(0),hummos(0),ensalada(0),',NULL,0,150,91),(876,'2017-10-11 16:09:02',361,181,'sandwich carne',19,'Sandwiches carnes',1,'pechuga de pollo (0),hummos(0),ensalada(0),',NULL,0,150,91),(877,'2017-10-11 16:09:02',361,88,'EXTRA',19,'Sandwiches carnes',1,NULL,NULL,0,0,91),(878,'2017-10-11 16:09:02',361,134,'KOSHER',19,'Sandwiches carnes',1,NULL,NULL,0,50,91),(879,'2017-10-11 16:09:02',361,134,'KOSHER',19,'Sandwiches carnes',1,NULL,NULL,0,50,91),(880,'2017-10-11 16:09:02',361,134,'KOSHER',19,'Sandwiches carnes',1,NULL,NULL,0,50,91),(881,'2017-10-11 16:09:02',361,134,'KOSHER',19,'Sandwiches carnes',1,NULL,NULL,0,50,91),(882,'2017-10-11 16:31:24',362,48,'hummos de la casa',9,'Hummos',1,NULL,NULL,0,120,90),(883,'2017-10-11 17:22:10',363,166,'shampo',16,'Vetrina',1,NULL,NULL,0,80,54),(884,'2017-10-11 17:36:52',364,184,'holiday',17,'cena especial',1,NULL,NULL,0,200,52),(885,'2017-10-11 17:37:00',365,184,'holiday',17,'cena especial',1,NULL,NULL,0,200,54),(886,'2017-10-11 17:37:06',366,184,'holiday',17,'cena especial',1,NULL,NULL,0,200,53),(887,'2017-10-11 17:37:33',367,184,'holiday',17,'cena especial',1,NULL,NULL,0,200,88),(888,'2017-10-11 17:37:42',368,184,'holiday',17,'cena especial',1,NULL,NULL,0,200,89),(889,'2017-10-11 17:38:16',369,184,'holiday',17,'cena especial',1,NULL,NULL,0,200,77),(890,'2017-10-11 17:38:28',370,184,'holiday',17,'cena especial',1,NULL,NULL,0,200,78),(891,'2017-10-11 17:39:00',371,184,'holiday',17,'cena especial',1,NULL,NULL,0,200,56),(892,'2017-10-11 17:48:20',372,181,'sandwich carne',19,'Sandwiches carnes',1,'milanesa(0),pan bagget(0),picnte(0),catsop(0),EXTRA(0),',NULL,0,150,18),(893,'2017-10-11 17:48:20',372,134,'KOSHER',1,'Desayunos',1,NULL,NULL,0,50,18),(894,'2017-10-11 17:56:23',373,135,'cigarros',16,'Vetrina',1,NULL,NULL,0,65,64),(895,'2017-10-11 17:56:23',373,135,'cigarros',16,'Vetrina',1,NULL,NULL,0,65,64),(896,'2017-10-11 18:04:57',374,38,'salteado de verduras / mukpatz',7,'Especiales de la casa',1,'arroz(0),',NULL,0,150,19),(897,'2017-10-11 18:12:29',375,63,'jugos en botalla',11,'bebidas',1,NULL,NULL,0,35,88),(898,'2017-10-11 19:19:27',376,181,'sandwich carne',19,'Sandwiches carnes',1,'milanesa(0),pan bagget(0),hummos(0),ensalada(0),papas a la francesa(30),',NULL,0,180,67),(899,'2017-10-11 19:19:27',376,64,'te helado',11,'bebidas',1,NULL,NULL,0,35,67),(900,'2017-10-11 19:54:18',377,63,'jugos en botalla',11,'bebidas',1,NULL,NULL,0,35,26),(901,'2017-10-11 19:54:36',378,64,'te helado',11,'bebidas',1,NULL,NULL,0,35,67),(902,'2017-10-11 20:34:17',379,64,'te helado',11,'bebidas',1,NULL,NULL,0,35,67),(903,'2017-10-11 20:34:17',379,64,'te helado',11,'bebidas',1,NULL,NULL,0,35,67),(904,'2017-10-11 21:12:34',380,50,'hummos champinones y cebolla',9,'Hummos',1,NULL,NULL,0,150,1),(905,'2017-10-11 21:12:34',380,52,'hummos carne',9,'Hummos',1,NULL,NULL,0,180,1),(906,'2017-10-11 21:53:06',381,59,'agua',11,'bebidas',1,NULL,NULL,0,20,77),(907,'2017-10-11 21:54:24',382,85,'redbull',1,'Desayunos',1,NULL,NULL,0,50,52),(908,'2017-10-11 22:14:15',383,74,'vaso de smirnoff con redbull',14,'Vodkas',1,NULL,NULL,0,120,52),(909,'2017-10-11 22:17:52',384,32,'Plato falfel',7,'Especiales de la casa',1,'falfel(0),hummos chico(0),ensalada(0),pan pita(0),',NULL,0,120,1),(910,'2017-10-11 22:20:59',385,74,'vaso de smirnoff con redbull',14,'Vodkas',1,NULL,NULL,0,120,52),(911,'2017-10-11 22:21:36',386,74,'vaso de smirnoff con redbull',14,'Vodkas',1,NULL,NULL,0,120,56),(912,'2017-10-11 22:48:59',387,74,'vaso de smirnoff con redbull',14,'Vodkas',1,NULL,NULL,0,120,54),(913,'2017-10-11 22:57:39',388,71,'corona',13,'Cerveza',1,NULL,NULL,0,40,89),(914,'2017-10-11 23:03:46',389,74,'vaso de smirnoff con redbull',14,'Vodkas',1,NULL,NULL,0,120,52),(915,'2017-10-11 23:03:46',389,-1,'Other',0,NULL,1,NULL,'vaso de smirnof con sprite',0,100,52),(916,'2017-10-11 23:03:46',389,80,'shot taquilla',14,'Vodkas',1,NULL,NULL,0,80,52),(917,'2017-10-11 23:07:01',390,71,'corona',13,'Cerveza',1,NULL,NULL,0,40,89),(918,'2017-10-11 23:19:29',391,72,'Heineken ',13,'Cerveza',1,NULL,NULL,0,50,91),(919,'2017-10-11 23:19:41',392,71,'corona',13,'Cerveza',1,NULL,NULL,0,40,90),(920,'2017-10-11 23:27:49',393,59,'agua',11,'bebidas',1,NULL,NULL,0,20,91),(921,'2017-10-11 23:29:05',394,74,'vaso de smirnoff con redbull',14,'Vodkas',1,NULL,NULL,0,120,52),(922,'2017-10-11 23:36:44',395,153,'helado',16,'Vetrina',1,NULL,NULL,0,40,1),(923,'2017-10-11 23:37:32',396,59,'agua',11,'bebidas',1,NULL,NULL,0,20,1),(924,'2017-10-11 23:39:30',397,64,'te helado',11,'bebidas',1,NULL,NULL,0,35,92),(925,'2017-10-12 00:23:45',398,62,'gaseosa',11,'bebidas',1,NULL,NULL,0,30,90),(926,'2017-10-12 00:23:53',399,62,'gaseosa',11,'bebidas',1,NULL,NULL,0,30,91),(927,'2017-10-12 00:24:01',400,62,'gaseosa',11,'bebidas',1,NULL,NULL,0,30,93),(928,'2017-10-12 00:24:09',401,62,'gaseosa',11,'bebidas',1,NULL,NULL,0,30,92),(929,'2017-10-12 00:30:28',402,74,'vaso de smirnoff con redbull',14,'Vodkas',1,NULL,NULL,0,120,52),(930,'2017-10-12 00:30:28',402,-1,'Other',0,NULL,1,NULL,'vaso smirnor sprit',0,100,52),(931,'2017-10-12 00:40:58',403,64,'te helado',11,'bebidas',1,NULL,NULL,0,35,1),(932,'2017-10-12 01:39:16',404,135,'cigarros',16,'Vetrina',1,NULL,NULL,0,65,19),(933,'2017-10-12 01:45:57',405,55,'tostada de nutella',10,'Postres',1,NULL,NULL,0,100,89),(934,'2017-10-12 01:59:22',406,59,'agua',11,'bebidas',1,NULL,NULL,0,20,89),(935,'2017-10-12 02:01:40',407,74,'vaso de smirnoff con redbull',14,'Vodkas',1,NULL,NULL,0,120,56),(936,'2017-10-12 03:27:16',408,21,'tostada de atun',5,'Tostadas',1,' pan bimbo(0),salsa pizza(0),atun(0),','TOMATE Y CHILE JALAPE;O APARTE',0,120,56),(937,'2017-10-12 07:12:34',409,6,'shakshuka',1,'Desayunos',1,NULL,NULL,0,120,90),(938,'2017-10-12 07:12:49',410,6,'shakshuka',1,'Desayunos',1,NULL,NULL,0,120,92),(939,'2017-10-12 07:13:06',411,6,'shakshuka',1,'Desayunos',1,NULL,NULL,0,120,91),(940,'2017-10-12 07:13:23',412,6,'shakshuka',1,'Desayunos',1,NULL,NULL,0,120,93),(941,'2017-10-12 07:13:51',413,59,'agua',11,'bebidas',1,NULL,NULL,0,20,89),(942,'2017-10-12 07:15:46',414,48,'hummos de la casa',9,'Hummos',1,NULL,NULL,0,120,90),(943,'2017-10-12 07:26:27',415,68,'nescafe',12,'Bebidas caliente',1,NULL,NULL,0,30,90),(944,'2017-10-12 07:26:59',416,68,'nescafe',12,'Bebidas caliente',1,NULL,NULL,0,30,90),(945,'2017-10-12 07:26:59',416,68,'nescafe',12,'Bebidas caliente',1,NULL,NULL,0,30,90),(946,'2017-10-12 07:26:59',416,68,'nescafe',12,'Bebidas caliente',1,NULL,NULL,0,30,90),(947,'2017-10-12 08:10:37',417,71,'corona',13,'Cerveza',1,NULL,NULL,0,40,90),(948,'2017-10-12 08:10:37',417,71,'corona',13,'Cerveza',1,NULL,NULL,0,40,90),(949,'2017-10-12 08:10:37',417,71,'corona',13,'Cerveza',1,NULL,NULL,0,40,90),(950,'2017-10-12 08:10:37',417,71,'corona',13,'Cerveza',1,NULL,NULL,0,40,90),(951,'2017-10-12 08:50:34',418,71,'corona',13,'Cerveza',1,NULL,NULL,0,40,90),(952,'2017-10-12 08:50:34',418,71,'corona',13,'Cerveza',1,NULL,NULL,0,40,90),(953,'2017-10-12 08:50:34',418,71,'corona',13,'Cerveza',1,NULL,NULL,0,40,90),(954,'2017-10-12 08:50:34',418,71,'corona',13,'Cerveza',1,NULL,NULL,0,40,90),(955,'2017-10-12 11:52:20',419,6,'shakshuka',1,'Desayunos',1,NULL,NULL,0,120,88),(956,'2017-10-12 11:52:57',420,31,'falfel pita',7,'Especiales de la casa',1,'pan pita(0),',NULL,0,100,89),(957,'2017-10-12 11:56:54',421,6,'shakshuka',1,'Desayunos',1,NULL,'PICANTE',0,120,77),(958,'2017-10-12 11:57:54',422,33,'malawah',7,'Especiales de la casa',1,'salsa de tomate(0),huevo doro(0),',NULL,0,120,78),(959,'2017-10-12 12:06:06',423,64,'te helado',11,'bebidas',1,NULL,NULL,0,35,77),(960,'2017-10-12 12:07:02',424,18,'ensalada de pollo',4,'Ensalada',1,NULL,NULL,0,150,94),(961,'2017-10-12 12:08:19',425,6,'shakshuka',1,'Desayunos',1,NULL,NULL,0,120,56),(962,'2017-10-12 12:08:19',425,6,'shakshuka',1,'Desayunos',1,NULL,NULL,0,120,56),(963,'2017-10-12 12:08:19',425,19,'tostada de queso',5,'Tostadas',1,' pan bimbo(0),salsa pizza(0),queso(0),',NULL,0,100,56),(964,'2017-10-12 12:08:19',425,88,'EXTRA',5,'Tostadas',1,NULL,NULL,0,0,56),(965,'2017-10-12 12:08:19',425,96,'atun',5,'Tostadas',1,NULL,NULL,0,15,56),(966,'2017-10-12 12:08:19',425,97,'huevo doro',5,'Tostadas',1,NULL,NULL,0,15,56),(967,'2017-10-12 12:15:20',426,59,'agua',11,'bebidas',1,NULL,NULL,0,20,88),(968,'2017-10-12 12:20:21',427,63,'jugos en botalla',11,'bebidas',1,NULL,NULL,0,35,52),(969,'2017-10-12 12:20:21',427,63,'jugos en botalla',11,'bebidas',1,NULL,NULL,0,35,52),(970,'2017-10-12 12:20:21',427,135,'cigarros',16,'Vetrina',1,NULL,NULL,0,65,52),(971,'2017-10-12 12:28:43',428,135,'cigarros',16,'Vetrina',1,NULL,NULL,0,65,25),(972,'2017-10-12 16:05:22',429,65,'jugo natural en agua',11,'bebidas',1,'fresa(0),banana(0),',NULL,0,50,23),(973,'2017-10-12 16:05:22',429,65,'jugo natural en agua',11,'bebidas',1,'fresa(0),banana(0),',NULL,0,50,23),(974,'2017-10-12 16:33:08',430,23,'milanesa',1,'Desayunos',1,'arroz(0),ensalada(0),','CON TAHINI',0,150,9),(975,'2017-10-12 16:43:44',431,3,'Desayuno de la casa',1,'Desayunos',1,NULL,'de sineir',0,100,67),(976,'2017-10-12 16:43:44',431,23,'milanesa',6,'Comidas',1,'arroz(0),ensalada(0),',NULL,0,150,67),(977,'2017-10-12 16:43:44',431,64,'te helado',11,'bebidas',1,NULL,NULL,0,35,67),(978,'2017-10-12 16:43:44',431,64,'te helado',11,'bebidas',1,NULL,NULL,0,35,67),(979,'2017-10-12 16:43:44',431,64,'te helado',11,'bebidas',1,NULL,NULL,0,35,67),(980,'2017-10-12 16:43:44',431,64,'te helado',11,'bebidas',1,NULL,NULL,0,35,67),(981,'2017-10-12 16:43:44',431,59,'agua',11,'bebidas',1,NULL,NULL,0,20,67),(982,'2017-10-12 16:43:44',431,59,'agua',11,'bebidas',1,NULL,NULL,0,20,67),(983,'2017-10-12 16:43:44',431,59,'agua',11,'bebidas',1,NULL,NULL,0,20,67),(984,'2017-10-12 16:43:44',431,59,'agua',11,'bebidas',1,NULL,NULL,0,20,67),(985,'2017-10-12 16:57:52',432,181,'sandwich carne',19,'Sandwiches carnes',1,'pechuga de pollo (0),pan bagget(0),hummos(0),ensalada(0),',NULL,0,150,90),(986,'2017-10-12 16:57:52',432,88,'EXTRA',19,'Sandwiches carnes',1,NULL,NULL,0,0,90),(987,'2017-10-12 16:57:52',432,134,'KOSHER',19,'Sandwiches carnes',1,NULL,NULL,0,50,90),(988,'2017-10-12 16:57:52',432,181,'sandwich carne',19,'Sandwiches carnes',1,'pechuga de pollo (0),pan bagget(0),hummos(0),ensalada(0),',NULL,0,150,90),(989,'2017-10-12 16:57:52',432,88,'EXTRA',19,'Sandwiches carnes',1,NULL,NULL,0,0,90),(990,'2017-10-12 16:57:52',432,134,'KOSHER',19,'Sandwiches carnes',1,NULL,NULL,0,50,90),(991,'2017-10-12 16:57:52',432,181,'sandwich carne',19,'Sandwiches carnes',1,'pechuga de pollo (0),pan bagget(0),hummos(0),ensalada(0),',NULL,0,150,90),(992,'2017-10-12 16:57:52',432,88,'EXTRA',19,'Sandwiches carnes',1,NULL,NULL,0,0,90),(993,'2017-10-12 16:57:52',432,134,'KOSHER',19,'Sandwiches carnes',1,NULL,NULL,0,50,90),(994,'2017-10-12 16:57:52',432,181,'sandwich carne',19,'Sandwiches carnes',1,'pechuga de pollo (0),pan bagget(0),hummos(0),ensalada(0),',NULL,0,150,90),(995,'2017-10-12 16:57:52',432,88,'EXTRA',19,'Sandwiches carnes',1,NULL,NULL,0,0,90),(996,'2017-10-12 16:57:52',432,134,'KOSHER',19,'Sandwiches carnes',1,NULL,NULL,0,50,90),(997,'2017-10-12 16:57:52',432,48,'hummos de la casa',9,'Hummos',1,NULL,NULL,0,120,90),(998,'2017-10-12 17:23:07',433,74,'vaso de smirnoff con redbull',14,'Vodkas',1,NULL,NULL,0,120,94),(999,'2017-10-12 17:27:58',434,72,'Heineken ',13,'Cerveza',1,NULL,NULL,0,50,95),(1000,'2017-10-12 17:31:17',435,5,'desayuno frances',1,'Desayunos',1,NULL,NULL,0,120,1),(1001,'2017-10-12 17:31:17',435,36,'burekas',1,'Desayunos',1,'queso(0),huevo doro(0),salsa de tomate(0),EXTRA EN LA BUREKAS(10),tomate(0),cebolla(0),maiz(0),champinones(0),',NULL,0,150,1),(1002,'2017-10-12 17:31:17',435,62,'gaseosa',11,'bebidas',1,NULL,NULL,0,30,1),(1003,'2017-10-12 17:31:17',435,59,'agua',11,'bebidas',1,NULL,NULL,0,20,1),(1004,'2017-10-12 17:32:03',436,166,'shampo',1,'Desayunos',1,NULL,NULL,0,80,1),(1005,'2017-10-12 17:33:39',437,181,'sandwich carne',19,'Sandwiches carnes',1,'milanesa(0),pan bagget(0),picnte(0),mayonesa(0),ensalada(0),',NULL,0,150,1),(1006,'2017-10-12 17:33:39',437,88,'EXTRA',19,'Sandwiches carnes',1,NULL,NULL,0,0,1),(1007,'2017-10-12 17:33:39',437,134,'KOSHER',19,'Sandwiches carnes',1,NULL,NULL,0,50,1),(1008,'2017-10-12 17:33:39',437,181,'sandwich carne',19,'Sandwiches carnes',1,'milanesa(0),pan bagget(0),hummos(0),picnte(0),ensalada(0),','CON PEREJEL',0,150,1),(1009,'2017-10-12 17:33:39',437,88,'EXTRA',19,'Sandwiches carnes',1,NULL,NULL,0,0,1),(1010,'2017-10-12 17:33:39',437,134,'KOSHER',19,'Sandwiches carnes',1,NULL,NULL,0,50,1),(1011,'2017-10-12 17:33:53',438,135,'cigarros',16,'Vetrina',1,NULL,NULL,0,65,1),(1012,'2017-10-12 17:45:05',439,135,'cigarros',16,'Vetrina',1,NULL,NULL,0,65,64),(1013,'2017-10-12 17:45:05',439,155,'kinder bueno',16,'Vetrina',1,NULL,NULL,0,35,64),(1014,'2017-10-12 17:45:05',439,166,'shampo',16,'Vetrina',1,NULL,NULL,0,80,64),(1015,'2017-10-12 18:27:20',440,23,'milanesa',6,'Comidas',1,'arroz(0),ensalada(0),',NULL,0,150,1),(1016,'2017-10-12 18:27:20',440,23,'milanesa',6,'Comidas',1,'arroz(0),ensalada(0),',NULL,0,150,1),(1017,'2017-10-12 18:36:05',441,71,'corona',13,'Cerveza',1,NULL,NULL,0,40,1),(1018,'2017-10-12 18:36:05',441,71,'corona',13,'Cerveza',1,NULL,NULL,0,40,1),(1019,'2017-10-12 18:38:11',442,153,'helado',15,'Extras',1,NULL,NULL,0,40,94),(1020,'2017-10-12 18:53:19',443,-1,'Other',0,NULL,1,NULL,'סגירת קופה לילה 11.10',0,1000,1),(1021,'2017-10-12 19:20:30',444,51,'hummos falfel',9,'Hummos',1,NULL,'tahina',0,150,65),(1022,'2017-10-12 19:20:30',444,62,'gaseosa',11,'bebidas',1,NULL,NULL,0,30,65),(1023,'2017-10-12 19:22:37',445,27,'salmon a la plancha',6,'Comidas',1,'pure de papa(0),ensalada(0),',NULL,0,200,60),(1024,'2017-10-12 19:22:37',445,59,'agua',11,'bebidas',1,NULL,NULL,0,20,60),(1025,'2017-10-12 19:50:20',446,23,'milanesa',6,'Comidas',1,'papas a la francesa(0),',NULL,0,150,1),(1026,'2017-10-12 19:55:11',447,59,'agua',11,'bebidas',1,NULL,NULL,0,20,90),(1027,'2017-10-12 19:55:11',447,59,'agua',11,'bebidas',1,NULL,NULL,0,20,90),(1028,'2017-10-12 19:59:20',448,20,'tostada bulgara',5,'Tostadas',1,' pan bimbo(0),',NULL,0,120,1),(1029,'2017-10-12 19:59:20',448,62,'gaseosa',11,'bebidas',1,NULL,NULL,0,30,1),(1030,'2017-10-12 20:01:01',449,55,'tostada de nutella',10,'Postres',1,NULL,NULL,0,100,60),(1031,'2017-10-12 20:05:21',450,33,'malawah',7,'Especiales de la casa',1,'rull(0),salsa de tomate(0),huevo doro(0),picnte(0),',NULL,0,120,1),(1032,'2017-10-12 20:05:21',450,23,'milanesa',6,'Comidas',1,'arroz(0),','pita',0,150,1),(1033,'2017-10-12 20:05:21',450,63,'jugos en botalla',11,'bebidas',1,NULL,NULL,0,35,1),(1034,'2017-10-12 20:16:21',451,20,'tostada bulgara',5,'Tostadas',1,' pan bimbo(0),salsa pizza(0),mayonesa(0),picnte(0),queso feta(0),tomate(0),',NULL,0,120,1),(1035,'2017-10-12 20:16:21',451,135,'cigarros',16,'Vetrina',1,NULL,NULL,0,65,1),(1036,'2017-10-12 20:16:21',451,30,'plato de papas fritas',7,'Especiales de la casa',1,NULL,NULL,0,80,1),(1037,'2017-10-12 20:18:28',452,64,'te helado',11,'bebidas',1,NULL,NULL,0,35,1),(1038,'2017-10-12 20:19:34',453,64,'te helado',11,'bebidas',1,NULL,NULL,0,35,67),(1039,'2017-10-12 20:19:34',453,64,'te helado',11,'bebidas',1,NULL,NULL,0,35,67),(1040,'2017-10-12 20:19:34',453,64,'te helado',11,'bebidas',1,NULL,NULL,0,35,67),(1041,'2017-10-12 20:19:34',453,64,'te helado',11,'bebidas',1,NULL,NULL,0,35,67),(1042,'2017-10-12 20:35:20',454,22,'pechuga de pollo  asado',6,'Comidas',1,'arroz(0),cebolla cocida(10),','kosher',0,160,96),(1043,'2017-10-12 20:35:20',454,22,'pechuga de pollo  asado',6,'Comidas',1,'pure de papa(0),cebolla cocida(10),','kosher',0,160,96),(1044,'2017-10-12 20:35:20',454,134,'KOSHER',15,'Extras',1,NULL,NULL,0,50,96),(1045,'2017-10-12 20:35:20',454,134,'KOSHER',15,'Extras',1,NULL,NULL,0,50,96),(1046,'2017-10-12 20:42:13',455,62,'gaseosa',11,'bebidas',1,NULL,NULL,0,30,1),(1047,'2017-10-12 20:49:01',456,59,'agua',11,'bebidas',1,NULL,NULL,0,20,65),(1048,'2017-10-12 20:49:01',456,59,'agua',11,'bebidas',1,NULL,NULL,0,20,65),(1049,'2017-10-12 20:50:45',457,33,'malawah',7,'Especiales de la casa',1,NULL,NULL,0,120,94),(1050,'2017-10-12 20:59:38',458,135,'cigarros',16,'Vetrina',1,NULL,NULL,0,65,19),(1051,'2017-10-12 21:03:10',459,59,'agua',11,'bebidas',1,NULL,NULL,0,20,60),(1052,'2017-10-12 21:07:15',460,135,'cigarros',16,'Vetrina',1,NULL,NULL,0,65,23),(1053,'2017-10-12 21:19:41',461,62,'gaseosa',11,'bebidas',1,NULL,NULL,0,30,94),(1054,'2017-10-12 21:37:55',462,59,'agua',11,'bebidas',1,NULL,NULL,0,20,1),(1055,'2017-10-12 21:49:58',463,23,'milanesa',6,'Comidas',1,'papas a la francesa(0),ensalada(0),',NULL,0,150,1),(1056,'2017-10-12 22:19:48',464,-1,'Other',0,NULL,1,NULL,'total',0,50,56),(1057,'2017-10-12 22:20:19',465,-1,'Other',0,NULL,1,NULL,'hielo y acondicionador',0,50,1),(1058,'2017-10-12 22:20:41',466,135,'cigarros',16,'Vetrina',1,NULL,NULL,0,65,54),(1059,'2017-10-12 22:40:06',467,64,'te helado',11,'bebidas',1,NULL,NULL,0,35,77),(1060,'2017-10-12 22:44:31',468,16,'ensalada jerusalem',4,'Ensalada',1,'pepino(0),tomate(0),cebolla(0),garbanzo caliente(0),huevo doro(0),tajini(0),aguacate(20),',NULL,0,120,104),(1061,'2017-10-12 22:44:31',468,53,'malteada de oreo',10,'Postres',1,'oreo(30),',NULL,0,110,104),(1062,'2017-10-12 22:45:09',469,16,'ensalada jerusalem',4,'Ensalada',1,'pepino(0),tomate(0),cebolla(0),garbanzo caliente(0),cilantro(0),huevo doro(0),tajini(0),aguacate(20),',NULL,0,120,105),(1063,'2017-10-12 22:46:44',470,181,'sandwich carne',19,'Sandwiches carnes',1,'milanesa(0),pan bagget(0),hummos(0),picnte(0),ensalada(0),',NULL,0,150,1),(1064,'2017-10-12 22:46:44',470,134,'KOSHER',19,'Sandwiches carnes',1,NULL,NULL,0,50,1),(1065,'2017-10-12 22:49:14',471,75,'vaso de smirnoff con jugo',14,'Vodkas',1,NULL,NULL,0,100,94),(1066,'2017-10-12 22:59:56',472,63,'jugos en botalla',11,'bebidas',1,NULL,NULL,0,35,26),(1067,'2017-10-12 23:03:39',473,62,'gaseosa',11,'bebidas',1,NULL,NULL,0,30,104),(1068,'2017-10-12 23:27:14',474,81,'botella de smirnoff',14,'Vodkas',1,NULL,NULL,600,120,64),(1069,'2017-10-12 23:27:14',474,85,'redbull',14,'Vodkas',1,NULL,NULL,50,10,64),(1070,'2017-10-12 23:27:14',474,85,'redbull',14,'Vodkas',1,NULL,NULL,50,10,64),(1071,'2017-10-12 23:27:14',474,85,'redbull',14,'Vodkas',1,NULL,NULL,50,10,64),(1072,'2017-10-12 23:27:14',474,85,'redbull',14,'Vodkas',1,NULL,NULL,50,10,64),(1073,'2017-10-12 23:27:14',474,85,'redbull',14,'Vodkas',1,NULL,NULL,50,10,64),(1074,'2017-10-12 23:27:14',474,85,'redbull',14,'Vodkas',1,NULL,NULL,50,10,64),(1075,'2017-10-12 23:29:16',479,19,'tostada de queso',5,'Tostadas',1,' pan bimbo(0),salsa pizza(0),aceitunas verde(0),',NULL,0,100,100),(1076,'2017-10-12 23:29:16',479,14,'ensalada griega',4,'Ensalada',1,NULL,NULL,0,100,100),(1077,'2017-10-12 23:29:16',479,62,'gaseosa',11,'bebidas',1,NULL,NULL,0,30,100),(1078,'2017-10-12 23:29:16',479,62,'gaseosa',11,'bebidas',1,NULL,NULL,0,30,100),(1079,'2017-10-12 23:29:16',479,62,'gaseosa',11,'bebidas',1,NULL,NULL,0,30,100),(1080,'2017-10-12 23:31:46',480,33,'malawah',7,'Especiales de la casa',1,NULL,'todo para jever',0,120,1),(1081,'2017-10-12 23:31:46',480,33,'malawah',7,'Especiales de la casa',1,NULL,'todo para jever',0,120,1),(1082,'2017-10-12 23:31:46',480,33,'malawah',7,'Especiales de la casa',1,NULL,'todo para jever',0,120,1),(1083,'2017-10-12 23:31:46',480,24,'parguit',6,'Comidas',1,'arroz(0),KOSHER(50),','todo para jever',0,200,1),(1084,'2017-10-12 23:31:46',480,24,'parguit',6,'Comidas',1,'arroz(0),KOSHER(50),','todo para jever',0,200,1),(1085,'2017-10-12 23:31:46',480,38,'salteado de verduras / mukpatz',7,'Especiales de la casa',1,'pasta(0),picnte(0),','todo para jever',0,150,1),(1086,'2017-10-12 23:31:46',480,50,'hummos champinones y cebolla',9,'Hummos',1,NULL,'todo para jever',0,150,1),(1087,'2017-10-12 23:46:29',481,59,'agua',11,'bebidas',1,NULL,NULL,0,20,91),(1088,'2017-10-12 23:50:12',482,74,'vaso de smirnoff con redbull',14,'Vodkas',1,NULL,NULL,0,120,23),(1089,'2017-10-12 23:50:12',482,74,'vaso de smirnoff con redbull',14,'Vodkas',1,NULL,NULL,0,120,23),(1090,'2017-10-12 23:50:49',483,71,'corona',13,'Cerveza',1,NULL,NULL,0,40,23),(1091,'2017-10-12 23:52:44',484,59,'agua',11,'bebidas',1,NULL,NULL,0,20,94),(1092,'2017-10-12 23:58:54',485,72,'Heineken ',13,'Cerveza',1,NULL,NULL,0,50,93),(1093,'2017-10-13 00:14:56',486,72,'Heineken ',13,'Cerveza',1,NULL,NULL,0,50,91),(1094,'2017-10-13 00:18:26',487,135,'cigarros',16,'Vetrina',1,NULL,NULL,0,65,1),(1095,'2017-10-13 00:18:26',487,59,'agua',11,'bebidas',1,NULL,NULL,0,20,1),(1096,'2017-10-13 00:21:24',488,59,'agua',11,'bebidas',1,NULL,NULL,0,20,94),(1097,'2017-10-13 00:39:15',489,59,'agua',11,'bebidas',1,NULL,NULL,0,20,94),(1098,'2017-10-13 00:44:08',490,72,'Heineken ',13,'Cerveza',1,NULL,NULL,0,50,93),(1099,'2017-10-13 00:58:41',491,3,'Desayuno de la casa',1,'Desayunos',1,'huevos homelet(0),pan pita(0),','con arroz',0,100,32),(1100,'2017-10-13 00:58:41',491,63,'jugos en botalla',11,'bebidas',1,NULL,NULL,0,35,32),(1101,'2017-10-13 01:06:21',492,59,'agua',11,'bebidas',1,NULL,NULL,0,20,97),(1102,'2017-10-13 01:12:57',493,74,'vaso de smirnoff con redbull',14,'Vodkas',1,NULL,NULL,0,120,52),(1103,'2017-10-13 01:12:57',493,74,'vaso de smirnoff con redbull',14,'Vodkas',1,NULL,NULL,0,120,52),(1104,'2017-10-13 01:13:54',494,67,'te',12,'Bebidas caliente',1,NULL,NULL,0,20,32),(1105,'2017-10-13 01:14:09',495,67,'te',12,'Bebidas caliente',1,NULL,NULL,0,20,33),(1106,'2017-10-13 01:18:12',496,74,'vaso de smirnoff con redbull',14,'Vodkas',1,NULL,NULL,0,120,9),(1107,'2017-10-13 01:28:55',497,72,'Heineken ',13,'Cerveza',1,NULL,NULL,0,50,93),(1108,'2017-10-13 01:29:12',498,85,'redbull',14,'Vodkas',1,NULL,NULL,0,50,95),(1109,'2017-10-13 01:34:49',499,85,'redbull',14,'Vodkas',1,NULL,NULL,0,50,52),(1110,'2017-10-13 01:37:31',500,59,'agua',11,'bebidas',1,NULL,NULL,0,20,56),(1111,'2017-10-13 01:45:06',501,135,'cigarros',16,'Vetrina',1,NULL,NULL,0,65,23),(1112,'2017-10-13 02:13:56',502,62,'gaseosa',11,'bebidas',1,NULL,NULL,0,30,99),(1113,'2017-10-13 03:31:51',503,20,'tostada bulgara',5,'Tostadas',1,' pan bimbo(0),salsa pizza(0),queso feta(0),tomate(0),',NULL,0,120,95),(1114,'2017-10-13 03:47:17',504,59,'agua',11,'bebidas',1,NULL,NULL,0,20,96),(1115,'2017-10-13 03:47:32',505,59,'agua',11,'bebidas',1,NULL,NULL,0,20,54),(1116,'2017-10-13 03:52:09',506,31,'falfel pita',1,'Desayunos',1,'pan pita(0),hummos(0),ensalada(0),',NULL,0,100,95),(1117,'2017-10-13 03:52:09',506,59,'agua',11,'bebidas',1,NULL,NULL,0,20,95),(1118,'2017-10-13 03:54:30',507,65,'jugo natural en agua',11,'bebidas',1,'pine(0),',NULL,0,50,104),(1119,'2017-10-13 03:54:48',508,65,'jugo natural en agua',11,'bebidas',1,'pine(0),',NULL,0,50,105),(1120,'2017-10-13 03:58:15',509,18,'ensalada de pollo',4,'Ensalada',1,NULL,NULL,0,150,90),(1121,'2017-10-13 04:03:00',510,71,'corona',13,'Cerveza',1,NULL,NULL,0,40,64),(1122,'2017-10-13 04:06:04',511,59,'agua',11,'bebidas',1,NULL,NULL,0,20,93),(1123,'2017-10-13 04:06:04',511,72,'Heineken ',13,'Cerveza',1,NULL,NULL,0,50,93),(1124,'2017-10-13 04:20:31',512,30,'plato de papas fritas',1,'Desayunos',1,NULL,NULL,0,80,96),(1125,'2017-10-13 04:20:31',512,75,'vaso de smirnoff con jugo',14,'Vodkas',1,NULL,NULL,0,100,96),(1126,'2017-10-13 04:24:15',513,71,'corona',13,'Cerveza',1,NULL,NULL,0,40,1),(1127,'2017-10-13 04:29:57',514,181,'sandwich carne',19,'Sandwiches carnes',1,'pargit(0),pan bagget(0),hummos(0),picnte(0),ensalada(0),',NULL,0,150,91),(1128,'2017-10-13 04:29:57',514,134,'KOSHER',19,'Sandwiches carnes',1,NULL,NULL,0,50,91),(1129,'2017-10-13 04:30:37',515,181,'sandwich carne',19,'Sandwiches carnes',1,'pargit(0),pan bagget(0),hummos(0),picnte(0),ensalada(0),',NULL,0,150,92),(1130,'2017-10-13 04:30:37',515,134,'KOSHER',19,'Sandwiches carnes',1,NULL,NULL,0,50,92),(1131,'2017-10-13 04:38:22',516,181,'sandwich carne',19,'Sandwiches carnes',1,'milanesa(0),pan pita(0),hummos(0),picnte(0),papas a la francesa(30),',NULL,0,180,53),(1132,'2017-10-13 04:41:02',517,135,'cigarros',16,'Vetrina',1,NULL,NULL,0,65,1),(1133,'2017-10-13 04:53:19',518,59,'agua',11,'bebidas',1,NULL,NULL,0,20,60),(1134,'2017-10-13 04:53:39',519,71,'corona',13,'Cerveza',1,NULL,NULL,0,40,56),(1135,'2017-10-13 04:58:27',520,62,'gaseosa',11,'bebidas',1,NULL,NULL,0,30,53),(1136,'2017-10-13 05:03:06',521,181,'sandwich carne',19,'Sandwiches carnes',1,'pargit(0),pan bagget(0),hummos(0),picnte(0),ensalada(0),',NULL,0,150,93),(1137,'2017-10-13 05:03:06',521,134,'KOSHER',19,'Sandwiches carnes',1,NULL,NULL,0,50,93),(1138,'2017-10-13 05:05:57',522,59,'agua',11,'bebidas',1,NULL,NULL,0,20,95),(1139,'2017-10-13 05:07:22',523,135,'cigarros',16,'Vetrina',1,NULL,NULL,0,65,54),(1140,'2017-10-13 05:22:25',524,74,'vaso de smirnoff con redbull',14,'Vodkas',1,NULL,NULL,0,120,54),(1141,'2017-10-13 05:22:25',524,74,'vaso de smirnoff con redbull',14,'Vodkas',1,NULL,NULL,0,120,54),(1142,'2017-10-13 05:22:40',525,62,'gaseosa',11,'bebidas',1,NULL,NULL,0,30,93),(1143,'2017-10-13 05:36:58',526,64,'te helado',11,'bebidas',1,NULL,NULL,0,35,92),(1144,'2017-10-13 10:04:00',527,1,'cereales',1,'Desayunos',1,'zucaritas(0),',NULL,0,60,96),(1145,'2017-10-13 10:18:38',528,1,'cereales',1,'Desayunos',1,'zucaritas(0),',NULL,0,60,77),(1146,'2017-10-13 10:21:46',529,33,'malawah',7,'Especiales de la casa',1,NULL,NULL,0,120,77),(1147,'2017-10-13 10:43:17',530,-1,'Other',0,NULL,1,NULL,'2 NUCHES',0,200,89),(1148,'2017-10-13 10:43:57',531,-1,'Other',0,NULL,1,NULL,'2 NUCHES',0,200,88),(1149,'2017-10-13 10:49:17',532,68,'nescafe',12,'Bebidas caliente',1,NULL,NULL,0,30,91),(1150,'2017-10-13 10:49:17',532,68,'nescafe',12,'Bebidas caliente',1,NULL,NULL,0,30,91),(1151,'2017-10-13 10:49:17',532,68,'nescafe',12,'Bebidas caliente',1,NULL,NULL,0,30,91),(1152,'2017-10-13 11:34:30',533,181,'sandwich carne',19,'Sandwiches carnes',1,'milanesa(0),pan pita(0),hummos(0),ensalada(0),',NULL,0,150,1),(1153,'2017-10-13 11:34:30',533,31,'falfel pita',1,'Desayunos',1,'pan pita(0),hummos(0),ensalada(0),',NULL,0,100,1),(1154,'2017-10-13 11:42:31',534,10,'sandwich aguacate',3,'Sandwiches',1,'pan bagget(0),',NULL,0,120,1),(1155,'2017-10-13 11:53:24',535,31,'falfel pita',1,'Desayunos',1,'pan pita(0),hummos(0),ensalada(0),','y aparte pìcnte y tahini',0,100,94),(1156,'2017-10-13 11:53:24',535,63,'jugos en botalla',11,'bebidas',1,NULL,NULL,0,35,94),(1157,'2017-10-13 12:01:56',536,33,'malawah',7,'Especiales de la casa',1,NULL,NULL,0,120,1),(1158,'2017-10-13 12:01:56',536,62,'gaseosa',7,'Especiales de la casa',1,NULL,NULL,0,30,1),(1159,'2017-10-13 12:27:09',537,63,'jugos en botalla',11,'bebidas',1,NULL,NULL,0,35,56),(1160,'2017-10-13 12:28:44',538,4,'desayuno israeli',1,'Desayunos',1,NULL,NULL,0,120,1),(1161,'2017-10-13 12:28:44',538,62,'gaseosa',11,'bebidas',1,NULL,NULL,0,30,1),(1162,'2017-10-13 12:31:16',539,4,'desayuno israeli',1,'Desayunos',1,NULL,NULL,0,120,1),(1163,'2017-10-13 12:31:16',539,4,'desayuno israeli',1,'Desayunos',1,NULL,NULL,0,120,1),(1164,'2017-10-13 13:03:14',540,21,'tostada de atun',5,'Tostadas',1,NULL,NULL,0,120,77),(1165,'2017-10-13 13:04:30',541,59,'agua',11,'bebidas',1,NULL,NULL,0,20,90),(1166,'2017-10-13 13:04:30',541,68,'nescafe',12,'Bebidas caliente',1,NULL,NULL,0,30,90),(1167,'2017-10-13 13:13:27',542,64,'te helado',11,'bebidas',1,NULL,NULL,0,35,78),(1168,'2017-10-13 14:58:17',543,155,'kinder bueno',16,'Vetrina',1,NULL,NULL,0,35,94),(1169,'2017-10-13 15:23:25',544,8,'sandwich omelet',3,'Sandwiches',1,'pan pita(0),EN LA ENSALADA(0),tomate(0),pepino(0),',NULL,0,100,19),(1170,'2017-10-13 15:37:44',545,176,'kidosh',17,'cena especial',1,NULL,NULL,0,200,26),(1171,'2017-10-13 15:37:55',546,176,'kidosh',17,'cena especial',1,NULL,NULL,0,200,90),(1172,'2017-10-13 15:38:02',547,176,'kidosh',17,'cena especial',1,NULL,NULL,0,200,92),(1173,'2017-10-13 15:38:14',548,176,'kidosh',17,'cena especial',1,NULL,NULL,0,200,91),(1174,'2017-10-13 15:38:27',549,176,'kidosh',17,'cena especial',1,NULL,NULL,0,200,93),(1175,'2017-10-13 15:38:39',550,176,'kidosh',17,'cena especial',1,NULL,NULL,0,200,97),(1176,'2017-10-13 15:39:07',551,176,'kidosh',17,'cena especial',1,NULL,NULL,0,200,56),(1177,'2017-10-13 15:39:15',552,176,'kidosh',17,'cena especial',1,NULL,NULL,0,200,52),(1178,'2017-10-13 15:39:30',553,176,'kidosh',17,'cena especial',1,NULL,NULL,0,200,54),(1179,'2017-10-13 15:39:50',554,176,'kidosh',17,'cena especial',1,NULL,NULL,0,200,53),(1180,'2017-10-13 15:49:22',555,23,'milanesa',6,'Comidas',1,'arroz(0),ensalada(0),EXTRA(0),papas a la francesa(30),',NULL,0,180,1),(1181,'2017-10-13 15:49:22',555,59,'agua',11,'bebidas',1,NULL,NULL,0,20,1),(1182,'2017-10-13 15:49:22',555,23,'milanesa',6,'Comidas',1,'arroz(0),ensalada(0),EXTRA(0),papas a la francesa(30),',NULL,0,180,1),(1183,'2017-10-13 16:04:19',556,59,'agua',11,'bebidas',1,NULL,NULL,0,20,94),(1184,'2017-10-13 16:13:33',557,23,'milanesa',6,'Comidas',1,'arroz(0),ensalada(0),EXTRA(0),papas a la francesa(30),',NULL,0,180,1),(1185,'2017-10-13 16:17:38',558,6,'shakshuka',1,'Desayunos',1,NULL,NULL,0,120,53),(1186,'2017-10-13 16:17:38',558,6,'shakshuka',1,'Desayunos',1,NULL,NULL,0,120,53),(1187,'2017-10-13 16:17:38',558,19,'tostada de queso',1,'Desayunos',1,NULL,NULL,0,100,53),(1188,'2017-10-13 16:17:38',558,88,'EXTRA',1,'Desayunos',1,NULL,NULL,0,0,53),(1189,'2017-10-13 16:17:38',558,96,'atun',1,'Desayunos',1,NULL,NULL,0,15,53),(1190,'2017-10-13 16:17:38',558,97,'huevo doro',1,'Desayunos',1,NULL,NULL,0,15,53),(1191,'2017-10-13 16:17:38',558,-1,'Other',0,NULL,1,NULL,'comida',0,50,53),(1192,'2017-10-13 16:17:38',558,59,'agua',1,'Desayunos',1,NULL,NULL,0,20,53),(1193,'2017-10-13 16:17:38',558,71,'corona',1,'Desayunos',1,NULL,NULL,0,40,53),(1194,'2017-10-13 16:17:38',558,63,'jugos en botalla',11,'bebidas',1,NULL,NULL,0,35,53),(1195,'2017-10-13 16:22:08',559,6,'shakshuka',1,'Desayunos',1,NULL,NULL,0,120,90),(1196,'2017-10-13 16:22:08',559,6,'shakshuka',1,'Desayunos',1,NULL,NULL,0,120,90),(1197,'2017-10-13 16:22:08',559,6,'shakshuka',1,'Desayunos',1,NULL,NULL,0,120,90),(1198,'2017-10-13 16:22:08',559,6,'shakshuka',1,'Desayunos',1,NULL,NULL,0,120,90),(1199,'2017-10-13 16:22:08',559,54,'malteada de kinder bueno',10,'Postres',1,NULL,NULL,0,100,90),(1200,'2017-10-13 16:22:08',559,54,'malteada de kinder bueno',10,'Postres',1,NULL,NULL,0,100,90),(1201,'2017-10-13 16:22:08',559,53,'malteada de oreo',10,'Postres',1,NULL,NULL,0,80,90),(1202,'2017-10-13 16:22:08',559,62,'gaseosa',11,'bebidas',1,NULL,NULL,0,30,90),(1203,'2017-10-13 16:31:59',560,64,'te helado',11,'bebidas',1,NULL,NULL,0,35,95),(1204,'2017-10-13 16:56:49',561,8,'sandwich omelet',3,'Sandwiches',1,'pan pita(0),hummos(0),picnte(0),ensalada(0),',NULL,0,100,1),(1205,'2017-10-13 17:03:13',562,59,'agua',11,'bebidas',1,NULL,NULL,0,20,54),(1206,'2017-10-13 17:04:39',563,139,'filter + rizla',1,'Desayunos',1,NULL,NULL,0,90,90),(1207,'2017-10-13 17:04:39',563,143,'fuego',1,'Desayunos',1,NULL,NULL,0,20,90),(1208,'2017-10-13 17:04:39',563,143,'fuego',1,'Desayunos',1,NULL,NULL,0,20,90),(1209,'2017-10-13 17:04:39',563,143,'fuego',1,'Desayunos',1,NULL,NULL,0,20,90),(1210,'2017-10-13 17:04:39',563,143,'fuego',1,'Desayunos',1,NULL,NULL,0,20,90),(1211,'2017-10-13 17:05:31',564,30,'plato de papas fritas',7,'Especiales de la casa',1,NULL,NULL,0,80,19),(1212,'2017-10-13 17:06:00',565,30,'plato de papas fritas',7,'Especiales de la casa',1,NULL,NULL,0,80,19),(1213,'2017-10-13 17:12:27',566,22,'pechuga de pollo  asado',1,'Desayunos',1,'arroz(0),ensalada(0),','con thina',0,150,9),(1214,'2017-10-13 17:54:55',567,-1,'Other',0,NULL,1,NULL,'soda',0,20,52),(1215,'2017-10-13 18:13:21',568,59,'agua',11,'bebidas',1,NULL,NULL,0,20,96),(1216,'2017-10-13 18:46:59',569,176,'kidosh',17,'cena especial',1,NULL,NULL,0,200,94),(1217,'2017-10-13 18:54:11',570,59,'agua',11,'bebidas',1,NULL,NULL,0,20,1),(1218,'2017-10-13 19:20:20',571,135,'cigarros',16,'Vetrina',1,NULL,NULL,0,65,64),(1219,'2017-10-13 19:20:20',571,135,'cigarros',16,'Vetrina',1,NULL,NULL,0,65,64),(1220,'2017-10-13 19:20:35',572,59,'agua',11,'bebidas',1,NULL,NULL,0,20,64),(1221,'2017-10-13 19:20:35',572,62,'gaseosa',11,'bebidas',1,NULL,NULL,0,30,64),(1222,'2017-10-13 19:20:51',573,59,'agua',11,'bebidas',1,NULL,NULL,0,20,60),(1223,'2017-10-13 19:57:53',574,62,'gaseosa',11,'bebidas',1,NULL,NULL,0,30,94),(1224,'2017-10-13 19:57:53',574,155,'kinder bueno',16,'Vetrina',1,NULL,NULL,0,35,94),(1225,'2017-10-13 21:40:00',575,71,'corona',13,'Cerveza',1,NULL,NULL,0,40,90),(1226,'2017-10-13 21:40:11',576,71,'corona',13,'Cerveza',1,NULL,NULL,0,40,91),(1227,'2017-10-13 21:40:24',577,72,'Heineken ',13,'Cerveza',1,NULL,NULL,0,50,93),(1228,'2017-10-13 21:52:06',578,139,'filter + rizla',16,'Vetrina',1,NULL,NULL,0,90,108),(1229,'2017-10-13 21:52:06',578,72,'Heineken ',13,'Cerveza',1,NULL,NULL,0,50,108),(1230,'2017-10-13 22:01:10',579,59,'agua',11,'bebidas',1,NULL,NULL,0,20,94),(1231,'2017-10-13 22:09:56',580,75,'vaso de smirnoff con jugo',14,'Vodkas',1,NULL,NULL,0,100,96),(1232,'2017-10-13 22:10:10',581,75,'vaso de smirnoff con jugo',14,'Vodkas',1,NULL,NULL,0,100,97),(1233,'2017-10-13 22:23:19',582,81,'botella de smirnoff',14,'Vodkas',1,NULL,NULL,600,86,94),(1234,'2017-10-13 22:23:19',582,81,'botella de smirnoff',14,'Vodkas',1,NULL,NULL,600,86,94),(1235,'2017-10-13 22:23:19',582,85,'redbull',14,'Vodkas',1,NULL,NULL,50,7,94),(1236,'2017-10-13 22:23:19',582,85,'redbull',14,'Vodkas',1,NULL,NULL,50,7,94),(1237,'2017-10-13 22:23:19',582,85,'redbull',14,'Vodkas',1,NULL,NULL,50,7,94),(1238,'2017-10-13 22:23:19',582,85,'redbull',14,'Vodkas',1,NULL,NULL,50,7,94),(1239,'2017-10-13 22:23:19',582,85,'redbull',14,'Vodkas',1,NULL,NULL,50,7,94),(1240,'2017-10-13 22:23:19',582,85,'redbull',14,'Vodkas',1,NULL,NULL,50,7,94),(1241,'2017-10-13 22:23:19',582,85,'redbull',14,'Vodkas',1,NULL,NULL,50,7,94),(1242,'2017-10-13 22:23:19',582,85,'redbull',14,'Vodkas',1,NULL,NULL,50,7,94),(1243,'2017-10-13 22:23:19',582,85,'redbull',14,'Vodkas',1,NULL,NULL,50,7,94),(1244,'2017-10-13 22:23:19',582,85,'redbull',14,'Vodkas',1,NULL,NULL,50,7,94),(1245,'2017-10-13 22:25:35',589,-1,'Other',0,NULL,1,NULL,'cheser / evy',0,1700,94),(1246,'2017-10-13 22:32:03',590,57,'pancake',10,'Postres',1,'nutella(0),helado(0),banana(0),','salteada',0,120,1),(1247,'2017-10-13 22:33:46',591,135,'cigarros',16,'Vetrina',1,NULL,NULL,0,65,1),(1248,'2017-10-13 23:05:11',592,59,'agua',11,'bebidas',1,NULL,NULL,0,20,1),(1249,'2017-10-13 23:05:43',593,59,'agua',11,'bebidas',1,NULL,NULL,0,20,108),(1250,'2017-10-13 23:05:43',593,151,'pringels',16,'Vetrina',1,NULL,NULL,0,35,108),(1251,'2017-10-13 23:12:35',594,59,'agua',11,'bebidas',1,NULL,NULL,0,20,96),(1252,'2017-10-13 23:15:17',595,65,'jugo natural en agua',11,'bebidas',1,'mango(0),','sin azucar y sin hielo',0,50,95),(1253,'2017-10-13 23:15:39',596,75,'vaso de smirnoff con jugo',14,'Vodkas',1,NULL,NULL,0,100,96),(1256,'2017-10-13 23:29:27',599,63,'jugos en botalla',11,'bebidas',1,NULL,NULL,0,35,95),(1259,'2017-10-14 00:00:27',602,19,'tostada de queso',5,'Tostadas',1,NULL,NULL,0,100,25),(1260,'2017-10-14 00:19:27',603,153,'helado',16,'Vetrina',1,NULL,NULL,0,40,106),(1261,'2017-10-14 00:34:26',604,27,'salmon a la plancha',1,'Desayunos',1,'arroz(0),ensalada(0),',NULL,0,200,94),(1262,'2017-10-14 00:34:26',604,59,'agua',11,'bebidas',1,NULL,NULL,0,20,94),(1264,'2017-10-14 00:38:55',606,72,'Heineken ',13,'Cerveza',1,NULL,NULL,0,50,9),(1265,'2017-10-14 00:41:08',607,74,'vaso de smirnoff con redbull',14,'Vodkas',1,NULL,NULL,0,120,1),(1266,'2017-10-14 00:41:08',607,74,'vaso de smirnoff con redbull',14,'Vodkas',1,NULL,NULL,0,120,1),(1267,'2017-10-14 00:41:08',607,74,'vaso de smirnoff con redbull',14,'Vodkas',1,NULL,NULL,0,120,1),(1268,'2017-10-14 00:41:08',607,74,'vaso de smirnoff con redbull',14,'Vodkas',1,NULL,NULL,0,120,1),(1269,'2017-10-14 00:41:47',608,85,'redbull',14,'Vodkas',1,NULL,NULL,0,50,54),(1270,'2017-10-14 00:41:47',608,85,'redbull',14,'Vodkas',1,NULL,NULL,0,50,54),(1271,'2017-10-14 01:05:39',609,75,'vaso de smirnoff con jugo',14,'Vodkas',1,NULL,NULL,0,100,94),(1272,'2017-10-14 01:08:48',610,23,'milanesa',6,'Comidas',1,'arroz(0),ensalada(0),','HINA',0,150,9),(1273,'2017-10-14 01:22:48',611,72,'Heineken ',13,'Cerveza',1,NULL,NULL,0,50,9),(1274,'2017-10-14 01:25:52',612,74,'vaso de smirnoff con redbull',14,'Vodkas',1,NULL,NULL,0,120,52),(1275,'2017-10-14 01:48:50',613,59,'agua',11,'bebidas',1,NULL,NULL,0,20,100),(1276,'2017-10-14 01:48:50',613,59,'agua',11,'bebidas',1,NULL,NULL,0,20,100),(1277,'2017-10-14 01:48:50',613,74,'vaso de smirnoff con redbull',14,'Vodkas',1,NULL,NULL,0,120,100),(1278,'2017-10-14 01:59:33',614,74,'vaso de smirnoff con redbull',14,'Vodkas',1,NULL,NULL,0,120,64),(1279,'2017-10-14 01:59:50',615,74,'vaso de smirnoff con redbull',14,'Vodkas',1,NULL,NULL,0,120,65),(1280,'2017-10-14 02:17:57',616,135,'cigarros',16,'Vetrina',1,NULL,NULL,0,65,19),(1281,'2017-10-14 02:20:47',617,72,'Heineken ',13,'Cerveza',1,NULL,NULL,0,50,93),(1282,'2017-10-14 02:22:32',618,153,'helado',16,'Vetrina',1,NULL,NULL,0,40,93),(1283,'2017-10-14 02:22:55',619,153,'helado',16,'Vetrina',1,NULL,NULL,0,40,93),(1284,'2017-10-14 02:31:40',620,64,'te helado',11,'bebidas',1,NULL,NULL,0,35,92),(1285,'2017-10-14 02:40:29',621,72,'Heineken ',13,'Cerveza',1,NULL,NULL,0,50,1),(1286,'2017-10-14 02:56:26',622,62,'gaseosa',11,'bebidas',1,NULL,NULL,0,30,1),(1287,'2017-10-14 02:56:26',622,153,'helado',16,'Vetrina',1,NULL,NULL,0,40,1),(1288,'2017-10-14 03:11:24',623,80,'shot taquilla',14,'Vodkas',1,NULL,NULL,0,80,1),(1289,'2017-10-14 03:11:24',623,80,'shot taquilla',14,'Vodkas',1,NULL,NULL,0,80,1),(1290,'2017-10-14 03:11:24',623,80,'shot taquilla',14,'Vodkas',1,NULL,NULL,0,80,1),(1291,'2017-10-14 03:28:52',624,38,'salteado de verduras / mukpatz',7,'Especiales de la casa',1,'arroz(0),repollo(0),Zanahoria(0),pimenton rojo(0),hummos(0),pechoga de pollo con verdoras(0),cebolla(10),',NULL,0,160,96),(1292,'2017-10-14 03:37:28',625,74,'vaso de smirnoff con redbull',14,'Vodkas',1,NULL,NULL,0,120,64),(1293,'2017-10-14 03:37:41',626,74,'vaso de smirnoff con redbull',14,'Vodkas',1,NULL,NULL,0,120,65),(1294,'2017-10-14 03:50:38',627,135,'cigarros',16,'Vetrina',1,NULL,NULL,0,65,1),(1295,'2017-10-14 03:50:49',628,59,'agua',11,'bebidas',1,NULL,NULL,0,20,96),(1296,'2017-10-14 05:31:26',629,135,'cigarros',16,'Vetrina',1,NULL,NULL,0,65,1),(1297,'2017-10-14 05:31:26',629,135,'cigarros',16,'Vetrina',1,NULL,NULL,0,65,1),(1298,'2017-10-14 09:48:22',630,69,'cafe ',12,'Bebidas caliente',1,'cafe caliente(0),',NULL,0,30,26),(1299,'2017-10-14 09:50:07',631,59,'agua',11,'bebidas',1,NULL,NULL,0,20,60),(1300,'2017-10-14 09:51:27',632,69,'cafe ',12,'Bebidas caliente',1,'cafe caliente(0),',NULL,0,30,92),(1301,'2017-10-14 09:54:55',633,59,'agua',11,'bebidas',1,NULL,NULL,0,20,96),(1302,'2017-10-14 10:57:38',634,71,'corona',13,'Cerveza',1,NULL,NULL,0,40,109),(1303,'2017-10-14 11:15:19',635,64,'te helado',11,'bebidas',1,NULL,NULL,0,35,1),(1304,'2017-10-14 11:15:19',635,6,'shakshuka',1,'Desayunos',1,'pan pita(0),ensalada(0),hummos(10),','PICANTE, HUMOS Y TAHINI APARTE',0,130,1),(1305,'2017-10-14 11:33:02',636,6,'shakshuka',1,'Desayunos',1,'pan pita(0),ensalada(0),hummos(10),','TAHINI',0,130,1),(1306,'2017-10-14 11:33:02',636,135,'cigarros',16,'Vetrina',1,NULL,NULL,0,65,1),(1307,'2017-10-14 11:59:34',637,177,'jahnon',17,'cena especial',1,NULL,NULL,0,140,78),(1308,'2017-10-14 12:04:04',638,64,'te helado',11,'bebidas',1,NULL,NULL,0,35,78),(1309,'2017-10-14 12:10:02',639,157,'m&m',16,'Vetrina',1,NULL,NULL,0,35,78),(1310,'2017-10-14 13:16:20',640,177,'jahnon',17,'cena especial',1,NULL,NULL,0,140,95),(1311,'2017-10-14 13:26:12',641,6,'shakshuka',1,'Desayunos',1,NULL,NULL,0,120,52),(1312,'2017-10-14 13:26:12',641,33,'malawah',7,'Especiales de la casa',1,'picnte(0),',NULL,0,120,52),(1313,'2017-10-14 13:26:12',641,33,'malawah',7,'Especiales de la casa',1,'picnte(0),',NULL,0,120,52),(1314,'2017-10-14 13:26:12',641,33,'malawah',7,'Especiales de la casa',1,'picnte(0),',NULL,0,120,52),(1315,'2017-10-14 13:26:12',641,33,'malawah',7,'Especiales de la casa',1,'picnte(0),',NULL,0,120,52),(1316,'2017-10-14 13:37:24',642,59,'agua',11,'bebidas',1,NULL,NULL,0,20,65),(1317,'2017-10-14 13:44:54',643,135,'cigarros',16,'Vetrina',1,NULL,NULL,0,65,23),(1318,'2017-10-14 14:05:38',644,68,'nescafe',12,'Bebidas caliente',1,NULL,NULL,0,30,25),(1319,'2017-10-14 14:06:21',645,177,'jahnon',17,'cena especial',1,NULL,NULL,0,140,78),(1320,'2017-10-14 14:11:02',646,69,'cafe ',12,'Bebidas caliente',1,'cafe caliente(0),',NULL,0,30,104),(1321,'2017-10-14 14:11:27',647,69,'cafe ',12,'Bebidas caliente',1,'cafe caliente(0),',NULL,0,30,105),(1322,'2017-10-14 14:12:46',648,64,'te helado',11,'bebidas',1,NULL,NULL,0,35,78),(1323,'2017-10-14 14:13:27',649,155,'kinder bueno',16,'Vetrina',1,NULL,NULL,0,35,104),(1324,'2017-10-14 15:01:17',650,62,'gaseosa',11,'bebidas',1,NULL,NULL,0,30,1),(1325,'2017-10-14 15:05:53',651,23,'milanesa',6,'Comidas',1,'arroz(0),ensalada(0),',NULL,0,150,23),(1326,'2017-10-14 15:54:23',652,147,'bamba chica',16,'Vetrina',1,NULL,NULL,0,35,104),(1327,'2017-10-14 15:54:58',653,146,'bisli',16,'Vetrina',1,NULL,NULL,0,35,105),(1328,'2017-10-14 16:19:56',654,48,'hummos de la casa',9,'Hummos',1,NULL,'CON DOS PITAS',0,120,65),(1329,'2017-10-14 16:28:39',655,62,'gaseosa',11,'bebidas',1,NULL,NULL,0,30,65),(1330,'2017-10-14 17:18:51',656,59,'agua',11,'bebidas',1,NULL,NULL,0,20,109),(1331,'2017-10-14 17:23:38',657,181,'sandwich carne',19,'Sandwiches carnes',1,'milanesa(0),pan pita(0),picnte(0),mayonesa(0),ensalada(0),',NULL,0,150,1),(1332,'2017-10-14 17:23:38',657,88,'EXTRA',15,'Extras',1,NULL,NULL,0,0,1),(1333,'2017-10-14 17:23:38',657,132,'papas fritas',15,'Extras',1,NULL,NULL,0,30,1),(1334,'2017-10-14 17:49:31',658,23,'milanesa',6,'Comidas',1,NULL,'PITA',0,150,97),(1335,'2017-10-14 17:49:31',658,132,'papas fritas',15,'Extras',1,NULL,'DENTRO DE PITA',0,30,97),(1336,'2017-10-14 17:50:51',659,22,'pechuga de pollo  asado',6,'Comidas',1,'arroz(0),',NULL,0,150,96),(1337,'2017-10-14 17:54:35',660,72,'Heineken ',13,'Cerveza',1,NULL,NULL,0,50,93),(1338,'2017-10-14 18:05:47',661,23,'milanesa',6,'Comidas',1,'KOSHER(50),',NULL,0,200,93),(1339,'2017-10-14 18:06:43',662,135,'cigarros',16,'Vetrina',1,NULL,NULL,0,65,54),(1340,'2017-10-14 18:07:11',663,23,'milanesa',6,'Comidas',1,'KOSHER(50),','BAGGET',0,200,92),(1341,'2017-10-14 18:08:17',664,31,'falfel pita',7,'Especiales de la casa',1,NULL,NULL,0,100,26),(1342,'2017-10-14 18:11:39',665,23,'milanesa',6,'Comidas',1,NULL,'PITA',0,150,26),(1343,'2017-10-14 18:11:39',665,132,'papas fritas',15,'Extras',1,NULL,NULL,0,30,26),(1344,'2017-10-14 18:12:11',666,59,'agua',11,'bebidas',1,NULL,NULL,0,20,96),(1345,'2017-10-14 18:12:11',666,59,'agua',11,'bebidas',1,NULL,NULL,0,20,96),(1346,'2017-10-14 18:13:49',667,48,'hummos de la casa',9,'Hummos',1,NULL,'CHICO',0,120,23),(1347,'2017-10-14 18:20:46',668,59,'agua',11,'bebidas',1,NULL,NULL,0,20,52),(1348,'2017-10-14 18:23:51',669,23,'milanesa',6,'Comidas',1,'KOSHER(50),','PITA',0,200,90),(1349,'2017-10-14 18:23:51',669,23,'milanesa',6,'Comidas',1,'KOSHER(50),','PITA',0,200,90),(1350,'2017-10-14 18:23:51',669,23,'milanesa',6,'Comidas',1,'KOSHER(50),','BAGGET',0,200,90),(1351,'2017-10-14 18:23:51',669,132,'papas fritas',15,'Extras',1,NULL,NULL,0,30,90),(1352,'2017-10-14 18:23:51',669,132,'papas fritas',15,'Extras',1,NULL,NULL,0,30,90),(1353,'2017-10-14 18:23:51',669,132,'papas fritas',15,'Extras',1,NULL,NULL,0,30,90),(1354,'2017-10-14 18:28:28',670,132,'papas fritas',15,'Extras',1,NULL,NULL,0,30,93),(1355,'2017-10-14 18:28:46',671,62,'gaseosa',11,'bebidas',1,NULL,NULL,0,30,93),(1356,'2017-10-14 18:33:32',672,62,'gaseosa',11,'bebidas',1,NULL,NULL,0,30,65),(1357,'2017-10-14 18:33:32',672,71,'corona',13,'Cerveza',1,NULL,NULL,0,40,65),(1358,'2017-10-14 18:52:30',673,64,'te helado',11,'bebidas',1,NULL,NULL,0,35,91),(1359,'2017-10-14 18:52:54',674,64,'te helado',11,'bebidas',1,NULL,NULL,0,35,92),(1360,'2017-10-14 18:54:52',675,64,'te helado',11,'bebidas',1,NULL,NULL,0,35,90),(1361,'2017-10-14 19:05:20',676,27,'salmon a la plancha',6,'Comidas',1,'arroz(0),ensalada(0),',NULL,0,200,104),(1362,'2017-10-14 19:06:25',677,27,'salmon a la plancha',6,'Comidas',1,'papas a la francesa(0),ensalada(0),',NULL,0,200,105),(1363,'2017-10-14 19:06:25',677,54,'malteada de kinder bueno',10,'Postres',1,NULL,NULL,0,100,105),(1364,'2017-10-14 19:06:25',677,17,'ensalada guacamoli',4,'Ensalada',1,NULL,NULL,0,100,105),(1365,'2017-10-14 19:24:34',678,71,'corona',13,'Cerveza',1,NULL,NULL,0,40,109),(1366,'2017-10-14 19:24:54',679,62,'gaseosa',11,'bebidas',1,NULL,NULL,0,30,104),(1367,'2017-10-14 19:27:18',680,23,'milanesa',6,'Comidas',1,'pure de papa(0),ensalada(0),',NULL,0,150,54),(1368,'2017-10-14 20:08:56',681,181,'sandwich carne',19,'Sandwiches carnes',1,'milanesa(0),pan pita(0),hummos(0),ensalada(0),',NULL,0,150,9),(1369,'2017-10-14 20:08:56',681,32,'Plato falfel',1,'Desayunos',1,'falfel(0),pan pita(0),',NULL,0,120,9),(1370,'2017-10-14 20:08:56',681,97,'huevo doro',15,'Extras',1,NULL,NULL,0,15,9),(1371,'2017-10-14 20:09:17',682,72,'Heineken ',13,'Cerveza',1,NULL,NULL,0,50,9),(1372,'2017-10-14 20:09:17',682,71,'corona',13,'Cerveza',1,NULL,NULL,0,40,9),(1373,'2017-10-14 20:17:34',683,71,'corona',13,'Cerveza',1,NULL,NULL,0,40,91),(1374,'2017-10-14 20:17:34',683,71,'corona',13,'Cerveza',1,NULL,NULL,0,40,91),(1375,'2017-10-14 20:20:54',684,181,'sandwich carne',19,'Sandwiches carnes',1,'milanesa(0),pan bagget(0),hummos(0),ensalada(0),',NULL,0,150,33),(1376,'2017-10-14 20:20:54',684,63,'jugos en botalla',11,'bebidas',1,NULL,NULL,0,35,33),(1377,'2017-10-14 20:21:36',685,23,'milanesa',6,'Comidas',1,'pure de papa(0),ensalada(0),',NULL,0,150,32),(1378,'2017-10-14 20:21:36',685,63,'jugos en botalla',11,'bebidas',1,NULL,NULL,0,35,32),(1379,'2017-10-14 20:49:18',686,62,'gaseosa',11,'bebidas',1,NULL,NULL,0,30,32),(1380,'2017-10-14 21:10:50',687,46,'pasta alfredo',8,'pastas',1,'crema de leche(0),champinones(0),pan tostado (10),',NULL,0,150,108),(1381,'2017-10-14 21:10:50',687,54,'malteada de kinder bueno',10,'Postres',1,NULL,NULL,0,100,108),(1382,'2017-10-14 21:25:24',688,85,'redbull',14,'Vodkas',1,NULL,NULL,0,50,54),(1383,'2017-10-14 21:27:22',689,181,'sandwich carne',19,'Sandwiches carnes',1,'milanesa(0),pan bagget(0),',NULL,0,150,52),(1384,'2017-10-14 21:28:30',690,63,'jugos en botalla',11,'bebidas',1,NULL,NULL,0,35,65),(1385,'2017-10-14 21:33:02',691,31,'falfel pita',1,'Desayunos',1,'pan pita(0),hummos(0),picnte(0),ensalada(0),',NULL,0,100,110),(1386,'2017-10-14 21:36:50',692,54,'malteada de kinder bueno',10,'Postres',1,NULL,NULL,0,100,26),(1387,'2017-10-14 21:39:57',693,62,'gaseosa',11,'bebidas',1,NULL,NULL,0,30,110),(1388,'2017-10-14 21:47:04',694,181,'sandwich carne',19,'Sandwiches carnes',1,'milanesa(0),pan bagget(0),hummos(0),picnte(0),ensalada(0),',NULL,0,150,64),(1389,'2017-10-14 21:49:34',695,62,'gaseosa',11,'bebidas',1,NULL,NULL,0,30,52),(1390,'2017-10-14 22:16:47',696,59,'agua',11,'bebidas',1,NULL,NULL,0,20,33),(1391,'2017-10-14 22:23:16',697,72,'Heineken ',13,'Cerveza',1,NULL,NULL,0,50,9),(1392,'2017-10-14 22:49:42',698,23,'milanesa',6,'Comidas',1,'arroz(0),',NULL,0,150,77),(1393,'2017-10-14 22:49:42',698,23,'milanesa',6,'Comidas',1,NULL,'BAGGET',0,150,77),(1394,'2017-10-14 22:49:42',698,132,'papas fritas',15,'Extras',1,NULL,NULL,0,30,77),(1395,'2017-10-14 22:49:42',698,64,'te helado',11,'bebidas',1,NULL,NULL,0,35,77),(1396,'2017-10-14 22:49:42',698,64,'te helado',11,'bebidas',1,NULL,NULL,0,35,77),(1397,'2017-10-14 22:51:37',699,23,'milanesa',6,'Comidas',1,NULL,'PITA',0,150,109),(1398,'2017-10-14 22:53:50',700,135,'cigarros',16,'Vetrina',1,NULL,NULL,0,65,65),(1399,'2017-10-14 22:56:38',701,74,'vaso de smirnoff con redbull',14,'Vodkas',1,NULL,NULL,0,120,52),(1400,'2017-10-14 23:11:42',702,74,'vaso de smirnoff con redbull',14,'Vodkas',1,NULL,NULL,0,120,54),(1401,'2017-10-14 23:12:37',703,62,'gaseosa',11,'bebidas',1,NULL,NULL,0,30,78),(1402,'2017-10-14 23:15:52',704,74,'vaso de smirnoff con redbull',14,'Vodkas',1,NULL,NULL,0,120,64),(1403,'2017-10-14 23:20:21',705,74,'vaso de smirnoff con redbull',14,'Vodkas',1,NULL,NULL,0,120,109),(1404,'2017-10-14 23:26:27',706,83,'botella de grey goose',14,'Vodkas',1,NULL,NULL,0,1000,92),(1405,'2017-10-14 23:26:27',706,85,'redbull',14,'Vodkas',1,NULL,NULL,0,50,92),(1406,'2017-10-14 23:26:27',706,85,'redbull',14,'Vodkas',1,NULL,NULL,0,50,92),(1407,'2017-10-14 23:26:27',706,85,'redbull',14,'Vodkas',1,NULL,NULL,0,50,92),(1408,'2017-10-14 23:26:27',706,85,'redbull',14,'Vodkas',1,NULL,NULL,0,50,92),(1409,'2017-10-14 23:26:27',706,85,'redbull',14,'Vodkas',1,NULL,NULL,0,50,92),(1410,'2017-10-14 23:31:47',707,151,'pringels',16,'Vetrina',1,NULL,NULL,0,35,97),(1411,'2017-10-14 23:34:32',708,135,'cigarros',16,'Vetrina',1,NULL,NULL,0,65,77),(1412,'2017-10-14 23:35:00',709,62,'gaseosa',11,'bebidas',1,NULL,NULL,0,30,105),(1413,'2017-10-14 23:36:34',710,74,'vaso de smirnoff con redbull',14,'Vodkas',1,NULL,NULL,0,120,52),(1414,'2017-10-14 23:41:30',711,59,'agua',11,'bebidas',1,NULL,NULL,0,20,97),(1415,'2017-10-14 23:41:30',711,151,'pringels',16,'Vetrina',1,NULL,NULL,0,35,97),(1416,'2017-10-14 23:44:17',712,74,'vaso de smirnoff con redbull',14,'Vodkas',1,NULL,NULL,0,120,109),(1417,'2017-10-14 23:44:40',713,59,'agua',11,'bebidas',1,NULL,NULL,0,20,91),(1418,'2017-10-14 23:44:51',714,59,'agua',11,'bebidas',1,NULL,NULL,0,20,93),(1419,'2017-10-14 23:49:56',715,80,'shot taquilla',14,'Vodkas',1,NULL,NULL,0,80,95),(1420,'2017-10-14 23:50:10',716,80,'shot taquilla',14,'Vodkas',1,NULL,NULL,0,80,1),(1421,'2017-10-14 23:50:10',716,80,'shot taquilla',14,'Vodkas',1,NULL,NULL,0,80,1),(1422,'2017-10-15 00:13:43',717,71,'corona',13,'Cerveza',1,NULL,NULL,0,40,112),(1423,'2017-10-15 00:13:43',717,71,'corona',13,'Cerveza',1,NULL,NULL,0,40,112),(1424,'2017-10-15 00:13:43',717,71,'corona',13,'Cerveza',1,NULL,NULL,0,40,112),(1425,'2017-10-15 00:13:43',717,71,'corona',13,'Cerveza',1,NULL,NULL,0,40,112),(1426,'2017-10-15 00:13:43',717,71,'corona',13,'Cerveza',1,NULL,NULL,0,40,112),(1427,'2017-10-15 00:13:43',717,71,'corona',13,'Cerveza',1,NULL,NULL,0,40,112),(1428,'2017-10-15 00:21:57',718,-1,'Other',0,NULL,1,NULL,'TOTAL',0,672,1),(1429,'2017-10-15 00:26:07',719,74,'vaso de smirnoff con redbull',14,'Vodkas',1,NULL,NULL,0,120,64),(1430,'2017-10-15 00:26:17',720,74,'vaso de smirnoff con redbull',14,'Vodkas',1,NULL,NULL,0,120,93),(1431,'2017-10-15 00:29:51',721,135,'cigarros',16,'Vetrina',1,NULL,NULL,0,65,19),(1432,'2017-10-15 00:55:53',722,74,'vaso de smirnoff con redbull',14,'Vodkas',1,NULL,NULL,0,120,90),(1433,'2017-10-15 00:57:45',723,74,'vaso de smirnoff con redbull',14,'Vodkas',1,NULL,NULL,0,120,52),(1434,'2017-10-15 01:25:09',724,71,'corona',13,'Cerveza',1,NULL,NULL,0,40,91),(1435,'2017-10-15 01:29:26',725,59,'agua',11,'bebidas',1,NULL,NULL,0,20,107),(1436,'2017-10-15 01:29:42',726,74,'vaso de smirnoff con redbull',14,'Vodkas',1,NULL,NULL,0,120,64),(1437,'2017-10-15 01:29:55',727,74,'vaso de smirnoff con redbull',14,'Vodkas',1,NULL,NULL,0,120,90),(1438,'2017-10-15 01:35:50',728,135,'cigarros',16,'Vetrina',1,NULL,NULL,0,65,54),(1439,'2017-10-15 02:18:41',729,63,'jugos en botalla',11,'bebidas',1,NULL,NULL,0,35,65),(1440,'2017-10-15 03:10:05',730,135,'cigarros',16,'Vetrina',1,NULL,NULL,0,65,1),(1441,'2017-10-15 03:10:05',730,71,'corona',13,'Cerveza',1,NULL,NULL,0,40,1),(1442,'2017-10-15 03:10:05',730,71,'corona',13,'Cerveza',1,NULL,NULL,0,40,1),(1443,'2017-10-15 03:10:05',730,71,'corona',13,'Cerveza',1,NULL,NULL,0,40,1),(1444,'2017-10-15 03:44:27',731,181,'sandwich carne',19,'Sandwiches carnes',1,'milanesa(0),pan bagget(0),hummos(0),picnte(0),ensalada(0),papas a la francesa(30),',NULL,0,180,92),(1445,'2017-10-15 03:44:27',731,134,'KOSHER',19,'Sandwiches carnes',1,NULL,NULL,0,50,92),(1446,'2017-10-15 03:45:27',732,181,'sandwich carne',19,'Sandwiches carnes',1,'milanesa(0),pan bagget(0),hummos(0),picnte(0),ensalada(0),papas a la francesa(30),',NULL,0,180,90),(1447,'2017-10-15 03:45:27',732,134,'KOSHER',19,'Sandwiches carnes',1,NULL,NULL,0,50,90),(1448,'2017-10-15 03:47:13',733,23,'milanesa',6,'Comidas',1,'papas a la francesa(0),ensalada(0),KOSHER(50),',NULL,0,200,110),(1449,'2017-10-15 03:48:44',734,74,'vaso de smirnoff con redbull',14,'Vodkas',1,NULL,NULL,0,120,54),(1450,'2017-10-15 03:54:23',735,51,'hummos falfel',9,'Hummos',1,NULL,NULL,0,150,96),(1451,'2017-10-15 03:55:54',736,71,'corona',13,'Cerveza',1,NULL,NULL,0,40,64),(1452,'2017-10-15 03:59:43',737,6,'shakshuka',1,'Desayunos',1,'pan pita(0),ensalada(0),',NULL,0,120,95),(1453,'2017-10-15 04:03:01',738,153,'helado',16,'Vetrina',1,NULL,NULL,0,40,1),(1454,'2017-10-15 04:03:01',738,153,'helado',16,'Vetrina',1,NULL,NULL,0,40,1),(1455,'2017-10-15 04:10:01',739,62,'gaseosa',11,'bebidas',1,NULL,NULL,0,30,110),(1456,'2017-10-15 04:10:01',739,62,'gaseosa',11,'bebidas',1,NULL,NULL,0,30,110),(1457,'2017-10-15 04:14:09',740,57,'pancake',10,'Postres',1,'nutella(0),fresa(0),banana(10),melon(10),pine(10),',NULL,0,150,104),(1458,'2017-10-15 04:16:45',741,24,'parguit',6,'Comidas',1,'papas a la francesa(0),ensalada(0),KOSHER(50),',NULL,0,200,93),(1459,'2017-10-15 04:17:55',742,71,'corona',13,'Cerveza',1,NULL,NULL,0,40,90),(1460,'2017-10-15 04:19:17',743,57,'pancake',10,'Postres',1,'nutella(0),helado(0),fresa(0),',NULL,0,120,1),(1461,'2017-10-15 04:19:17',743,12,'sandwich tunisai',3,'Sandwiches',1,' pan bimbo(0),atun(0),tomate(0),',NULL,0,120,1),(1462,'2017-10-15 04:19:17',743,91,'cebolla',15,'Extras',1,NULL,NULL,0,10,1),(1463,'2017-10-15 04:19:17',743,102,'queso filli',15,'Extras',1,NULL,NULL,0,20,1),(1464,'2017-10-15 04:20:31',744,59,'agua',11,'bebidas',1,NULL,NULL,0,20,96),(1465,'2017-10-15 04:21:15',745,71,'corona',13,'Cerveza',1,NULL,NULL,0,40,91),(1466,'2017-10-15 04:21:15',745,71,'corona',13,'Cerveza',1,NULL,NULL,0,40,91),(1467,'2017-10-15 04:35:19',746,22,'pechuga de pollo  asado',6,'Comidas',1,'papas a la francesa(0),ensalada(0),',NULL,0,150,97),(1468,'2017-10-15 04:37:58',747,111,'nutella',15,'Extras',1,NULL,NULL,0,15,96),(1469,'2017-10-15 04:38:14',748,62,'gaseosa',11,'bebidas',1,NULL,NULL,0,30,92),(1470,'2017-10-15 04:55:07',749,73,'dos xx',13,'Cerveza',1,NULL,NULL,0,35,1),(1471,'2017-10-15 04:55:07',749,73,'dos xx',13,'Cerveza',1,NULL,NULL,0,35,1),(1472,'2017-10-15 04:55:07',749,73,'dos xx',13,'Cerveza',1,NULL,NULL,0,35,1),(1473,'2017-10-15 04:55:07',749,73,'dos xx',13,'Cerveza',1,NULL,NULL,0,35,1),(1474,'2017-10-15 04:55:07',749,73,'dos xx',13,'Cerveza',1,NULL,NULL,0,35,1),(1475,'2017-10-15 04:55:07',749,73,'dos xx',13,'Cerveza',1,NULL,NULL,0,35,1),(1476,'2017-10-15 04:55:07',749,73,'dos xx',13,'Cerveza',1,NULL,NULL,0,35,1),(1477,'2017-10-15 04:55:07',749,73,'dos xx',13,'Cerveza',1,NULL,NULL,0,35,1),(1478,'2017-10-15 04:55:07',749,73,'dos xx',13,'Cerveza',1,NULL,NULL,0,35,1),(1479,'2017-10-15 04:55:07',749,73,'dos xx',13,'Cerveza',1,NULL,NULL,0,35,1),(1480,'2017-10-15 04:56:43',750,64,'te helado',11,'bebidas',1,NULL,NULL,0,35,95),(1481,'2017-10-15 05:05:53',751,30,'plato de papas fritas',1,'Desayunos',1,NULL,NULL,0,80,1),(1482,'2017-10-15 05:05:53',751,62,'gaseosa',11,'bebidas',1,NULL,NULL,0,30,1),(1483,'2017-10-15 05:05:53',751,62,'gaseosa',11,'bebidas',1,NULL,NULL,0,30,1),(1484,'2017-10-15 05:05:53',751,147,'bamba chica',16,'Vetrina',1,NULL,NULL,0,35,1),(1485,'2017-10-15 05:05:53',751,147,'bamba chica',16,'Vetrina',1,NULL,NULL,0,35,1),(1486,'2017-10-15 05:10:25',752,59,'agua',11,'bebidas',1,NULL,NULL,0,20,92),(1487,'2017-10-15 05:46:27',753,135,'cigarros',16,'Vetrina',1,NULL,NULL,0,65,64),(1488,'2017-10-15 06:32:42',754,59,'agua',11,'bebidas',1,NULL,NULL,0,20,107),(1489,'2017-10-15 06:32:42',754,59,'agua',11,'bebidas',1,NULL,NULL,0,20,107),(1490,'2017-10-15 06:57:06',755,23,'milanesa',6,'Comidas',1,'arroz(0),papas a la francesa(30),',NULL,0,180,53),(1491,'2017-10-15 06:57:06',755,42,'pasta napolitana',8,'pastas',1,NULL,NULL,0,120,53),(1492,'2017-10-15 06:57:06',755,121,'pollo ',15,'Extras',1,NULL,NULL,0,80,53),(1493,'2017-10-15 09:38:21',756,59,'agua',11,'bebidas',1,NULL,NULL,0,20,109),(1494,'2017-10-15 09:38:31',757,68,'nescafe',12,'Bebidas caliente',1,NULL,NULL,0,30,25),(1495,'2017-10-15 10:17:46',758,68,'nescafe',12,'Bebidas caliente',1,NULL,NULL,0,30,107),(1496,'2017-10-15 10:18:44',759,70,'chocolate',12,'Bebidas caliente',1,'chocolate caliente(0),',NULL,0,25,107),(1497,'2017-10-15 10:42:31',760,68,'nescafe',12,'Bebidas caliente',1,NULL,NULL,0,30,104),(1498,'2017-10-15 10:42:31',760,68,'nescafe',12,'Bebidas caliente',1,NULL,NULL,0,30,104),(1499,'2017-10-15 10:53:38',761,68,'nescafe',12,'Bebidas caliente',1,NULL,NULL,0,30,109),(1500,'2017-10-15 11:04:39',762,4,'desayuno israeli',1,'Desayunos',1,' huevos con Especias(0),cebolla(0),',NULL,0,120,107),(1501,'2017-10-15 11:04:39',762,6,'shakshuka',1,'Desayunos',1,NULL,'SIN CELANTRO',0,120,107),(1502,'2017-10-15 11:22:40',763,59,'agua',11,'bebidas',1,NULL,NULL,0,20,107),(1503,'2017-10-15 11:28:26',764,57,'pancake',10,'Postres',1,NULL,NULL,0,120,107),(1504,'2017-10-15 11:28:26',764,54,'malteada de kinder bueno',10,'Postres',1,NULL,NULL,0,100,107),(1505,'2017-10-15 11:35:47',765,16,'ensalada jerusalem',4,'Ensalada',1,NULL,NULL,0,100,104),(1506,'2017-10-15 11:36:08',766,6,'shakshuka',1,'Desayunos',1,NULL,NULL,0,120,105),(1507,'2017-10-15 11:43:37',767,68,'nescafe',12,'Bebidas caliente',1,NULL,NULL,0,30,90),(1508,'2017-10-15 11:43:37',767,64,'te helado',11,'bebidas',1,NULL,NULL,0,35,90),(1509,'2017-10-15 11:43:37',767,64,'te helado',11,'bebidas',1,NULL,NULL,0,35,90),(1510,'2017-10-15 11:59:02',768,4,'desayuno israeli',1,'Desayunos',1,NULL,NULL,0,120,110),(1511,'2017-10-15 12:17:16',769,59,'agua',11,'bebidas',1,NULL,NULL,0,20,90),(1512,'2017-10-15 12:17:31',770,4,'desayuno israeli',1,'Desayunos',1,NULL,NULL,0,120,77),(1513,'2017-10-15 12:39:52',771,15,'ensalada de atun',4,'Ensalada',1,NULL,NULL,0,100,78),(1514,'2017-10-15 12:39:52',771,88,'EXTRA',4,'Ensalada',1,NULL,NULL,0,0,78),(1515,'2017-10-15 12:39:52',771,97,'huevo doro',4,'Ensalada',1,NULL,NULL,0,15,78),(1516,'2017-10-15 12:39:52',771,92,'maiz',4,'Ensalada',1,NULL,NULL,0,10,78),(1517,'2017-10-15 12:39:52',771,98,'queso feta',4,'Ensalada',1,NULL,NULL,0,20,78),(1518,'2017-10-15 12:59:56',772,181,'sandwich carne',19,'Sandwiches carnes',1,'milanesa(0),pan bagget(0),hummos(0),EXTRA(0),papas a la francesa(30),',NULL,0,180,112),(1519,'2017-10-15 13:00:37',773,3,'Desayuno de la casa',1,'Desayunos',1,NULL,NULL,0,100,112),(1520,'2017-10-15 13:00:37',773,64,'te helado',11,'bebidas',1,NULL,NULL,0,35,112),(1521,'2017-10-15 13:00:37',773,64,'te helado',11,'bebidas',1,NULL,NULL,0,35,112),(1522,'2017-10-15 13:02:45',774,65,'jugo natural en agua',11,'bebidas',1,'sandia(0),',NULL,0,50,9),(1523,'2017-10-15 14:43:58',775,59,'agua',11,'bebidas',1,NULL,NULL,0,20,9),(1524,'2017-10-15 14:45:13',776,3,'Desayuno de la casa',1,'Desayunos',1,NULL,NULL,0,100,9),(1525,'2017-10-15 14:45:34',777,62,'gaseosa',11,'bebidas',1,NULL,NULL,0,30,26),(1526,'2017-10-15 14:59:22',778,-1,'Other',0,NULL,1,NULL,'una nuche',0,600,112),(1527,'2017-10-15 15:07:56',779,161,'toalla',1,'Desayunos',1,NULL,NULL,0,200,116),(1528,'2017-10-15 15:08:08',780,161,'toalla',1,'Desayunos',1,NULL,NULL,0,200,117),(1529,'2017-10-15 15:50:02',781,140,'grinder',16,'Vetrina',1,NULL,NULL,0,100,108),(1530,'2017-10-15 17:49:10',782,-1,'Other',0,NULL,1,NULL,'3 NUCHES',0,1200,78),(1531,'2017-10-15 18:00:06',783,10,'sandwich aguacate',1,'Desayunos',1,' pan bimbo(0),huevo doro(0),tomate(0),cebolla(0),',NULL,0,120,9),(1532,'2017-10-15 18:27:43',784,71,'corona',13,'Cerveza',1,NULL,NULL,0,40,90),(1533,'2017-10-15 19:03:36',785,59,'agua',11,'bebidas',1,NULL,NULL,0,20,33),(1534,'2017-10-15 19:32:18',786,71,'corona',13,'Cerveza',1,NULL,NULL,0,40,108),(1535,'2017-10-15 19:53:58',787,59,'agua',11,'bebidas',1,NULL,NULL,0,20,119),(1536,'2017-10-15 19:55:11',788,59,'agua',11,'bebidas',1,NULL,NULL,0,20,118),(1537,'2017-10-15 19:55:11',788,155,'kinder bueno',16,'Vetrina',1,NULL,NULL,0,35,118),(1538,'2017-10-15 20:14:15',789,135,'cigarros',16,'Vetrina',1,NULL,NULL,0,65,23),(1539,'2017-10-15 20:37:12',790,13,'ensalada israeli',4,'Ensalada',1,NULL,NULL,0,80,107),(1540,'2017-10-15 20:45:56',791,71,'corona',13,'Cerveza',1,NULL,NULL,0,40,90),(1541,'2017-10-15 20:57:41',792,46,'pasta alfredo',8,'pastas',1,NULL,NULL,0,140,33),(1542,'2017-10-15 20:57:41',792,121,'pollo ',15,'Extras',1,NULL,NULL,0,80,33),(1543,'2017-10-15 20:57:41',792,63,'jugos en botalla',11,'bebidas',1,NULL,NULL,0,35,33),(1544,'2017-10-15 21:04:09',793,23,'milanesa',6,'Comidas',1,NULL,'pita',0,150,32),(1545,'2017-10-15 21:10:18',794,59,'agua',11,'bebidas',1,NULL,NULL,0,20,52),(1546,'2017-10-15 21:18:27',795,63,'jugos en botalla',11,'bebidas',1,NULL,NULL,0,35,32),(1547,'2017-10-15 21:19:31',796,6,'shakshuka',1,'Desayunos',1,NULL,NULL,0,120,1),(1548,'2017-10-15 21:19:31',796,63,'jugos en botalla',11,'bebidas',1,NULL,NULL,0,35,1),(1549,'2017-10-15 21:19:31',796,62,'gaseosa',11,'bebidas',1,NULL,NULL,0,30,1),(1550,'2017-10-15 21:36:24',797,62,'gaseosa',11,'bebidas',1,NULL,NULL,0,30,117),(1551,'2017-10-15 21:38:05',798,33,'malawah',7,'Especiales de la casa',1,NULL,NULL,0,120,120),(1552,'2017-10-15 21:50:36',799,18,'ensalada de pollo',4,'Ensalada',1,NULL,'arbic',0,150,97),(1553,'2017-10-15 22:02:25',800,33,'malawah',7,'Especiales de la casa',1,NULL,NULL,0,120,119),(1554,'2017-10-15 22:04:13',801,59,'agua',11,'bebidas',1,NULL,NULL,0,20,96),(1555,'2017-10-15 22:08:53',802,18,'ensalada de pollo',4,'Ensalada',1,NULL,NULL,0,150,90),(1556,'2017-10-15 22:10:00',803,16,'ensalada jerusalem',4,'Ensalada',1,NULL,NULL,0,100,118),(1557,'2017-10-15 22:15:34',804,135,'cigarros',16,'Vetrina',1,NULL,NULL,0,65,1),(1558,'2017-10-15 22:25:18',805,81,'botella de smirnoff',14,'Vodkas',1,NULL,NULL,0,600,109),(1559,'2017-10-15 22:25:18',805,85,'redbull',14,'Vodkas',1,NULL,NULL,0,50,109),(1560,'2017-10-15 22:25:18',805,85,'redbull',14,'Vodkas',1,NULL,NULL,0,50,109),(1561,'2017-10-15 22:25:18',805,85,'redbull',14,'Vodkas',1,NULL,NULL,0,50,109),(1562,'2017-10-15 22:25:18',805,85,'redbull',14,'Vodkas',1,NULL,NULL,0,50,109),(1563,'2017-10-15 22:25:18',805,85,'redbull',14,'Vodkas',1,NULL,NULL,0,50,109),(1564,'2017-10-15 22:29:40',806,81,'botella de smirnoff',14,'Vodkas',1,NULL,NULL,0,600,107),(1565,'2017-10-15 22:33:29',807,74,'vaso de smirnoff con redbull',14,'Vodkas',1,NULL,NULL,0,120,92),(1566,'2017-10-15 22:36:24',808,22,'pechuga de pollo  asado',6,'Comidas',1,NULL,NULL,0,150,1),(1567,'2017-10-15 22:40:07',809,74,'vaso de smirnoff con redbull',14,'Vodkas',1,NULL,NULL,0,120,1),(1568,'2017-10-15 22:40:37',810,71,'corona',13,'Cerveza',1,NULL,NULL,0,40,1),(1569,'2017-10-15 22:50:20',811,59,'agua',11,'bebidas',1,NULL,NULL,0,20,120),(1570,'2017-10-15 22:52:03',812,59,'agua',11,'bebidas',1,NULL,NULL,0,20,117),(1571,'2017-10-15 23:19:03',813,85,'redbull',14,'Vodkas',1,NULL,NULL,0,50,1),(1572,'2017-10-15 23:19:03',813,85,'redbull',14,'Vodkas',1,NULL,NULL,0,50,1),(1573,'2017-10-15 23:19:03',813,85,'redbull',14,'Vodkas',1,NULL,NULL,0,50,1),(1574,'2017-10-15 23:24:48',814,59,'agua',11,'bebidas',1,NULL,NULL,0,20,1),(1575,'2017-10-15 23:38:01',815,71,'corona',13,'Cerveza',1,NULL,NULL,0,40,90),(1576,'2017-10-15 23:38:01',815,71,'corona',13,'Cerveza',1,NULL,NULL,0,40,90),(1577,'2017-10-15 23:38:50',816,85,'redbull',14,'Vodkas',1,NULL,NULL,0,50,113),(1578,'2017-10-15 23:38:50',816,85,'redbull',14,'Vodkas',1,NULL,NULL,0,50,113),(1579,'2017-10-15 23:38:50',816,85,'redbull',14,'Vodkas',1,NULL,NULL,0,50,113),(1580,'2017-10-16 00:08:53',817,85,'redbull',13,'Cerveza',1,NULL,NULL,0,50,109),(1581,'2017-10-16 00:21:53',818,135,'cigarros',16,'Vetrina',1,NULL,NULL,0,65,90),(1582,'2017-10-16 00:43:44',819,71,'corona',1,'Desayunos',1,NULL,NULL,0,40,90),(1583,'2017-10-16 00:43:44',819,71,'corona',1,'Desayunos',1,NULL,NULL,0,40,90),(1584,'2017-10-16 00:44:50',820,74,'vaso de smirnoff con redbull',14,'Vodkas',1,NULL,NULL,0,120,92),(1585,'2017-10-16 00:46:19',821,135,'cigarros',16,'Vetrina',1,NULL,NULL,0,65,1),(1586,'2017-10-16 00:46:19',821,30,'plato de papas fritas',7,'Especiales de la casa',1,NULL,NULL,0,80,1),(1587,'2017-10-16 00:46:19',821,62,'gaseosa',11,'bebidas',1,NULL,NULL,0,30,1),(1588,'2017-10-16 00:52:06',822,153,'helado',16,'Vetrina',1,NULL,NULL,0,40,119),(1589,'2017-10-16 00:52:28',823,153,'helado',16,'Vetrina',1,NULL,NULL,0,40,118),(1590,'2017-10-16 01:21:57',824,137,'rizla',1,'Desayunos',1,NULL,NULL,0,70,1),(1591,'2017-10-16 01:29:15',825,135,'cigarros',16,'Vetrina',1,NULL,NULL,0,65,23),(1592,'2017-10-16 01:40:12',826,59,'agua',11,'bebidas',1,NULL,NULL,0,20,52),(1593,'2017-10-16 02:01:42',827,59,'agua',11,'bebidas',1,NULL,NULL,0,20,109),(1594,'2017-10-16 02:27:38',828,54,'malteada de kinder bueno',10,'Postres',1,NULL,NULL,0,100,108),(1595,'2017-10-16 02:32:54',829,151,'pringels',16,'Vetrina',1,NULL,NULL,0,35,92),(1596,'2017-10-16 02:34:15',830,23,'milanesa',6,'Comidas',1,'papas a la francesa(0),','bagget',0,150,92),(1597,'2017-10-16 02:35:38',831,23,'milanesa',6,'Comidas',1,'papas a la francesa(0),KOSHER(50),',NULL,0,200,90),(1598,'2017-10-16 03:05:51',832,74,'vaso de smirnoff con redbull',14,'Vodkas',1,NULL,NULL,0,120,90),(1599,'2017-10-16 03:06:19',833,74,'vaso de smirnoff con redbull',14,'Vodkas',1,NULL,NULL,0,120,90),(1600,'2017-10-16 03:06:32',834,74,'vaso de smirnoff con redbull',14,'Vodkas',1,NULL,NULL,0,120,91),(1601,'2017-10-16 03:06:42',835,74,'vaso de smirnoff con redbull',14,'Vodkas',1,NULL,NULL,0,120,93),(1602,'2017-10-16 03:07:15',836,59,'agua',11,'bebidas',1,NULL,NULL,0,20,119),(1603,'2017-10-16 03:11:06',837,74,'vaso de smirnoff con redbull',14,'Vodkas',1,NULL,NULL,0,120,90),(1604,'2017-10-16 03:11:06',837,64,'te helado',11,'bebidas',1,NULL,NULL,0,35,90),(1605,'2017-10-16 04:14:34',838,59,'agua',11,'bebidas',1,NULL,NULL,0,20,91),(1606,'2017-10-16 04:16:19',839,74,'vaso de smirnoff con redbull',14,'Vodkas',1,NULL,NULL,0,120,23),(1607,'2017-10-16 04:26:42',840,81,'botella de smirnoff',14,'Vodkas',1,NULL,NULL,0,600,1),(1608,'2017-10-16 04:26:42',840,85,'redbull',14,'Vodkas',1,NULL,NULL,0,50,1),(1609,'2017-10-16 04:26:42',840,63,'jugos en botalla',11,'bebidas',1,NULL,NULL,0,35,1),(1610,'2017-10-16 04:26:42',840,63,'jugos en botalla',11,'bebidas',1,NULL,NULL,0,35,1),(1611,'2017-10-16 04:56:03',841,135,'cigarros',16,'Vetrina',1,NULL,NULL,0,65,23),(1612,'2017-10-16 05:07:05',842,135,'cigarros',16,'Vetrina',1,NULL,NULL,0,65,1),(1613,'2017-10-16 05:07:05',842,71,'corona',13,'Cerveza',1,NULL,NULL,0,40,1),(1614,'2017-10-16 05:07:05',842,71,'corona',13,'Cerveza',1,NULL,NULL,0,40,1),(1615,'2017-10-16 05:07:05',842,71,'corona',13,'Cerveza',1,NULL,NULL,0,40,1),(1616,'2017-10-16 05:07:05',842,71,'corona',13,'Cerveza',1,NULL,NULL,0,40,1),(1617,'2017-10-16 05:07:05',842,71,'corona',13,'Cerveza',1,NULL,NULL,0,40,1),(1618,'2017-10-16 05:07:05',842,71,'corona',13,'Cerveza',1,NULL,NULL,0,40,1),(1619,'2017-10-16 05:07:05',842,71,'corona',13,'Cerveza',1,NULL,NULL,0,40,1),(1620,'2017-10-16 05:07:05',842,71,'corona',13,'Cerveza',1,NULL,NULL,0,40,1),(1621,'2017-10-16 06:08:01',843,64,'te helado',11,'bebidas',1,NULL,NULL,0,35,113),(1622,'2017-10-16 06:54:58',844,59,'agua',11,'bebidas',1,NULL,NULL,0,20,117),(1623,'2017-10-16 06:55:47',845,155,'kinder bueno',16,'Vetrina',1,NULL,NULL,0,35,119),(1624,'2017-10-16 06:56:55',846,66,'jogo natural en leche',11,'bebidas',1,NULL,NULL,0,60,118),(1625,'2017-10-16 06:57:22',847,71,'corona',13,'Cerveza',1,NULL,NULL,0,40,23),(1626,'2017-10-16 06:57:22',847,71,'corona',13,'Cerveza',1,NULL,NULL,0,40,23),(1627,'2017-10-16 06:57:22',847,71,'corona',13,'Cerveza',1,NULL,NULL,0,40,23),(1628,'2017-10-16 07:32:53',848,68,'nescafe',12,'Bebidas caliente',1,NULL,NULL,0,30,109),(1629,'2017-10-16 07:55:01',849,48,'hummos de la casa',9,'Hummos',1,NULL,NULL,0,120,109),(1630,'2017-10-16 08:00:05',850,174,'kotexs tampon',16,'Vetrina',1,NULL,NULL,0,80,96),(1631,'2017-10-16 10:30:55',851,19,'tostada de queso',5,'Tostadas',1,' pan bimbo(0),salsa pizza(0),queso(0),tomate(0),',NULL,0,100,120),(1632,'2017-10-16 10:30:55',851,6,'shakshuka',1,'Desayunos',1,NULL,NULL,0,120,120),(1633,'2017-10-16 10:30:55',851,68,'nescafe',12,'Bebidas caliente',1,NULL,NULL,0,30,120),(1634,'2017-10-16 10:30:55',851,68,'nescafe',12,'Bebidas caliente',1,NULL,NULL,0,30,120),(1635,'2017-10-16 10:38:30',852,4,'desayuno israeli',1,'Desayunos',1,'tajini(0),',NULL,0,120,1),(1636,'2017-10-16 10:38:30',852,2,'musli',1,'Desayunos',1,NULL,NULL,0,100,1),(1637,'2017-10-16 10:40:14',853,6,'shakshuka',1,'Desayunos',1,NULL,NULL,0,120,1),(1638,'2017-10-16 10:40:14',853,68,'nescafe',1,'Desayunos',1,NULL,NULL,0,30,1),(1639,'2017-10-16 10:41:46',854,5,'desayuno frances',1,'Desayunos',1,NULL,NULL,0,120,1),(1640,'2017-10-16 10:41:46',854,11,'sandwich sabih',1,'Desayunos',1,NULL,NULL,0,120,1),(1641,'2017-10-16 10:41:46',854,63,'jugos en botalla',1,'Desayunos',1,NULL,NULL,0,35,1),(1642,'2017-10-16 10:47:08',855,68,'nescafe',12,'Bebidas caliente',1,NULL,NULL,0,30,54),(1643,'2017-10-16 10:59:36',856,66,'jogo natural en leche',11,'bebidas',1,'mango(0),fresa(10),',NULL,0,70,1),(1644,'2017-10-16 10:59:36',856,59,'agua',11,'bebidas',1,NULL,NULL,0,20,1),(1645,'2017-10-16 11:43:31',857,4,'desayuno israeli',1,'Desayunos',1,NULL,'herbs omlet no cibolla in ensalada',0,120,97),(1646,'2017-10-16 11:51:26',858,88,'EXTRA',1,'Desayunos',1,NULL,NULL,0,0,97),(1647,'2017-10-16 11:51:26',858,130,'aguacate',1,'Desayunos',1,NULL,NULL,0,20,97),(1648,'2017-10-16 11:51:26',858,102,'queso filli',1,'Desayunos',1,NULL,NULL,0,20,97),(1649,'2017-10-16 11:51:26',858,96,'atun',1,'Desayunos',1,NULL,NULL,0,15,97),(1650,'2017-10-16 11:51:26',858,-1,'Other',0,NULL,1,NULL,'PICNTE',0,0,97),(1651,'2017-10-16 11:56:57',859,59,'agua',11,'bebidas',1,NULL,NULL,0,20,1),(1652,'2017-10-16 12:05:24',860,19,'tostada de queso',5,'Tostadas',1,'aceitunas verde(0),',NULL,0,100,1),(1653,'2017-10-16 12:05:24',860,4,'desayuno israeli',5,'Tostadas',1,NULL,NULL,0,120,1),(1654,'2017-10-16 12:05:24',860,65,'jugo natural en agua',5,'Tostadas',1,'pine(0),melon(0),banana(0),',NULL,0,50,1),(1655,'2017-10-16 12:11:13',861,14,'ensalada griega',4,'Ensalada',1,NULL,NULL,0,100,1),(1656,'2017-10-16 12:35:28',862,1,'cereales',1,'Desayunos',1,NULL,NULL,0,60,96),(1657,'2017-10-16 13:18:33',863,59,'agua',11,'bebidas',1,NULL,NULL,0,20,90),(1658,'2017-10-16 13:19:55',864,64,'te helado',11,'bebidas',1,NULL,NULL,0,35,95),(1659,'2017-10-16 13:19:55',864,135,'cigarros',16,'Vetrina',1,NULL,NULL,0,65,95),(1660,'2017-10-16 13:42:43',865,166,'shampo',16,'Vetrina',1,NULL,NULL,0,80,123),(1661,'2017-10-16 13:42:43',865,163,'pasta de dientes',16,'Vetrina',1,NULL,NULL,0,50,123),(1662,'2017-10-16 14:08:32',866,59,'agua',11,'bebidas',1,NULL,NULL,0,20,91),(1663,'2017-10-16 14:38:53',867,63,'jugos en botalla',11,'bebidas',1,NULL,NULL,0,35,33),(1664,'2017-10-16 14:38:53',867,21,'tostada de atun',5,'Tostadas',1,NULL,NULL,0,120,33),(1665,'2017-10-16 14:48:52',868,46,'pasta alfredo',8,'pastas',1,NULL,NULL,0,140,32),(1666,'2017-10-16 14:48:52',868,66,'jogo natural en leche',11,'bebidas',1,'fresa(0),',NULL,0,60,32),(1667,'2017-10-16 15:11:58',869,59,'agua',11,'bebidas',1,NULL,NULL,0,20,32),(1668,'2017-10-16 15:26:43',870,135,'cigarros',16,'Vetrina',1,NULL,NULL,0,65,32),(1669,'2017-10-16 15:29:36',871,23,'milanesa',1,'Desayunos',1,'arroz(0),ensalada(0),','con thina',0,150,9),(1670,'2017-10-16 17:28:22',872,23,'milanesa',6,'Comidas',1,'arroz(0),ensalada(0),',NULL,0,150,1),(1671,'2017-10-16 17:28:22',872,51,'hummos falfel',9,'Hummos',1,NULL,NULL,0,150,1),(1672,'2017-10-16 17:28:22',872,63,'jugos en botalla',11,'bebidas',1,NULL,NULL,0,35,1),(1673,'2017-10-16 17:28:22',872,59,'agua',11,'bebidas',1,NULL,NULL,0,20,1),(1674,'2017-10-16 18:04:07',873,18,'ensalada de pollo',4,'Ensalada',1,NULL,NULL,0,150,123),(1675,'2017-10-16 18:23:07',874,135,'cigarros',16,'Vetrina',1,NULL,NULL,0,65,123),(1676,'2017-10-16 18:53:19',875,30,'plato de papas fritas',1,'Desayunos',1,NULL,NULL,0,80,54),(1677,'2017-10-16 19:00:57',876,181,'sandwich carne',19,'Sandwiches carnes',1,'milanesa(0),pan bagget(0),hummos(0),picnte(0),ensalada(0),',NULL,0,150,90),(1678,'2017-10-16 19:00:57',876,181,'sandwich carne',19,'Sandwiches carnes',1,'milanesa(0),pan bagget(0),hummos(0),picnte(0),ensalada(0),',NULL,0,150,90),(1679,'2017-10-16 19:00:57',876,181,'sandwich carne',19,'Sandwiches carnes',1,'milanesa(0),pan bagget(0),hummos(0),picnte(0),ensalada(0),',NULL,0,150,90),(1680,'2017-10-16 19:00:57',876,88,'EXTRA',1,'Desayunos',1,NULL,NULL,0,0,90),(1681,'2017-10-16 19:00:57',876,134,'KOSHER',1,'Desayunos',1,NULL,NULL,0,50,90),(1682,'2017-10-16 19:00:57',876,134,'KOSHER',1,'Desayunos',1,NULL,NULL,0,50,90),(1683,'2017-10-16 19:00:57',876,134,'KOSHER',1,'Desayunos',1,NULL,NULL,0,50,90),(1684,'2017-10-16 19:00:57',876,23,'milanesa',6,'Comidas',1,'arroz(0),ensalada(0),',NULL,0,150,90),(1685,'2017-10-16 19:00:57',876,134,'KOSHER',6,'Comidas',1,NULL,NULL,0,50,90),(1686,'2017-10-16 19:00:57',876,30,'plato de papas fritas',6,'Comidas',1,NULL,NULL,0,80,90),(1687,'2017-10-16 19:00:57',876,30,'plato de papas fritas',6,'Comidas',1,NULL,NULL,0,80,90),(1688,'2017-10-16 19:13:39',877,59,'agua',11,'bebidas',1,NULL,NULL,0,20,52),(1689,'2017-10-16 19:13:39',877,62,'gaseosa',11,'bebidas',1,NULL,NULL,0,30,52),(1690,'2017-10-16 19:25:01',878,62,'gaseosa',11,'bebidas',1,NULL,NULL,0,30,90),(1691,'2017-10-16 19:25:01',878,62,'gaseosa',11,'bebidas',1,NULL,NULL,0,30,90),(1692,'2017-10-16 19:25:01',878,62,'gaseosa',11,'bebidas',1,NULL,NULL,0,30,90),(1693,'2017-10-16 19:25:01',878,62,'gaseosa',11,'bebidas',1,NULL,NULL,0,30,90),(1694,'2017-10-16 19:35:02',879,21,'tostada de atun',5,'Tostadas',1,' pan bimbo(0),salsa pizza(0),queso(0),atun(0),',NULL,0,120,32),(1695,'2017-10-16 19:35:02',879,63,'jugos en botalla',11,'bebidas',1,NULL,NULL,0,35,32),(1696,'2017-10-16 19:36:30',880,181,'sandwich carne',19,'Sandwiches carnes',1,'milanesa(0),pan pita(0),hummos(0),ensalada(0),',NULL,0,150,33),(1697,'2017-10-16 19:36:30',880,132,'papas fritas',15,'Extras',1,NULL,NULL,0,30,33),(1698,'2017-10-16 19:36:30',880,63,'jugos en botalla',11,'bebidas',1,NULL,NULL,0,35,33),(1699,'2017-10-16 19:53:54',881,147,'bamba chica',16,'Vetrina',1,NULL,NULL,0,35,1),(1700,'2017-10-16 19:53:54',881,146,'bisli',16,'Vetrina',1,NULL,NULL,0,35,1),(1701,'2017-10-16 20:20:59',882,75,'vaso de smirnoff con jugo',14,'Vodkas',1,NULL,NULL,0,100,54),(1702,'2017-10-16 20:29:57',883,75,'vaso de smirnoff con jugo',14,'Vodkas',1,NULL,NULL,0,100,52),(1703,'2017-10-16 20:31:17',884,166,'shampo',16,'Vetrina',1,NULL,NULL,0,80,53),(1704,'2017-10-16 21:00:09',885,153,'helado',16,'Vetrina',1,NULL,NULL,0,40,32),(1705,'2017-10-16 21:05:57',886,59,'agua',11,'bebidas',1,NULL,NULL,0,20,33),(1706,'2017-10-16 21:41:34',887,64,'te helado',11,'bebidas',1,NULL,NULL,0,35,92),(1707,'2017-10-16 21:42:11',888,74,'vaso de smirnoff con redbull',14,'Vodkas',1,NULL,NULL,0,120,52),(1708,'2017-10-16 21:42:46',889,71,'corona',13,'Cerveza',1,NULL,NULL,0,40,1),(1709,'2017-10-16 21:43:18',890,30,'plato de papas fritas',1,'Desayunos',1,NULL,NULL,0,80,54),(1710,'2017-10-16 21:46:51',891,75,'vaso de smirnoff con jugo',14,'Vodkas',1,NULL,NULL,0,100,9),(1711,'2017-10-16 21:54:24',892,16,'ensalada jerusalem',4,'Ensalada',1,NULL,NULL,0,100,123),(1712,'2017-10-16 22:16:28',893,74,'vaso de smirnoff con redbull',14,'Vodkas',1,NULL,NULL,0,120,54),(1713,'2017-10-16 22:32:40',894,74,'vaso de smirnoff con redbull',14,'Vodkas',1,NULL,NULL,0,120,52),(1714,'2017-10-16 22:34:17',895,23,'milanesa',6,'Comidas',1,NULL,'bagett',0,150,18),(1715,'2017-10-16 22:34:17',895,23,'milanesa',6,'Comidas',1,NULL,'bagett',0,150,18),(1716,'2017-10-16 22:36:37',896,39,'salteado/ mukpatz - vegetariano',1,'Desayunos',1,'arroz(0),',NULL,0,120,26),(1717,'2017-10-16 22:43:27',897,16,'ensalada jerusalem',4,'Ensalada',1,'pan pita(10),',NULL,0,110,95),(1718,'2017-10-16 22:52:12',898,64,'te helado',11,'bebidas',1,NULL,NULL,0,35,95),(1719,'2017-10-16 22:55:22',899,38,'salteado de verduras / mukpatz',1,'Desayunos',1,'arroz(0),pechoga de pollo con verdoras(0),',NULL,0,150,108),(1720,'2017-10-16 22:55:22',899,53,'malteada de oreo',10,'Postres',1,NULL,NULL,0,80,108),(1721,'2017-10-16 22:58:21',900,85,'redbull',14,'Vodkas',1,NULL,NULL,0,50,108),(1722,'2017-10-16 22:58:21',900,85,'redbull',14,'Vodkas',1,NULL,NULL,0,50,108),(1723,'2017-10-16 23:08:52',901,74,'vaso de smirnoff con redbull',14,'Vodkas',1,NULL,NULL,0,120,52),(1724,'2017-10-16 23:28:04',902,64,'te helado',11,'bebidas',1,NULL,NULL,0,35,123),(1725,'2017-10-16 23:34:46',903,74,'vaso de smirnoff con redbull',14,'Vodkas',1,NULL,NULL,0,120,52),(1726,'2017-10-16 23:41:58',904,54,'malteada de kinder bueno',10,'Postres',1,NULL,NULL,0,100,90),(1727,'2017-10-16 23:42:13',905,54,'malteada de kinder bueno',10,'Postres',1,NULL,NULL,0,100,91),(1728,'2017-10-16 23:42:28',906,54,'malteada de kinder bueno',10,'Postres',1,NULL,NULL,0,100,93),(1729,'2017-10-16 23:42:44',907,54,'malteada de kinder bueno',10,'Postres',1,NULL,NULL,0,100,92),(1730,'2017-10-16 23:53:03',908,-1,'Other',0,NULL,1,NULL,'cuscos',0,150,53),(1731,'2017-10-17 00:10:52',909,74,'vaso de smirnoff con redbull',14,'Vodkas',1,NULL,NULL,0,120,123),(1732,'2017-10-17 00:12:48',910,62,'gaseosa',11,'bebidas',1,NULL,NULL,0,30,119),(1733,'2017-10-17 00:14:34',911,153,'helado',16,'Vetrina',1,NULL,NULL,0,40,118),(1734,'2017-10-17 00:56:04',912,74,'vaso de smirnoff con redbull',14,'Vodkas',1,NULL,NULL,0,120,53),(1735,'2017-10-17 01:03:19',913,74,'vaso de smirnoff con redbull',14,'Vodkas',1,NULL,NULL,0,120,9),(1736,'2017-10-17 02:04:59',914,72,'Heineken ',13,'Cerveza',1,NULL,NULL,0,50,9),(1737,'2017-10-17 02:07:53',915,71,'corona',13,'Cerveza',1,NULL,NULL,0,40,23),(1738,'2017-10-17 02:07:53',915,71,'corona',13,'Cerveza',1,NULL,NULL,0,40,23),(1739,'2017-10-17 02:18:35',916,59,'agua',11,'bebidas',1,NULL,NULL,0,20,107),(1740,'2017-10-17 02:18:35',916,59,'agua',11,'bebidas',1,NULL,NULL,0,20,107),(1741,'2017-10-17 03:08:10',917,71,'corona',13,'Cerveza',1,NULL,NULL,0,40,54),(1742,'2017-10-17 03:28:33',918,23,'milanesa',6,'Comidas',1,'pure de papa(0),ensalada(0),',NULL,0,150,54),(1743,'2017-10-17 03:29:30',919,8,'sandwich omelet',3,'Sandwiches',1,'pan pita(0),queso filli(0),ensalada(0),',NULL,0,100,52),(1744,'2017-10-17 03:29:30',919,74,'vaso de smirnoff con redbull',14,'Vodkas',1,NULL,NULL,0,120,52),(1745,'2017-10-17 03:40:31',920,8,'sandwich omelet',3,'Sandwiches',1,'pan pita(0),hummos(0),picnte(0),',NULL,0,100,53),(1746,'2017-10-17 03:50:02',921,63,'jugos en botalla',11,'bebidas',1,NULL,NULL,0,35,53),(1747,'2017-10-17 04:21:44',922,74,'vaso de smirnoff con redbull',14,'Vodkas',1,NULL,NULL,0,120,9),(1748,'2017-10-17 04:25:08',923,5,'desayuno frances',1,'Desayunos',1,NULL,NULL,0,120,23),(1749,'2017-10-17 04:35:56',924,71,'corona',13,'Cerveza',1,NULL,NULL,0,40,95),(1750,'2017-10-17 07:48:56',925,135,'cigarros',16,'Vetrina',1,NULL,NULL,0,65,90),(1751,'2017-10-17 07:51:24',926,68,'nescafe',12,'Bebidas caliente',1,NULL,NULL,0,30,90),(1752,'2017-10-17 07:51:24',926,68,'nescafe',12,'Bebidas caliente',1,NULL,NULL,0,30,90),(1753,'2017-10-17 11:03:34',927,182,'bakalar',22,'viajes',2,NULL,NULL,0,1300,26),(1754,'2017-10-17 11:32:33',928,55,'tostada de nutella',10,'Postres',1,NULL,NULL,0,100,124),(1755,'2017-10-17 11:32:33',928,19,'tostada de queso',5,'Tostadas',1,' pan bimbo(0),salsa pizza(0),queso(0),aceitunas verde(0),',NULL,0,100,124),(1756,'2017-10-17 11:32:33',928,53,'malteada de oreo',10,'Postres',1,NULL,NULL,0,80,124),(1757,'2017-10-17 11:55:52',929,15,'ensalada de atun',4,'Ensalada',1,'pepino(0),tomate(0),cebolla(0),lechoga(0),huevo doro(0),atun(0),aguacate(20),pimenton rojo(10),Zanahoria(5),',NULL,0,135,1),(1758,'2017-10-17 11:55:52',929,92,'maiz',4,'Ensalada',1,NULL,NULL,0,10,1),(1759,'2017-10-17 12:29:28',930,21,'tostada de atun',5,'Tostadas',1,' pan bimbo(0),salsa pizza(0),queso(0),atun(0),',NULL,0,120,126),(1760,'2017-10-17 13:00:43',931,59,'agua',11,'bebidas',1,NULL,NULL,0,20,117),(1761,'2017-10-17 13:08:27',932,178,'orden dia especial ',17,'cena especial',1,' bulas de carne (150),',NULL,0,150,32),(1762,'2017-10-17 13:09:48',933,62,'gaseosa',11,'bebidas',1,NULL,NULL,0,30,32),(1763,'2017-10-17 13:14:49',934,68,'nescafe',12,'Bebidas caliente',1,NULL,NULL,0,30,54),(1764,'2017-10-17 14:25:25',935,135,'cigarros',16,'Vetrina',1,NULL,NULL,0,65,23),(1765,'2017-10-17 14:45:05',936,6,'shakshuka',1,'Desayunos',1,NULL,'muy picnte',0,120,54),(1766,'2017-10-17 14:45:05',936,88,'EXTRA',1,'Desayunos',1,NULL,NULL,0,0,54),(1767,'2017-10-17 14:45:05',936,-1,'Other',0,NULL,1,NULL,'huevo',0,30,54),(1768,'2017-10-17 14:45:05',936,21,'tostada de atun',5,'Tostadas',1,NULL,'sin cebolla',0,120,54),(1769,'2017-10-17 14:45:05',936,3,'Desayuno de la casa',1,'Desayunos',1,'huevos revuelto(0),',NULL,0,100,54),(1770,'2017-10-17 15:03:39',937,23,'milanesa',6,'Comidas',1,'arroz(0),ensalada(0),','stav',0,150,1),(1771,'2017-10-17 15:08:11',938,88,'EXTRA',1,'Desayunos',1,NULL,NULL,0,0,52),(1772,'2017-10-17 15:08:11',938,106,'pan pita',1,'Desayunos',1,NULL,NULL,0,10,52),(1773,'2017-10-17 15:08:11',938,106,'pan pita',1,'Desayunos',1,NULL,NULL,0,10,52),(1774,'2017-10-17 15:09:49',939,63,'jugos en botalla',11,'bebidas',1,NULL,NULL,0,35,54),(1775,'2017-10-17 15:09:49',939,63,'jugos en botalla',11,'bebidas',1,NULL,NULL,0,35,54),(1776,'2017-10-17 15:09:49',939,63,'jugos en botalla',11,'bebidas',1,NULL,NULL,0,35,54),(1777,'2017-10-17 15:19:15',940,8,'sandwich omelet',3,'Sandwiches',1,'pan pita(0),queso filli(0),ensalada(0),',NULL,0,100,1),(1778,'2017-10-17 15:19:15',940,135,'cigarros',16,'Vetrina',1,NULL,NULL,0,65,1),(1779,'2017-10-17 15:19:15',940,64,'te helado',11,'bebidas',1,NULL,NULL,0,35,1),(1780,'2017-10-17 15:20:43',941,19,'tostada de queso',5,'Tostadas',1,' pan bimbo(0),salsa pizza(0),queso(0),tomate(0),',NULL,0,100,1),(1781,'2017-10-17 15:20:43',941,19,'tostada de queso',5,'Tostadas',1,' pan bimbo(0),salsa pizza(0),queso(0),champinones(0),',NULL,0,100,1),(1782,'2017-10-17 15:20:43',941,64,'te helado',11,'bebidas',1,NULL,NULL,0,35,1),(1783,'2017-10-17 15:20:43',941,64,'te helado',11,'bebidas',1,NULL,NULL,0,35,1),(1784,'2017-10-17 15:25:19',942,58,'ensalada de frutas',10,'Postres',1,'fresa(0),melon(0),banana(0),sandia(0),pine(0),',NULL,0,100,33),(1785,'2017-10-17 16:05:34',943,23,'milanesa',6,'Comidas',1,'papas a la francesa(0),ensalada(0),',NULL,0,150,19),(1786,'2017-10-17 16:55:42',944,135,'cigarros',16,'Vetrina',1,NULL,NULL,0,65,53),(1787,'2017-10-17 17:45:10',945,59,'agua',11,'bebidas',1,NULL,NULL,0,20,53),(1788,'2017-10-17 17:46:16',946,71,'corona',13,'Cerveza',1,NULL,NULL,0,40,54),(1789,'2017-10-17 17:46:16',946,71,'corona',13,'Cerveza',1,NULL,NULL,0,40,54),(1790,'2017-10-17 17:47:00',947,59,'agua',11,'bebidas',1,NULL,NULL,0,20,52),(1791,'2017-10-17 18:36:35',948,161,'toalla',1,'Desayunos',1,NULL,NULL,0,200,128),(1792,'2017-10-17 18:36:46',949,161,'toalla',1,'Desayunos',1,NULL,NULL,0,200,129),(1793,'2017-10-17 18:48:32',950,139,'filter + rizla',1,'Desayunos',1,NULL,NULL,0,90,129),(1794,'2017-10-17 18:48:41',951,62,'gaseosa',11,'bebidas',1,NULL,NULL,0,30,129),(1795,'2017-10-17 18:51:53',952,135,'cigarros',16,'Vetrina',1,NULL,NULL,0,65,1),(1796,'2017-10-17 18:51:53',952,135,'cigarros',16,'Vetrina',1,NULL,NULL,0,65,1),(1797,'2017-10-17 19:00:06',953,166,'shampo',1,'Desayunos',1,NULL,NULL,0,80,129),(1798,'2017-10-17 19:41:57',954,135,'cigarros',16,'Vetrina',1,NULL,NULL,0,65,19),(1799,'2017-10-17 20:03:25',955,-1,'Other',0,NULL,1,NULL,'pimiento relleno',0,150,52),(1800,'2017-10-17 20:03:55',956,-1,'Other',0,NULL,1,NULL,'pimiento relleno',0,150,54),(1801,'2017-10-17 20:04:25',957,-1,'Other',0,NULL,1,NULL,'pimiento relleno',0,150,53),(1802,'2017-10-17 20:15:52',958,59,'agua',11,'bebidas',1,NULL,NULL,0,20,131),(1803,'2017-10-17 20:19:51',959,62,'gaseosa',11,'bebidas',1,NULL,NULL,0,30,52),(1804,'2017-10-17 20:20:02',960,62,'gaseosa',11,'bebidas',1,NULL,NULL,0,30,54),(1805,'2017-10-17 20:20:18',961,62,'gaseosa',11,'bebidas',1,NULL,NULL,0,30,53),(1806,'2017-10-17 21:14:01',962,74,'vaso de smirnoff con redbull',14,'Vodkas',1,NULL,NULL,0,120,54),(1807,'2017-10-17 21:14:01',962,74,'vaso de smirnoff con redbull',14,'Vodkas',1,NULL,NULL,0,120,54),(1808,'2017-10-17 21:26:16',963,151,'pringels',16,'Vetrina',1,NULL,NULL,0,35,32),(1809,'2017-10-17 21:39:01',964,62,'gaseosa',11,'bebidas',1,NULL,NULL,0,30,92),(1810,'2017-10-17 21:39:13',965,59,'agua',11,'bebidas',1,NULL,NULL,0,20,91),(1811,'2017-10-17 21:58:00',966,62,'gaseosa',11,'bebidas',1,NULL,NULL,0,30,131),(1812,'2017-10-17 22:12:12',967,23,'milanesa',6,'Comidas',1,'arroz(0),papas a la francesa(30),',NULL,0,180,123),(1813,'2017-10-17 22:17:52',968,59,'agua',11,'bebidas',1,NULL,NULL,0,20,128),(1814,'2017-10-17 22:18:04',969,62,'gaseosa',11,'bebidas',1,NULL,NULL,0,30,129),(1815,'2017-10-17 22:24:13',970,81,'botella de smirnoff',14,'Vodkas',1,NULL,NULL,0,600,54),(1816,'2017-10-17 22:24:13',970,-1,'Other',0,NULL,1,NULL,'rebull',0,90,54),(1817,'2017-10-17 22:24:13',970,-1,'Other',0,NULL,1,NULL,'redbull',0,90,54),(1818,'2017-10-17 22:24:13',970,-1,'Other',0,NULL,1,NULL,'redbull',0,90,54),(1819,'2017-10-17 22:26:43',971,135,'cigarros',16,'Vetrina',1,NULL,NULL,0,65,123),(1820,'2017-10-17 22:38:16',972,181,'sandwich carne',19,'Sandwiches carnes',1,'pargit(0),pan bagget(0),hummos(0),ensalada(0),papas a la francesa(30),',NULL,0,180,90),(1821,'2017-10-17 22:38:16',972,134,'KOSHER',19,'Sandwiches carnes',1,NULL,NULL,0,50,90),(1822,'2017-10-17 22:38:16',972,181,'sandwich carne',19,'Sandwiches carnes',1,'pargit(0),pan bagget(0),hummos(0),ensalada(0),papas a la francesa(30),',NULL,0,180,90),(1823,'2017-10-17 22:38:16',972,134,'KOSHER',19,'Sandwiches carnes',1,NULL,NULL,0,50,90),(1824,'2017-10-17 22:38:16',972,181,'sandwich carne',19,'Sandwiches carnes',1,'pargit(0),pan bagget(0),hummos(0),ensalada(0),papas a la francesa(30),',NULL,0,180,90),(1825,'2017-10-17 22:38:16',972,134,'KOSHER',19,'Sandwiches carnes',1,NULL,NULL,0,50,90),(1826,'2017-10-17 22:44:22',973,64,'te helado',11,'bebidas',1,NULL,NULL,0,35,123),(1827,'2017-10-17 22:48:12',974,62,'gaseosa',11,'bebidas',1,NULL,NULL,0,30,131),(1828,'2017-10-17 22:49:51',975,59,'agua',11,'bebidas',1,NULL,NULL,0,20,117),(1829,'2017-10-17 22:59:24',976,31,'falfel pita',1,'Desayunos',1,'pan pita(0),hummos(0),picnte(0),ensalada(0),papas a la francesa(30),',NULL,0,130,90),(1830,'2017-10-17 23:04:21',977,6,'shakshuka',1,'Desayunos',1,'pan pita(0),',NULL,0,120,107),(1831,'2017-10-17 23:04:21',977,16,'ensalada jerusalem',4,'Ensalada',1,'pepino(0),tomate(0),cebolla(0),garbanzo caliente(0),huevo doro(0),tajini(0),',NULL,0,100,107),(1832,'2017-10-17 23:04:21',977,181,'sandwich carne',19,'Sandwiches carnes',1,'milanesa(0),pan bagget(0),hummos(0),ensalada(0),',NULL,0,150,107),(1833,'2017-10-17 23:04:21',977,38,'salteado de verduras / mukpatz',1,'Desayunos',1,'arroz(0),',NULL,0,150,107),(1834,'2017-10-17 23:04:21',977,59,'agua',11,'bebidas',1,NULL,NULL,0,20,107),(1835,'2017-10-17 23:04:21',977,62,'gaseosa',11,'bebidas',1,NULL,NULL,0,30,107),(1836,'2017-10-17 23:06:13',978,62,'gaseosa',11,'bebidas',1,NULL,NULL,0,30,93),(1837,'2017-10-17 23:15:44',979,64,'te helado',11,'bebidas',1,NULL,NULL,0,35,92),(1838,'2017-10-17 23:16:40',980,62,'gaseosa',11,'bebidas',1,NULL,NULL,0,30,91),(1839,'2017-10-17 23:16:52',981,62,'gaseosa',11,'bebidas',1,NULL,NULL,0,30,90),(1840,'2017-10-17 23:20:40',982,59,'agua',11,'bebidas',1,NULL,NULL,0,20,131),(1841,'2017-10-17 23:32:33',983,59,'agua',11,'bebidas',1,NULL,NULL,0,20,108),(1842,'2017-10-17 23:38:40',984,72,'Heineken ',13,'Cerveza',1,NULL,NULL,0,50,9),(1843,'2017-10-18 00:04:07',985,16,'ensalada jerusalem',4,'Ensalada',1,NULL,NULL,0,100,118),(1844,'2017-10-18 00:04:07',985,91,'cebolla',15,'Extras',1,NULL,NULL,0,10,118),(1845,'2017-10-18 00:06:09',986,85,'redbull',14,'Vodkas',1,NULL,NULL,0,50,52),(1846,'2017-10-18 00:06:58',987,135,'cigarros',16,'Vetrina',1,NULL,NULL,0,65,54),(1847,'2017-10-18 00:09:23',988,71,'corona',13,'Cerveza',1,NULL,NULL,0,40,91),(1848,'2017-10-18 00:13:48',989,16,'ensalada jerusalem',4,'Ensalada',1,NULL,NULL,0,100,119),(1849,'2017-10-18 00:19:44',990,62,'gaseosa',11,'bebidas',1,NULL,NULL,0,30,1),(1850,'2017-10-18 00:19:44',990,62,'gaseosa',11,'bebidas',1,NULL,NULL,0,30,1),(1851,'2017-10-18 00:43:59',991,-1,'Other',0,NULL,1,NULL,'REDBULL',0,90,54),(1852,'2017-10-18 00:44:36',992,-1,'Other',0,NULL,1,NULL,'REDBULL',0,90,52),(1853,'2017-10-18 00:49:35',993,72,'Heineken ',13,'Cerveza',1,NULL,NULL,0,50,1),(1854,'2017-10-18 00:51:09',994,142,'pipa',16,'Vetrina',1,NULL,NULL,0,80,1),(1855,'2017-10-18 00:58:12',995,23,'milanesa',6,'Comidas',1,'pure de papa(0),arroz(30),',NULL,0,180,53),(1856,'2017-10-18 01:00:02',996,140,'grinder',16,'Vetrina',1,NULL,NULL,0,100,1),(1857,'2017-10-18 01:09:48',997,59,'agua',11,'bebidas',1,NULL,NULL,0,20,131),(1858,'2017-10-18 01:17:20',998,59,'agua',11,'bebidas',1,NULL,NULL,0,20,91),(1859,'2017-10-18 01:32:28',999,181,'sandwich carne',19,'Sandwiches carnes',1,'milanesa(0),pan bagget(0),hummos(0),ensalada(0),',NULL,0,150,131),(1860,'2017-10-18 01:34:01',1000,42,'pasta napolitana',8,'pastas',1,NULL,NULL,0,120,132),(1861,'2017-10-18 01:34:01',1000,121,'pollo ',15,'Extras',1,NULL,'EMPANISADO',0,80,132),(1862,'2017-10-18 01:34:19',1001,59,'agua',11,'bebidas',1,NULL,NULL,0,20,54),(1863,'2017-10-18 02:07:53',1002,59,'agua',11,'bebidas',1,NULL,NULL,0,20,52),(1864,'2017-10-18 02:32:26',1003,72,'Heineken ',13,'Cerveza',1,NULL,NULL,0,50,1),(1865,'2017-10-18 02:51:42',1004,71,'corona',13,'Cerveza',1,NULL,NULL,0,40,23),(1866,'2017-10-18 02:51:42',1004,71,'corona',13,'Cerveza',1,NULL,NULL,0,40,23),(1867,'2017-10-18 02:52:24',1005,135,'cigarros',16,'Vetrina',1,NULL,NULL,0,65,23),(1868,'2017-10-18 03:15:56',1006,59,'agua',11,'bebidas',1,NULL,NULL,0,20,54),(1869,'2017-10-18 03:47:54',1007,59,'agua',11,'bebidas',1,NULL,NULL,0,20,1),(1870,'2017-10-18 04:11:03',1008,71,'corona',13,'Cerveza',1,NULL,NULL,0,40,1),(1871,'2017-10-18 04:11:03',1008,71,'corona',13,'Cerveza',1,NULL,NULL,0,40,1),(1872,'2017-10-18 04:11:03',1008,71,'corona',13,'Cerveza',1,NULL,NULL,0,40,1),(1873,'2017-10-18 04:15:11',1009,57,'pancake',10,'Postres',1,NULL,NULL,0,120,119),(1874,'2017-10-18 04:31:29',1010,153,'helado',16,'Vetrina',1,NULL,NULL,0,40,118),(1875,'2017-10-18 04:42:48',1011,181,'sandwich carne',19,'Sandwiches carnes',1,'milanesa(0),pan bagget(0),hummos(0),picnte(0),ensalada(0),',NULL,0,150,52),(1876,'2017-10-18 08:10:38',1012,68,'nescafe',12,'Bebidas caliente',1,NULL,NULL,0,30,25),(1877,'2017-10-18 08:41:48',1013,62,'gaseosa',11,'bebidas',1,NULL,NULL,0,30,129),(1878,'2017-10-18 09:33:49',1014,68,'nescafe',12,'Bebidas caliente',1,NULL,NULL,0,30,108),(1879,'2017-10-18 09:40:23',1015,68,'nescafe',12,'Bebidas caliente',1,NULL,NULL,0,30,107),(1880,'2017-10-18 10:58:44',1016,68,'nescafe',12,'Bebidas caliente',1,NULL,NULL,0,30,117),(1881,'2017-10-18 11:15:17',1017,68,'nescafe',12,'Bebidas caliente',1,NULL,NULL,0,30,91),(1882,'2017-10-18 11:15:42',1018,68,'nescafe',12,'Bebidas caliente',1,NULL,NULL,0,30,131),(1883,'2017-10-18 11:16:28',1019,6,'shakshuka',1,'Desayunos',1,NULL,NULL,0,120,90),(1884,'2017-10-18 11:17:28',1020,6,'shakshuka',1,'Desayunos',1,NULL,NULL,0,120,91),(1885,'2017-10-18 11:18:00',1021,6,'shakshuka',1,'Desayunos',1,NULL,NULL,0,120,92),(1886,'2017-10-18 11:19:27',1022,68,'nescafe',12,'Bebidas caliente',1,NULL,NULL,0,30,136),(1887,'2017-10-18 11:19:56',1023,6,'shakshuka',1,'Desayunos',1,NULL,NULL,0,120,90),(1888,'2017-10-18 11:25:22',1024,62,'gaseosa',11,'bebidas',1,NULL,NULL,0,30,129),(1889,'2017-10-18 11:25:22',1024,59,'agua',11,'bebidas',1,NULL,NULL,0,20,129),(1890,'2017-10-18 11:25:22',1024,23,'milanesa',6,'Comidas',1,'arroz(0),',NULL,0,150,129),(1891,'2017-10-18 11:25:22',1024,23,'milanesa',6,'Comidas',1,'arroz(0),',NULL,0,150,129),(1892,'2017-10-18 11:30:51',1025,59,'agua',11,'bebidas',1,NULL,NULL,0,20,140),(1893,'2017-10-18 11:35:16',1026,185,'soda',11,'bebidas',1,NULL,NULL,0,20,93),(1894,'2017-10-18 11:46:06',1027,62,'gaseosa',11,'bebidas',1,NULL,NULL,0,30,129),(1895,'2017-10-18 11:48:12',1028,135,'cigarros',16,'Vetrina',1,NULL,NULL,0,65,92),(1896,'2017-10-18 12:01:43',1029,139,'filter + rizla',1,'Desayunos',1,NULL,NULL,0,90,90),(1897,'2017-10-18 12:13:23',1030,59,'agua',11,'bebidas',1,NULL,NULL,0,20,90),(1898,'2017-10-18 12:20:04',1031,33,'malawah',7,'Especiales de la casa',1,NULL,NULL,0,120,119),(1899,'2017-10-18 12:20:43',1032,16,'ensalada jerusalem',4,'Ensalada',1,'queso feta(20),',NULL,0,120,118),(1900,'2017-10-18 12:29:57',1033,47,'pasta bolonesa',8,'pastas',1,'salsa de tomate(0),carne molida(0),','SIN PERRJIL',0,150,19),(1901,'2017-10-18 12:33:08',1034,59,'agua',11,'bebidas',1,NULL,NULL,0,20,140),(1902,'2017-10-18 12:48:14',1035,24,'parguit',6,'Comidas',1,'papas a la francesa(0),ensalada(0),',NULL,0,150,142),(1903,'2017-10-18 12:48:14',1035,88,'EXTRA',6,'Comidas',1,NULL,NULL,0,0,142),(1904,'2017-10-18 12:48:14',1035,134,'KOSHER',6,'Comidas',1,NULL,NULL,0,50,142),(1905,'2017-10-18 12:48:25',1036,71,'corona',13,'Cerveza',1,NULL,NULL,0,40,142),(1906,'2017-10-18 13:08:48',1037,59,'agua',11,'bebidas',1,NULL,NULL,0,20,118),(1907,'2017-10-18 13:09:05',1038,59,'agua',11,'bebidas',1,NULL,NULL,0,20,119),(1908,'2017-10-18 13:10:11',1039,71,'corona',13,'Cerveza',1,NULL,NULL,0,40,142),(1909,'2017-10-18 13:35:36',1040,161,'toalla',16,'Vetrina',1,NULL,NULL,0,200,141),(1910,'2017-10-18 13:45:15',1041,6,'shakshuka',1,'Desayunos',1,NULL,NULL,0,120,52),(1911,'2017-10-18 13:45:15',1041,21,'tostada de atun',5,'Tostadas',1,NULL,'no cibolla',0,120,52),(1912,'2017-10-18 13:45:15',1041,-1,'Other',0,NULL,1,NULL,'scarmbeled egg',0,50,52),(1913,'2017-10-18 14:11:07',1042,181,'sandwich carne',19,'Sandwiches carnes',1,'milanesa(0),pan bagget(0),hummos(0),ensalada(0),',NULL,0,150,126),(1914,'2017-10-18 14:13:12',1043,14,'ensalada griega',4,'Ensalada',1,NULL,NULL,0,100,117),(1915,'2017-10-18 14:13:12',1043,-1,'Other',0,NULL,1,NULL,'ORANGE JUICE',0,35,117),(1916,'2017-10-18 14:14:58',1044,62,'gaseosa',11,'bebidas',1,NULL,NULL,0,30,52),(1917,'2017-10-18 14:14:58',1044,62,'gaseosa',11,'bebidas',1,NULL,NULL,0,30,52),(1918,'2017-10-18 14:14:58',1044,62,'gaseosa',11,'bebidas',1,NULL,NULL,0,30,52),(1919,'2017-10-18 14:19:33',1045,161,'toalla',16,'Vetrina',1,NULL,NULL,0,200,140),(1920,'2017-10-18 14:39:28',1046,153,'helado',1,'Desayunos',1,NULL,NULL,0,40,118),(1921,'2017-10-18 14:46:43',1047,6,'shakshuka',1,'Desayunos',1,NULL,NULL,0,120,117),(1922,'2017-10-18 16:00:25',1048,23,'milanesa',1,'Desayunos',1,'arroz(0),ensalada(0),','con thina',0,150,9),(1923,'2017-10-18 16:09:00',1049,153,'helado',1,'Desayunos',1,NULL,NULL,0,40,119),(1924,'2017-10-18 16:13:23',1050,59,'agua',11,'bebidas',1,NULL,NULL,0,20,32),(1925,'2017-10-18 16:16:37',1051,153,'helado',1,'Desayunos',1,NULL,NULL,0,40,131),(1926,'2017-10-18 16:17:00',1052,59,'agua',11,'bebidas',1,NULL,NULL,0,20,131),(1927,'2017-10-18 16:41:16',1053,64,'te helado',11,'bebidas',1,NULL,NULL,0,35,140),(1928,'2017-10-18 16:59:56',1054,132,'papas fritas',15,'Extras',1,NULL,NULL,0,30,23),(1929,'2017-10-18 17:42:33',1055,135,'cigarros',16,'Vetrina',1,NULL,NULL,0,65,123),(1930,'2017-10-18 17:48:25',1056,181,'sandwich carne',19,'Sandwiches carnes',1,'milanesa(0),pan pita(0),ensalada(0),','con aguacate',0,150,1),(1931,'2017-10-18 18:02:23',1057,59,'agua',11,'bebidas',1,NULL,NULL,0,20,90),(1932,'2017-10-18 18:06:55',1058,139,'filter + rizla',1,'Desayunos',1,NULL,NULL,0,90,138),(1933,'2017-10-18 18:07:13',1059,64,'te helado',11,'bebidas',1,NULL,NULL,0,35,1),(1934,'2017-10-18 18:07:13',1059,142,'pipa',11,'bebidas',1,NULL,NULL,0,80,1),(1935,'2017-10-18 18:11:32',1060,59,'agua',11,'bebidas',1,NULL,NULL,0,20,25),(1936,'2017-10-18 18:15:34',1061,67,'te',12,'Bebidas caliente',1,NULL,NULL,0,20,144),(1937,'2017-10-18 18:22:56',1062,38,'salteado de verduras / mukpatz',7,'Especiales de la casa',1,'pan bagget(0),pechoga de pollo con verdoras(0),','hummos',0,150,138),(1938,'2017-10-18 18:22:56',1062,42,'pasta napolitana',8,'pastas',1,NULL,NULL,0,120,138),(1939,'2017-10-18 18:27:11',1063,68,'nescafe',12,'Bebidas caliente',1,NULL,NULL,0,30,140),(1940,'2017-10-18 18:35:14',1064,4,'desayuno israeli',1,'Desayunos',1,'huevos homelet(0),cebolla(0),EN LA ENSALADA(0),tomate(0),pepino(0),pan bagget(0),queso filli(0),',NULL,0,120,23),(1941,'2017-10-18 18:35:14',1064,4,'desayuno israeli',1,'Desayunos',1,NULL,NULL,0,120,23),(1942,'2017-10-18 19:16:42',1065,64,'te helado',11,'bebidas',1,NULL,NULL,0,35,140),(1943,'2017-10-18 19:18:20',1066,59,'agua',11,'bebidas',1,NULL,NULL,0,20,138),(1944,'2017-10-18 19:25:23',1067,71,'corona',13,'Cerveza',1,NULL,NULL,0,40,138),(1945,'2017-10-18 20:08:21',1068,68,'nescafe',12,'Bebidas caliente',1,NULL,NULL,0,30,130),(1946,'2017-10-18 20:09:02',1069,149,'doritos',16,'Vetrina',1,NULL,NULL,0,20,131),(1947,'2017-10-18 20:21:32',1070,20,'tostada bulgara',5,'Tostadas',1,' pan bimbo(0),salsa pizza(0),queso feta(0),tomate(0),',NULL,0,120,126),(1948,'2017-10-18 21:13:39',1071,146,'bisli',16,'Vetrina',1,NULL,NULL,0,35,119),(1949,'2017-10-18 21:13:39',1071,147,'bamba chica',16,'Vetrina',1,NULL,NULL,0,35,119),(1950,'2017-10-18 21:42:30',1072,181,'sandwich carne',19,'Sandwiches carnes',1,'milanesa(0),pan bagget(0),hummos(0),',NULL,0,150,146),(1951,'2017-10-18 22:02:06',1073,62,'gaseosa',11,'bebidas',1,NULL,NULL,0,30,149),(1952,'2017-10-18 22:09:25',1074,62,'gaseosa',11,'bebidas',1,NULL,NULL,0,30,146),(1953,'2017-10-18 22:11:13',1075,64,'te helado',11,'bebidas',1,NULL,NULL,0,35,148),(1954,'2017-10-18 22:11:44',1076,138,'filter conos',16,'Vetrina',1,NULL,NULL,0,70,148),(1955,'2017-10-18 22:12:47',1077,81,'botella de smirnoff',14,'Vodkas',1,NULL,NULL,0,600,1),(1956,'2017-10-18 22:21:33',1078,48,'hummos de la casa',9,'Hummos',1,NULL,NULL,0,120,1),(1957,'2017-10-18 22:22:48',1079,62,'gaseosa',11,'bebidas',1,NULL,NULL,0,30,1),(1958,'2017-10-18 22:23:03',1080,62,'gaseosa',11,'bebidas',1,NULL,NULL,0,30,1),(1959,'2017-10-18 22:28:22',1081,23,'milanesa',6,'Comidas',1,NULL,'pita',0,150,145),(1960,'2017-10-18 22:28:22',1081,132,'papas fritas',15,'Extras',1,NULL,NULL,0,30,145),(1961,'2017-10-18 22:38:44',1082,74,'vaso de smirnoff con redbull',14,'Vodkas',1,NULL,NULL,0,120,90),(1962,'2017-10-18 22:40:35',1083,71,'corona',13,'Cerveza',1,NULL,NULL,0,40,138),(1963,'2017-10-18 22:47:40',1084,-1,'Other',0,NULL,1,NULL,'redbull',0,90,91),(1964,'2017-10-18 22:47:40',1084,-1,'Other',0,NULL,1,NULL,'redbull',0,90,91),(1965,'2017-10-18 22:48:20',1085,74,'vaso de smirnoff con redbull',14,'Vodkas',1,NULL,NULL,0,120,142),(1966,'2017-10-18 22:58:05',1086,16,'ensalada jerusalem',4,'Ensalada',1,NULL,NULL,0,100,117),(1967,'2017-10-18 22:58:05',1086,62,'gaseosa',11,'bebidas',1,NULL,NULL,0,30,117),(1968,'2017-10-18 22:59:06',1087,23,'milanesa',6,'Comidas',1,'arroz(0),',NULL,0,150,1),(1969,'2017-10-18 22:59:06',1087,62,'gaseosa',11,'bebidas',1,NULL,NULL,0,30,1),(1970,'2017-10-18 23:01:34',1088,21,'tostada de atun',5,'Tostadas',1,'pan bagget(0),atun(0),cebolla(0),',NULL,0,120,1),(1971,'2017-10-18 23:04:59',1089,31,'falfel pita',7,'Especiales de la casa',1,NULL,NULL,0,100,1),(1972,'2017-10-18 23:04:59',1089,62,'gaseosa',11,'bebidas',1,NULL,NULL,0,30,1),(1973,'2017-10-18 23:09:55',1090,31,'falfel pita',7,'Especiales de la casa',1,NULL,NULL,0,100,1),(1974,'2017-10-18 23:09:55',1090,62,'gaseosa',11,'bebidas',1,NULL,NULL,0,30,1),(1975,'2017-10-18 23:15:37',1091,132,'papas fritas',15,'Extras',1,NULL,NULL,0,30,1),(1976,'2017-10-18 23:29:20',1092,71,'corona',13,'Cerveza',1,NULL,NULL,0,40,147),(1977,'2017-10-18 23:29:30',1093,71,'corona',13,'Cerveza',1,NULL,NULL,0,40,148),(1978,'2017-10-18 23:29:44',1094,71,'corona',13,'Cerveza',1,NULL,NULL,0,40,149),(1979,'2017-10-18 23:31:52',1095,132,'papas fritas',15,'Extras',1,NULL,NULL,0,30,123),(1980,'2017-10-18 23:32:19',1096,59,'agua',11,'bebidas',1,NULL,NULL,0,20,145),(1981,'2017-10-18 23:36:23',1097,135,'cigarros',16,'Vetrina',1,NULL,NULL,0,65,138),(1982,'2017-10-18 23:38:28',1098,43,'pasta rose',8,'pastas',1,NULL,NULL,0,140,19),(1983,'2017-10-18 23:39:39',1099,62,'gaseosa',11,'bebidas',1,NULL,NULL,0,30,1),(1984,'2017-10-18 23:48:48',1100,71,'corona',13,'Cerveza',1,NULL,NULL,0,40,147),(1985,'2017-10-18 23:48:48',1100,71,'corona',13,'Cerveza',1,NULL,NULL,0,40,147),(1986,'2017-10-18 23:49:20',1101,74,'vaso de smirnoff con redbull',14,'Vodkas',1,NULL,NULL,0,120,90),(1987,'2017-10-18 23:49:20',1101,74,'vaso de smirnoff con redbull',14,'Vodkas',1,NULL,NULL,0,120,90),(1988,'2017-10-18 23:49:20',1101,74,'vaso de smirnoff con redbull',14,'Vodkas',1,NULL,NULL,0,120,90),(1989,'2017-10-19 00:01:06',1102,59,'agua',11,'bebidas',1,NULL,NULL,0,20,133),(1990,'2017-10-19 00:01:06',1102,59,'agua',11,'bebidas',1,NULL,NULL,0,20,133),(1991,'2017-10-19 00:09:45',1103,62,'gaseosa',11,'bebidas',1,NULL,NULL,0,30,143),(1992,'2017-10-19 00:10:46',1104,71,'corona',13,'Cerveza',1,NULL,NULL,0,40,1),(1993,'2017-10-19 00:15:19',1105,71,'corona',13,'Cerveza',1,NULL,NULL,0,40,149),(1994,'2017-10-19 00:15:19',1105,71,'corona',13,'Cerveza',1,NULL,NULL,0,40,149),(1995,'2017-10-19 00:16:08',1106,142,'pipa',16,'Vetrina',1,NULL,NULL,0,80,143),(1996,'2017-10-19 00:18:38',1107,71,'corona',13,'Cerveza',1,NULL,NULL,0,40,1),(1997,'2017-10-19 00:18:38',1107,71,'corona',13,'Cerveza',1,NULL,NULL,0,40,1),(1998,'2017-10-19 00:18:38',1107,71,'corona',13,'Cerveza',1,NULL,NULL,0,40,1),(1999,'2017-10-19 00:18:38',1107,71,'corona',13,'Cerveza',1,NULL,NULL,0,40,1),(2000,'2017-10-19 00:18:38',1107,71,'corona',13,'Cerveza',1,NULL,NULL,0,40,1),(2001,'2017-10-19 00:27:30',1108,78,'shot vodka',14,'Vodkas',1,NULL,NULL,0,80,118),(2002,'2017-10-19 00:27:45',1109,78,'shot vodka',14,'Vodkas',1,NULL,NULL,0,80,119),(2003,'2017-10-19 00:31:45',1110,135,'cigarros',16,'Vetrina',1,NULL,NULL,0,65,92),(2004,'2017-10-19 00:35:50',1111,74,'vaso de smirnoff con redbull',14,'Vodkas',1,NULL,NULL,0,120,92),(2005,'2017-10-19 00:37:27',1112,74,'vaso de smirnoff con redbull',14,'Vodkas',1,NULL,NULL,0,120,91),(2006,'2017-10-19 00:37:39',1113,74,'vaso de smirnoff con redbull',14,'Vodkas',1,NULL,NULL,0,120,92),(2007,'2017-10-19 00:40:03',1114,30,'plato de papas fritas',7,'Especiales de la casa',1,NULL,NULL,0,80,90),(2008,'2017-10-19 00:44:38',1115,30,'plato de papas fritas',7,'Especiales de la casa',1,NULL,NULL,0,80,142),(2009,'2017-10-19 01:09:26',1116,59,'agua',11,'bebidas',1,NULL,NULL,0,20,119),(2010,'2017-10-19 01:29:09',1117,71,'corona',13,'Cerveza',1,NULL,NULL,0,40,23),(2011,'2017-10-19 01:42:31',1118,57,'pancake',10,'Postres',1,'nutella(0),helado(0),banana(0),oreo(30),',NULL,0,150,148),(2012,'2017-10-19 01:43:09',1119,57,'pancake',10,'Postres',1,'nutella(0),helado(0),banana(0),oreo(30),',NULL,0,150,148),(2013,'2017-10-19 02:01:51',1120,80,'shot taquilla',14,'Vodkas',1,NULL,NULL,0,80,143),(2014,'2017-10-19 02:05:46',1121,21,'tostada de atun',5,'Tostadas',1,' pan bimbo(0),',NULL,0,120,32),(2015,'2017-10-19 02:05:46',1121,30,'plato de papas fritas',7,'Especiales de la casa',1,NULL,NULL,0,80,32),(2016,'2017-10-19 02:14:34',1122,62,'gaseosa',11,'bebidas',1,NULL,NULL,0,30,149),(2017,'2017-10-19 02:14:44',1123,59,'agua',11,'bebidas',1,NULL,NULL,0,20,147),(2018,'2017-10-19 02:15:25',1124,153,'helado',16,'Vetrina',1,NULL,NULL,0,40,32),(2019,'2017-10-19 02:16:35',1125,80,'shot taquilla',14,'Vodkas',1,NULL,NULL,0,80,143),(2020,'2017-10-19 02:16:50',1126,59,'agua',11,'bebidas',1,NULL,NULL,0,20,130),(2021,'2017-10-19 02:17:00',1127,59,'agua',11,'bebidas',1,NULL,NULL,0,20,131),(2022,'2017-10-19 02:17:10',1128,59,'agua',11,'bebidas',1,NULL,NULL,0,20,132),(2023,'2017-10-19 02:20:58',1129,59,'agua',11,'bebidas',1,NULL,NULL,0,20,150),(2024,'2017-10-19 02:26:01',1130,63,'jugos en botalla',11,'bebidas',1,NULL,NULL,0,35,33),(2025,'2017-10-19 02:26:34',1131,62,'gaseosa',11,'bebidas',1,NULL,NULL,0,30,33),(2026,'2017-10-19 02:26:34',1131,62,'gaseosa',11,'bebidas',1,NULL,NULL,0,30,33),(2027,'2017-10-19 02:39:23',1132,64,'te helado',11,'bebidas',1,NULL,NULL,0,35,1),(2028,'2017-10-19 02:39:42',1133,72,'Heineken ',13,'Cerveza',1,NULL,NULL,0,50,9),(2029,'2017-10-19 02:39:42',1133,72,'Heineken ',13,'Cerveza',1,NULL,NULL,0,50,9),(2030,'2017-10-19 02:39:55',1134,80,'shot taquilla',14,'Vodkas',1,NULL,NULL,0,80,143),(2031,'2017-10-19 03:15:38',1135,59,'agua',11,'bebidas',1,NULL,NULL,0,20,143),(2032,'2017-10-19 03:57:17',1136,64,'te helado',11,'bebidas',1,NULL,NULL,0,35,146),(2033,'2017-10-19 04:07:31',1137,33,'malawah',7,'Especiales de la casa',1,'rull(0),',NULL,0,120,1),(2034,'2017-10-19 04:07:31',1137,33,'malawah',7,'Especiales de la casa',1,'rull(0),',NULL,0,120,1),(2035,'2017-10-19 04:08:16',1138,33,'malawah',7,'Especiales de la casa',1,'rull(0),',NULL,0,120,23),(2036,'2017-10-19 04:19:54',1139,30,'plato de papas fritas',7,'Especiales de la casa',1,NULL,NULL,0,80,1),(2037,'2017-10-19 04:21:02',1140,62,'gaseosa',11,'bebidas',1,NULL,NULL,0,30,1),(2038,'2017-10-19 04:21:41',1141,135,'cigarros',16,'Vetrina',1,NULL,NULL,0,65,23),(2039,'2017-10-19 04:27:14',1142,30,'plato de papas fritas',7,'Especiales de la casa',1,NULL,NULL,0,80,1),(2040,'2017-10-19 04:30:02',1143,30,'plato de papas fritas',7,'Especiales de la casa',1,NULL,NULL,0,80,1),(2041,'2017-10-19 04:30:02',1143,62,'gaseosa',11,'bebidas',1,NULL,NULL,0,30,1),(2042,'2017-10-19 04:50:57',1144,30,'plato de papas fritas',7,'Especiales de la casa',1,NULL,NULL,0,80,1),(2043,'2017-10-19 05:00:13',1145,59,'agua',11,'bebidas',1,NULL,NULL,0,20,1),(2044,'2017-10-19 05:05:03',1146,151,'pringels',16,'Vetrina',1,NULL,NULL,0,35,1),(2045,'2017-10-19 05:07:55',1147,146,'bisli',16,'Vetrina',1,NULL,NULL,0,35,127),(2046,'2017-10-19 05:24:07',1148,59,'agua',11,'bebidas',1,NULL,NULL,0,20,146),(2047,'2017-10-19 05:31:27',1149,62,'gaseosa',11,'bebidas',1,NULL,NULL,0,30,129),(2048,'2017-10-19 07:02:44',1150,68,'nescafe',12,'Bebidas caliente',1,NULL,NULL,0,30,91),(2049,'2017-10-19 07:02:57',1151,68,'nescafe',12,'Bebidas caliente',1,NULL,NULL,0,30,93),(2050,'2017-10-19 07:03:17',1152,67,'te',12,'Bebidas caliente',1,NULL,NULL,0,20,144),(2051,'2017-10-19 07:03:28',1153,68,'nescafe',12,'Bebidas caliente',1,NULL,NULL,0,30,123),(2052,'2017-10-19 10:29:54',1154,68,'nescafe',12,'Bebidas caliente',1,NULL,NULL,0,30,117),(2053,'2017-10-19 10:30:16',1155,68,'nescafe',12,'Bebidas caliente',1,NULL,NULL,0,30,142),(2054,'2017-10-19 10:33:50',1156,53,'malteada de oreo',10,'Postres',1,NULL,NULL,0,80,118),(2055,'2017-10-19 11:15:41',1157,68,'nescafe',12,'Bebidas caliente',1,NULL,NULL,0,30,130),(2056,'2017-10-19 11:16:07',1158,68,'nescafe',12,'Bebidas caliente',1,NULL,NULL,0,30,131),(2057,'2017-10-19 11:21:40',1159,6,'shakshuka',1,'Desayunos',1,'pan pita(0),',NULL,0,120,142),(2058,'2017-10-19 11:47:10',1160,2,'musli',1,'Desayunos',1,'sandia(0),melon(0),pine(0),yogurth(0),granola(0),',NULL,0,100,119),(2059,'2017-10-19 11:48:10',1161,68,'nescafe',12,'Bebidas caliente',1,NULL,NULL,0,30,138),(2060,'2017-10-19 11:53:31',1162,161,'toalla',1,'Desayunos',1,NULL,NULL,0,200,147),(2061,'2017-10-19 11:53:41',1163,161,'toalla',1,'Desayunos',1,NULL,NULL,0,200,149),(2062,'2017-10-19 12:30:14',1164,68,'nescafe',12,'Bebidas caliente',1,NULL,NULL,0,30,147),(2063,'2017-10-19 12:31:39',1165,68,'nescafe',12,'Bebidas caliente',1,NULL,NULL,0,30,149),(2064,'2017-10-19 12:35:08',1166,66,'jogo natural en leche',11,'bebidas',1,'fresa(0),banana(0),',NULL,0,60,1),(2065,'2017-10-19 12:35:08',1166,65,'jugo natural en agua',11,'bebidas',1,'fresa(0),pine(0),banana(0),',NULL,0,50,1),(2066,'2017-10-19 12:41:24',1167,54,'malteada de kinder bueno',10,'Postres',1,'kinder bueno(30),',NULL,0,130,127),(2067,'2017-10-19 12:42:02',1168,69,'cafe ',12,'Bebidas caliente',1,NULL,NULL,0,30,143),(2068,'2017-10-19 13:30:20',1169,135,'cigarros',16,'Vetrina',1,NULL,NULL,0,65,143),(2069,'2017-10-19 13:39:40',1170,65,'jugo natural en agua',11,'bebidas',1,'sandia(0),',NULL,0,50,1),(2070,'2017-10-19 13:39:40',1170,65,'jugo natural en agua',11,'bebidas',1,'sandia(0),',NULL,0,50,1),(2071,'2017-10-19 13:39:40',1170,33,'malawah',7,'Especiales de la casa',1,NULL,'con aguacate aparte',0,120,1),(2072,'2017-10-19 13:39:40',1170,16,'ensalada jerusalem',4,'Ensalada',1,'pepino(0),garbanzo caliente(0),cilantro(0),huevo doro(0),tajini(0),aguacate(20),',NULL,0,120,1),(2073,'2017-10-19 14:03:47',1171,59,'agua',11,'bebidas',1,NULL,NULL,0,20,118),(2074,'2017-10-19 14:06:08',1172,178,'orden dia especial ',17,'cena especial',1,'couscous(180),',NULL,0,180,130),(2075,'2017-10-19 14:06:21',1173,178,'orden dia especial ',17,'cena especial',1,'couscous(180),',NULL,0,180,131),(2076,'2017-10-19 14:10:18',1174,18,'ensalada de pollo',4,'Ensalada',1,NULL,NULL,0,150,1),(2077,'2017-10-19 14:10:18',1174,88,'EXTRA',15,'Extras',1,NULL,NULL,0,0,1),(2078,'2017-10-19 14:10:18',1174,121,'pollo ',15,'Extras',1,NULL,NULL,0,80,1),(2079,'2017-10-19 14:10:18',1174,18,'ensalada de pollo',4,'Ensalada',1,NULL,NULL,0,150,1),(2080,'2017-10-19 14:10:18',1174,88,'EXTRA',15,'Extras',1,NULL,NULL,0,0,1),(2081,'2017-10-19 14:10:18',1174,121,'pollo ',15,'Extras',1,NULL,NULL,0,80,1),(2082,'2017-10-19 14:10:18',1174,62,'gaseosa',11,'bebidas',1,NULL,NULL,0,30,1),(2083,'2017-10-19 14:16:19',1175,59,'agua',11,'bebidas',1,NULL,NULL,0,20,130),(2084,'2017-10-19 14:29:30',1176,18,'ensalada de pollo',4,'Ensalada',1,'pechuga de pollo (0),pepino(0),tomate(0),cebolla(0),',NULL,0,150,119),(2085,'2017-10-19 14:38:24',1177,6,'shakshuka',1,'Desayunos',1,NULL,'mas cocido',0,120,18),(2086,'2017-10-19 14:53:00',1178,161,'toalla',1,'Desayunos',1,NULL,NULL,0,200,151),(2087,'2017-10-19 15:05:00',1179,57,'pancake',1,'Desayunos',1,NULL,NULL,0,120,118),(2088,'2017-10-19 15:10:55',1180,71,'corona',13,'Cerveza',1,NULL,NULL,0,40,129),(2089,'2017-10-19 15:10:55',1180,62,'gaseosa',11,'bebidas',1,NULL,NULL,0,30,129),(2090,'2017-10-19 15:10:55',1180,62,'gaseosa',11,'bebidas',1,NULL,NULL,0,30,129),(2091,'2017-10-19 15:27:28',1181,59,'agua',11,'bebidas',1,NULL,NULL,0,20,131),(2092,'2017-10-19 15:59:39',1182,23,'milanesa',1,'Desayunos',1,'arroz(0),ensalada(0),','con thina',0,150,9),(2093,'2017-10-19 16:03:42',1183,2,'musli',1,'Desayunos',1,NULL,NULL,0,100,9),(2094,'2017-10-19 16:03:42',1183,4,'desayuno israeli',1,'Desayunos',1,NULL,NULL,0,120,9),(2095,'2017-10-19 16:03:42',1183,181,'sandwich carne',19,'Sandwiches carnes',1,'milanesa(0),pan bagget(0),hummos(0),catsop(0),',NULL,0,150,9),(2096,'2017-10-19 16:03:42',1183,64,'te helado',11,'bebidas',1,NULL,NULL,0,35,9),(2097,'2017-10-19 16:19:14',1184,2,'musli',1,'Desayunos',1,NULL,NULL,0,100,9),(2098,'2017-10-19 16:19:14',1184,4,'desayuno israeli',1,'Desayunos',1,'ensalada(0),huevos homelet(0),EN LA ENSALADA(0),tomate(0),pepino(0),pan tostado (0),hummos(0),',NULL,0,120,9),(2099,'2017-10-19 16:19:14',1184,88,'EXTRA',1,'Desayunos',1,NULL,NULL,0,0,9),(2100,'2017-10-19 16:19:14',1184,134,'KOSHER',1,'Desayunos',1,NULL,NULL,0,50,9),(2101,'2017-10-19 16:19:14',1184,33,'malawah',7,'Especiales de la casa',1,NULL,NULL,0,120,9),(2102,'2017-10-19 17:14:55',1185,142,'pipa',1,'Desayunos',1,NULL,NULL,0,80,1),(2103,'2017-10-19 17:32:34',1186,31,'falfel pita',7,'Especiales de la casa',1,'pan pita(0),hummos(0),ensalada(0),',NULL,0,100,1),(2104,'2017-10-19 17:32:34',1186,31,'falfel pita',7,'Especiales de la casa',1,'pan pita(0),hummos(0),picnte(0),tajini(0),ensalada(0),',NULL,0,100,1),(2105,'2017-10-19 17:32:34',1186,88,'EXTRA',7,'Especiales de la casa',1,NULL,NULL,0,0,1),(2106,'2017-10-19 17:32:34',1186,-1,'Other',0,NULL,1,NULL,'BERENJENA COCIDO ADENTRO DEL PAN',0,20,1),(2107,'2017-10-19 17:39:19',1187,31,'falfel pita',7,'Especiales de la casa',1,'pan pita(0),hummos(0),ensalada(0),',NULL,0,100,138),(2108,'2017-10-19 17:49:03',1188,62,'gaseosa',11,'bebidas',1,NULL,NULL,0,30,138),(2109,'2017-10-19 17:49:27',1189,62,'gaseosa',11,'bebidas',1,NULL,NULL,0,30,156),(2110,'2017-10-19 17:49:37',1190,62,'gaseosa',11,'bebidas',1,NULL,NULL,0,30,157),(2111,'2017-10-19 17:50:27',1191,38,'salteado de verduras / mukpatz',7,'Especiales de la casa',1,'pan bagget(0),picnte(0),pechoga de pollo con verdoras(0),',NULL,0,150,150),(2112,'2017-10-19 17:55:02',1192,38,'salteado de verduras / mukpatz',7,'Especiales de la casa',1,'arroz(0),',NULL,0,150,127),(2113,'2017-10-19 18:00:58',1193,62,'gaseosa',11,'bebidas',1,NULL,NULL,0,30,150),(2114,'2017-10-19 18:01:09',1194,62,'gaseosa',11,'bebidas',1,NULL,NULL,0,30,140),(2115,'2017-10-19 18:14:54',1195,140,'grinder',16,'Vetrina',1,NULL,NULL,0,100,147),(2116,'2017-10-19 18:20:20',1196,142,'pipa',1,'Desayunos',1,NULL,NULL,0,80,147),(2117,'2017-10-19 18:20:20',1196,64,'te helado',1,'Desayunos',1,NULL,NULL,0,35,147),(2118,'2017-10-19 18:20:34',1197,59,'agua',11,'bebidas',1,NULL,NULL,0,20,129),(2119,'2017-10-19 18:21:31',1198,62,'gaseosa',11,'bebidas',1,NULL,NULL,0,30,129),(2120,'2017-10-19 18:22:08',1199,57,'pancake',1,'Desayunos',1,'nutella(0),helado(0),banana(0),',NULL,0,120,126),(2121,'2017-10-19 18:24:20',1200,65,'jugo natural en agua',11,'bebidas',1,'sandia(0),',NULL,0,50,118),(2122,'2017-10-19 18:49:59',1201,23,'milanesa',6,'Comidas',1,'arroz(0),ensalada(0),EXTRA(0),papas a la francesa(30),',NULL,0,180,1),(2123,'2017-10-19 18:49:59',1201,23,'milanesa',6,'Comidas',1,'arroz(0),ensalada(0),EXTRA(0),papas a la francesa(30),',NULL,0,180,1),(2124,'2017-10-19 18:49:59',1201,88,'EXTRA',6,'Comidas',1,NULL,NULL,0,0,1),(2125,'2017-10-19 18:49:59',1201,134,'KOSHER',6,'Comidas',1,NULL,NULL,0,50,1),(2126,'2017-10-19 18:49:59',1201,134,'KOSHER',6,'Comidas',1,NULL,NULL,0,50,1),(2127,'2017-10-19 18:49:59',1201,71,'corona',13,'Cerveza',1,NULL,NULL,0,40,1),(2128,'2017-10-19 18:49:59',1201,71,'corona',13,'Cerveza',1,NULL,NULL,0,40,1),(2129,'2017-10-19 19:37:47',1202,18,'ensalada de pollo',4,'Ensalada',1,NULL,'sin lechuga',0,150,119),(2130,'2017-10-19 19:43:32',1203,59,'agua',11,'bebidas',1,NULL,NULL,0,20,91),(2131,'2017-10-19 19:55:20',1204,71,'corona',13,'Cerveza',1,NULL,NULL,0,40,1),(2132,'2017-10-19 20:02:49',1205,59,'agua',11,'bebidas',1,NULL,NULL,0,20,131),(2133,'2017-10-19 20:02:49',1205,68,'nescafe',12,'Bebidas caliente',1,NULL,NULL,0,30,131),(2134,'2017-10-19 20:21:09',1206,59,'agua',11,'bebidas',1,NULL,NULL,0,20,119),(2135,'2017-10-19 20:22:11',1207,135,'cigarros',16,'Vetrina',1,NULL,NULL,0,65,1),(2136,'2017-10-19 20:22:11',1207,135,'cigarros',16,'Vetrina',1,NULL,NULL,0,65,1),(2137,'2017-10-19 20:25:28',1208,16,'ensalada jerusalem',4,'Ensalada',1,NULL,'thina aprte',0,100,90),(2138,'2017-10-19 20:25:28',1208,59,'agua',11,'bebidas',1,NULL,NULL,0,20,90),(2139,'2017-10-19 20:25:28',1208,106,'pan pita',15,'Extras',1,NULL,NULL,0,10,90),(2140,'2017-10-19 20:26:01',1209,67,'te',12,'Bebidas caliente',1,NULL,NULL,0,20,1),(2141,'2017-10-19 20:28:43',1210,23,'milanesa',6,'Comidas',1,'KOSHER(50),','pita',0,200,91),(2142,'2017-10-19 20:29:03',1211,23,'milanesa',6,'Comidas',1,'KOSHER(50),',NULL,0,200,93),(2143,'2017-10-19 20:29:20',1212,23,'milanesa',6,'Comidas',1,'KOSHER(50),',NULL,0,200,92),(2144,'2017-10-19 20:30:54',1213,6,'shakshuka',1,'Desayunos',1,NULL,'picante',0,120,123),(2145,'2017-10-19 20:34:04',1214,64,'te helado',11,'bebidas',1,NULL,NULL,0,35,123),(2146,'2017-10-19 20:34:04',1214,135,'cigarros',16,'Vetrina',1,NULL,NULL,0,65,123),(2147,'2017-10-19 20:49:48',1215,62,'gaseosa',11,'bebidas',1,NULL,NULL,0,30,93),(2148,'2017-10-19 20:50:16',1216,64,'te helado',11,'bebidas',1,NULL,NULL,0,35,92),(2149,'2017-10-19 20:52:37',1217,135,'cigarros',16,'Vetrina',1,NULL,NULL,0,65,23),(2150,'2017-10-19 21:12:28',1218,59,'agua',11,'bebidas',1,NULL,NULL,0,20,32),(2151,'2017-10-19 21:29:54',1219,65,'jugo natural en agua',11,'bebidas',1,'fresa(0),banana(0),',NULL,0,50,143),(2152,'2017-10-19 21:29:54',1219,51,'hummos falfel',1,'Desayunos',1,NULL,NULL,0,150,143),(2153,'2017-10-19 21:35:56',1220,85,'redbull',14,'Vodkas',1,NULL,NULL,0,50,140),(2154,'2017-10-19 21:38:56',1221,80,'shot taquilla',14,'Vodkas',1,NULL,NULL,0,80,143),(2155,'2017-10-19 21:46:25',1222,22,'pechuga de pollo  asado',6,'Comidas',1,'arroz(0),',NULL,0,150,144),(2156,'2017-10-19 21:46:25',1222,22,'pechuga de pollo  asado',6,'Comidas',1,'arroz(0),',NULL,0,150,144),(2157,'2017-10-19 21:46:25',1222,59,'agua',11,'bebidas',1,NULL,NULL,0,20,144),(2158,'2017-10-19 21:46:25',1222,71,'corona',13,'Cerveza',1,NULL,NULL,0,40,144),(2159,'2017-10-19 21:52:03',1223,59,'agua',11,'bebidas',1,NULL,NULL,0,20,123),(2160,'2017-10-19 21:56:19',1224,23,'milanesa',6,'Comidas',1,'papas a la francesa(0),ensalada(0),','en pan pita',0,150,145),(2161,'2017-10-19 21:56:19',1224,48,'hummos de la casa',9,'Hummos',1,NULL,NULL,0,120,145),(2162,'2017-10-19 21:59:39',1225,23,'milanesa',6,'Comidas',1,'papas a la francesa(0),ensalada(0),','en pan pita',0,150,145),(2163,'2017-10-19 21:59:39',1225,48,'hummos de la casa',9,'Hummos',1,NULL,NULL,0,120,145),(2164,'2017-10-19 22:01:05',1226,85,'redbull',14,'Vodkas',1,NULL,NULL,0,50,92),(2165,'2017-10-19 22:01:05',1226,85,'redbull',14,'Vodkas',1,NULL,NULL,0,50,92),(2166,'2017-10-19 22:13:36',1227,74,'vaso de smirnoff con redbull',14,'Vodkas',1,NULL,NULL,0,120,142),(2167,'2017-10-19 22:19:18',1228,31,'falfel pita',7,'Especiales de la casa',1,'pan pita(0),ensalada(0),',NULL,0,100,144),(2168,'2017-10-19 22:26:05',1229,81,'botella de smirnoff',14,'Vodkas',1,NULL,NULL,0,600,149),(2169,'2017-10-19 22:26:05',1229,85,'redbull',14,'Vodkas',1,NULL,NULL,0,50,149),(2170,'2017-10-19 22:26:05',1229,85,'redbull',14,'Vodkas',1,NULL,NULL,0,50,149),(2171,'2017-10-19 22:26:05',1229,85,'redbull',14,'Vodkas',1,NULL,NULL,0,50,149),(2172,'2017-10-19 22:26:05',1229,85,'redbull',14,'Vodkas',1,NULL,NULL,0,50,149),(2173,'2017-10-19 22:26:29',1230,72,'Heineken ',13,'Cerveza',1,NULL,NULL,0,50,144),(2174,'2017-10-19 22:28:46',1231,145,'cochara',16,'Vetrina',1,NULL,NULL,0,50,149),(2175,'2017-10-19 22:28:57',1232,145,'cochara',16,'Vetrina',1,NULL,NULL,0,50,148),(2176,'2017-10-19 22:36:45',1233,30,'plato de papas fritas',7,'Especiales de la casa',1,NULL,NULL,0,80,148),(2177,'2017-10-19 22:45:07',1234,81,'botella de smirnoff',14,'Vodkas',1,NULL,NULL,0,600,150),(2178,'2017-10-19 22:48:12',1235,72,'Heineken ',13,'Cerveza',1,NULL,NULL,0,50,93),(2179,'2017-10-19 22:48:28',1236,30,'plato de papas fritas',7,'Especiales de la casa',1,NULL,NULL,0,80,148),(2180,'2017-10-19 22:48:42',1237,85,'redbull',14,'Vodkas',1,NULL,NULL,0,50,92),(2181,'2017-10-19 22:50:41',1238,59,'agua',11,'bebidas',1,NULL,NULL,0,20,145),(2182,'2017-10-19 22:56:02',1239,85,'redbull',14,'Vodkas',1,NULL,NULL,0,50,148),(2183,'2017-10-19 22:57:26',1240,135,'cigarros',16,'Vetrina',1,NULL,NULL,0,65,123),(2184,'2017-10-19 23:10:33',1241,140,'grinder',1,'Desayunos',1,NULL,NULL,0,100,1),(2185,'2017-10-19 23:10:33',1241,135,'cigarros',16,'Vetrina',1,NULL,NULL,0,65,1),(2186,'2017-10-19 23:12:47',1242,72,'Heineken ',13,'Cerveza',1,NULL,NULL,0,50,90),(2187,'2017-10-19 23:14:28',1243,85,'redbull',14,'Vodkas',1,NULL,NULL,0,50,90),(2188,'2017-10-19 23:25:07',1244,135,'cigarros',16,'Vetrina',1,NULL,NULL,0,65,92),(2189,'2017-10-19 23:36:15',1245,54,'malteada de kinder bueno',10,'Postres',1,NULL,NULL,0,100,156),(2190,'2017-10-19 23:36:38',1246,62,'gaseosa',11,'bebidas',1,NULL,NULL,0,30,157),(2191,'2017-10-19 23:39:17',1247,85,'redbull',14,'Vodkas',1,NULL,NULL,0,50,149),(2192,'2017-10-19 23:39:31',1248,85,'redbull',14,'Vodkas',1,NULL,NULL,0,50,145),(2193,'2017-10-19 23:41:40',1249,62,'gaseosa',11,'bebidas',1,NULL,NULL,0,30,131),(2194,'2017-10-19 23:45:31',1250,72,'Heineken ',13,'Cerveza',1,NULL,NULL,0,50,91),(2195,'2017-10-19 23:48:32',1251,85,'redbull',14,'Vodkas',1,NULL,NULL,0,50,91),(2196,'2017-10-19 23:49:07',1252,85,'redbull',14,'Vodkas',1,NULL,NULL,0,50,123),(2197,'2017-10-19 23:55:10',1253,72,'Heineken ',13,'Cerveza',1,NULL,NULL,0,50,23),(2198,'2017-10-20 00:02:33',1254,57,'pancake',10,'Postres',1,'nutella(0),helado(0),banana(0),fresa(10),pine(10),oreo(30),kinder bueno(30),',NULL,0,200,130),(2199,'2017-10-20 00:11:11',1255,74,'vaso de smirnoff con redbull',14,'Vodkas',1,NULL,NULL,0,120,142),(2200,'2017-10-20 00:13:23',1256,72,'Heineken ',13,'Cerveza',1,NULL,NULL,0,50,91),(2201,'2017-10-20 00:15:35',1257,85,'redbull',14,'Vodkas',1,NULL,NULL,0,50,123),(2202,'2017-10-20 00:18:03',1258,85,'redbull',14,'Vodkas',1,NULL,NULL,0,50,91),(2203,'2017-10-20 00:23:14',1259,80,'shot taquilla',14,'Vodkas',1,NULL,NULL,0,80,148),(2204,'2017-10-20 00:23:14',1259,80,'shot taquilla',14,'Vodkas',1,NULL,NULL,0,80,148),(2205,'2017-10-20 00:23:14',1259,80,'shot taquilla',14,'Vodkas',1,NULL,NULL,0,80,148),(2206,'2017-10-20 00:23:14',1259,80,'shot taquilla',14,'Vodkas',1,NULL,NULL,0,80,148),(2207,'2017-10-20 00:24:26',1260,59,'agua',11,'bebidas',1,NULL,NULL,0,20,143),(2208,'2017-10-20 00:36:05',1261,80,'shot taquilla',14,'Vodkas',1,NULL,NULL,0,80,148),(2209,'2017-10-20 00:36:05',1261,80,'shot taquilla',14,'Vodkas',1,NULL,NULL,0,80,148),(2210,'2017-10-20 00:36:05',1261,80,'shot taquilla',14,'Vodkas',1,NULL,NULL,0,80,148),(2211,'2017-10-20 00:36:05',1261,80,'shot taquilla',14,'Vodkas',1,NULL,NULL,0,80,148),(2212,'2017-10-20 00:36:05',1261,80,'shot taquilla',14,'Vodkas',1,NULL,NULL,0,80,148),(2213,'2017-10-20 00:36:05',1261,80,'shot taquilla',14,'Vodkas',1,NULL,NULL,0,80,148),(2214,'2017-10-20 00:37:25',1262,85,'redbull',14,'Vodkas',1,NULL,NULL,0,50,148),(2215,'2017-10-20 00:41:46',1263,166,'shampo',16,'Vetrina',1,NULL,NULL,0,80,159),(2216,'2017-10-20 00:46:17',1264,72,'Heineken ',13,'Cerveza',1,NULL,NULL,0,50,93),(2217,'2017-10-20 00:50:06',1265,135,'cigarros',16,'Vetrina',1,NULL,NULL,0,65,23),(2218,'2017-10-20 00:50:27',1266,135,'cigarros',16,'Vetrina',1,NULL,NULL,0,65,92),(2219,'2017-10-20 00:52:12',1267,80,'shot taquilla',14,'Vodkas',1,NULL,NULL,0,80,126),(2220,'2017-10-20 00:52:12',1267,80,'shot taquilla',14,'Vodkas',1,NULL,NULL,0,80,126),(2221,'2017-10-20 00:52:12',1267,80,'shot taquilla',14,'Vodkas',1,NULL,NULL,0,80,126),(2222,'2017-10-20 00:52:12',1267,80,'shot taquilla',14,'Vodkas',1,NULL,NULL,0,80,126),(2223,'2017-10-20 00:52:47',1268,80,'shot taquilla',14,'Vodkas',1,NULL,NULL,0,80,147),(2224,'2017-10-20 00:52:47',1268,80,'shot taquilla',14,'Vodkas',1,NULL,NULL,0,80,147),(2225,'2017-10-20 00:58:58',1269,74,'vaso de smirnoff con redbull',14,'Vodkas',1,NULL,NULL,0,120,159),(2226,'2017-10-20 01:14:06',1270,16,'ensalada jerusalem',4,'Ensalada',1,NULL,NULL,0,100,159),(2227,'2017-10-20 01:40:55',1271,16,'ensalada jerusalem',4,'Ensalada',1,NULL,NULL,0,100,159),(2228,'2017-10-20 03:22:09',1272,42,'pasta napolitana',8,'pastas',1,NULL,NULL,0,120,131),(2229,'2017-10-20 03:37:35',1273,50,'hummos champinones y cebolla',9,'Hummos',1,'champinones(0),','sin cebolls',0,150,138),(2230,'2017-10-20 03:37:35',1273,64,'te helado',11,'bebidas',1,NULL,NULL,0,35,138),(2231,'2017-10-20 03:38:10',1274,59,'agua',11,'bebidas',1,NULL,NULL,0,20,91),(2232,'2017-10-20 03:39:49',1275,59,'agua',11,'bebidas',1,NULL,NULL,0,20,144),(2233,'2017-10-20 03:41:22',1276,71,'corona',13,'Cerveza',1,NULL,NULL,0,40,144),(2234,'2017-10-20 03:44:41',1277,153,'helado',16,'Vetrina',1,NULL,NULL,0,40,118),(2235,'2017-10-20 03:45:23',1278,42,'pasta napolitana',8,'pastas',1,NULL,NULL,0,120,138),(2236,'2017-10-20 03:45:51',1279,31,'falfel pita',7,'Especiales de la casa',1,'picnte(0),ensalada(0),',NULL,0,100,145),(2237,'2017-10-20 03:46:16',1280,33,'malawah',7,'Especiales de la casa',1,NULL,NULL,0,120,119),(2238,'2017-10-20 03:52:37',1281,62,'gaseosa',11,'bebidas',1,NULL,NULL,0,30,143),(2239,'2017-10-20 03:53:32',1282,135,'cigarros',16,'Vetrina',1,NULL,NULL,0,65,123),(2240,'2017-10-20 03:53:32',1282,135,'cigarros',16,'Vetrina',1,NULL,NULL,0,65,123),(2241,'2017-10-20 03:55:21',1283,64,'te helado',11,'bebidas',1,NULL,NULL,0,35,123),(2242,'2017-10-20 03:58:30',1284,59,'agua',11,'bebidas',1,NULL,NULL,0,20,148),(2243,'2017-10-20 04:00:12',1285,59,'agua',11,'bebidas',1,NULL,NULL,0,20,145),(2244,'2017-10-20 04:09:33',1286,59,'agua',11,'bebidas',1,NULL,NULL,0,20,91),(2245,'2017-10-20 04:23:30',1287,59,'agua',11,'bebidas',1,NULL,NULL,0,20,157),(2246,'2017-10-20 04:24:06',1288,59,'agua',11,'bebidas',1,NULL,NULL,0,20,144),(2247,'2017-10-20 04:26:06',1289,59,'agua',11,'bebidas',1,NULL,NULL,0,20,148),(2248,'2017-10-20 04:26:28',1290,153,'helado',16,'Vetrina',1,NULL,NULL,0,40,92),(2249,'2017-10-20 04:31:25',1291,59,'agua',11,'bebidas',1,NULL,NULL,0,20,91),(2250,'2017-10-20 04:47:09',1292,59,'agua',11,'bebidas',1,NULL,NULL,0,20,91),(2251,'2017-10-20 05:01:31',1293,31,'falfel pita',7,'Especiales de la casa',1,'pan pita(0),hummos(0),tajini(0),ensalada(0),',NULL,0,100,147),(2252,'2017-10-20 05:01:31',1293,31,'falfel pita',7,'Especiales de la casa',1,'hummos(0),tajini(0),ensalada(0),',NULL,0,100,147),(2253,'2017-10-20 05:03:59',1294,135,'cigarros',16,'Vetrina',1,NULL,NULL,0,65,92),(2254,'2017-10-20 05:45:24',1295,20,'tostada bulgara',5,'Tostadas',1,'salsa pizza(0),',NULL,0,120,147),(2255,'2017-10-20 05:56:27',1296,59,'agua',11,'bebidas',1,NULL,NULL,0,20,148),(2256,'2017-10-20 05:59:23',1297,62,'gaseosa',11,'bebidas',1,NULL,NULL,0,30,149),(2257,'2017-10-20 05:59:36',1298,62,'gaseosa',11,'bebidas',1,NULL,NULL,0,30,147),(2258,'2017-10-20 06:32:50',1299,62,'gaseosa',11,'bebidas',1,NULL,NULL,0,30,126),(2259,'2017-10-20 09:33:57',1300,70,'chocolate',12,'Bebidas caliente',1,NULL,NULL,0,25,156),(2260,'2017-10-20 09:34:09',1301,70,'chocolate',12,'Bebidas caliente',1,NULL,NULL,0,25,127),(2261,'2017-10-20 10:03:18',1302,59,'agua',11,'bebidas',1,NULL,NULL,0,20,128),(2262,'2017-10-20 10:03:18',1302,62,'gaseosa',11,'bebidas',1,NULL,NULL,0,30,128),(2263,'2017-10-20 10:06:50',1303,19,'tostada de queso',5,'Tostadas',1,' pan bimbo(0),salsa pizza(0),queso(0),aceitunas verde(0),',NULL,0,100,151),(2264,'2017-10-20 10:06:50',1303,94,'tomate',5,'Tostadas',1,NULL,NULL,0,15,151),(2265,'2017-10-20 10:07:09',1304,6,'shakshuka',1,'Desayunos',1,NULL,NULL,0,120,158),(2266,'2017-10-20 10:18:40',1305,69,'cafe ',12,'Bebidas caliente',1,'cafe frio(0),',NULL,0,30,151),(2267,'2017-10-20 10:22:27',1306,3,'Desayuno de la casa',1,'Desayunos',1,NULL,NULL,0,100,161),(2268,'2017-10-20 10:22:27',1306,65,'jugo natural en agua',11,'bebidas',1,'melon(0),',NULL,0,50,161),(2269,'2017-10-20 10:23:27',1307,63,'jugos en botalla',11,'bebidas',1,NULL,NULL,0,35,158),(2270,'2017-10-20 10:23:34',1308,67,'te',12,'Bebidas caliente',1,NULL,NULL,0,20,144),(2271,'2017-10-20 10:38:13',1309,68,'nescafe',12,'Bebidas caliente',1,NULL,NULL,0,30,130),(2272,'2017-10-20 11:38:15',1310,65,'jugo natural en agua',11,'bebidas',1,'sandia(0),',NULL,0,50,1),(2273,'2017-10-20 11:38:15',1310,65,'jugo natural en agua',11,'bebidas',1,'sandia(0),',NULL,0,50,1),(2274,'2017-10-20 11:38:15',1310,3,'Desayuno de la casa',1,'Desayunos',1,'EN LA ENSALADA(0),pepino(0),Zanahoria(0),',NULL,0,100,1),(2275,'2017-10-20 11:38:15',1310,130,'aguacate',1,'Desayunos',1,NULL,NULL,0,20,1),(2276,'2017-10-20 11:38:15',1310,16,'ensalada jerusalem',4,'Ensalada',1,NULL,'sin thina',0,100,1),(2277,'2017-10-20 11:38:15',1310,130,'aguacate',4,'Ensalada',1,NULL,NULL,0,20,1),(2278,'2017-10-20 11:40:28',1311,33,'malawah',7,'Especiales de la casa',1,NULL,NULL,0,120,90),(2279,'2017-10-20 11:40:28',1311,67,'te',12,'Bebidas caliente',1,NULL,NULL,0,20,90),(2280,'2017-10-20 11:44:23',1312,161,'toalla',1,'Desayunos',1,NULL,NULL,0,200,154),(2281,'2017-10-20 11:48:45',1313,68,'nescafe',12,'Bebidas caliente',1,NULL,NULL,0,30,142),(2282,'2017-10-20 11:54:39',1314,59,'agua',11,'bebidas',1,NULL,NULL,0,20,140),(2283,'2017-10-20 11:58:47',1315,4,'desayuno israeli',1,'Desayunos',1,NULL,NULL,0,120,142),(2284,'2017-10-20 12:00:54',1316,16,'ensalada jerusalem',4,'Ensalada',1,NULL,NULL,0,100,118),(2285,'2017-10-20 12:01:20',1317,59,'agua',11,'bebidas',1,NULL,NULL,0,20,91),(2286,'2017-10-20 12:08:21',1318,59,'agua',11,'bebidas',1,NULL,NULL,0,20,150),(2287,'2017-10-20 12:09:55',1319,19,'tostada de queso',5,'Tostadas',1,' pan bimbo(0),salsa pizza(0),queso(0),aceitunas verde(0),',NULL,0,100,90),(2288,'2017-10-20 12:10:19',1320,64,'te helado',11,'bebidas',1,NULL,NULL,0,35,90),(2289,'2017-10-20 12:11:31',1321,176,'kidosh',17,'cena especial',1,NULL,NULL,0,200,162),(2290,'2017-10-20 12:11:38',1322,176,'kidosh',17,'cena especial',1,NULL,NULL,0,200,163),(2291,'2017-10-20 12:14:25',1323,65,'jugo natural en agua',11,'bebidas',1,'pine(0),mango(0),','MOCHO HILO',0,50,143),(2292,'2017-10-20 12:22:03',1324,20,'tostada bulgara',5,'Tostadas',1,NULL,NULL,0,120,1),(2293,'2017-10-20 12:22:03',1324,6,'shakshuka',1,'Desayunos',1,NULL,NULL,0,120,1),(2294,'2017-10-20 12:24:59',1325,6,'shakshuka',1,'Desayunos',1,NULL,NULL,0,120,1),(2295,'2017-10-20 12:24:59',1325,20,'tostada bulgara',5,'Tostadas',1,NULL,NULL,0,120,1),(2296,'2017-10-20 12:28:44',1326,2,'musli',1,'Desayunos',1,'sandia(0),pine(0),',NULL,0,100,119),(2297,'2017-10-20 12:39:02',1327,21,'tostada de atun',5,'Tostadas',1,NULL,NULL,0,120,90),(2298,'2017-10-20 12:39:02',1327,21,'tostada de atun',5,'Tostadas',1,NULL,NULL,0,120,90),(2299,'2017-10-20 12:39:02',1327,64,'te helado',11,'bebidas',1,NULL,NULL,0,35,90),(2300,'2017-10-20 12:49:34',1328,62,'gaseosa',11,'bebidas',1,NULL,NULL,0,30,90),(2302,'2017-10-20 13:17:14',1330,135,'cigarros',16,'Vetrina',1,NULL,NULL,0,65,143),(2303,'2017-10-20 13:17:15',1331,68,'nescafe',12,'Bebidas caliente',1,NULL,NULL,0,30,145),(2304,'2017-10-20 13:17:15',1331,14,'ensalada griega',4,'Ensalada',1,NULL,NULL,0,100,145),(2305,'2017-10-20 13:44:21',1332,59,'agua',11,'bebidas',1,NULL,NULL,0,20,144),(2306,'2017-10-20 13:58:11',1333,59,'agua',11,'bebidas',1,NULL,NULL,0,20,147),(2307,'2017-10-20 14:09:37',1334,153,'helado',16,'Vetrina',1,NULL,NULL,0,40,164),(2308,'2017-10-20 14:09:37',1334,152,'artik',16,'Vetrina',1,NULL,NULL,0,30,164),(2309,'2017-10-20 14:29:18',1335,64,'te helado',11,'bebidas',1,NULL,NULL,0,35,140),(2310,'2017-10-20 14:39:07',1336,51,'hummos falfel',9,'Hummos',1,NULL,NULL,0,150,1),(2311,'2017-10-20 14:39:07',1336,33,'malawah',7,'Especiales de la casa',1,NULL,NULL,0,120,1),(2312,'2017-10-20 14:39:07',1336,14,'ensalada griega',4,'Ensalada',1,NULL,NULL,0,100,1),(2313,'2017-10-20 15:15:24',1337,47,'pasta bolonesa',8,'pastas',1,NULL,NULL,0,150,9),(2314,'2017-10-20 15:20:03',1338,42,'pasta napolitana',8,'pastas',1,NULL,NULL,0,120,161),(2315,'2017-10-20 15:20:03',1338,65,'jugo natural en agua',11,'bebidas',1,'sandia(0),',NULL,0,50,161),(2316,'2017-10-20 15:22:05',1339,153,'helado',16,'Vetrina',1,NULL,NULL,0,40,142),(2317,'2017-10-20 15:23:16',1340,153,'helado',16,'Vetrina',1,NULL,NULL,0,40,118),(2318,'2017-10-20 15:24:28',1341,59,'agua',11,'bebidas',1,NULL,NULL,0,20,9),(2319,'2017-10-20 15:33:21',1342,14,'ensalada griega',1,'Desayunos',1,NULL,NULL,0,100,1),(2320,'2017-10-20 15:33:21',1342,51,'hummos falfel',1,'Desayunos',1,NULL,NULL,0,150,1),(2321,'2017-10-20 15:33:21',1342,33,'malawah',1,'Desayunos',1,NULL,NULL,0,120,1),(2322,'2017-10-20 16:53:54',1343,176,'kidosh',17,'cena especial',1,NULL,NULL,0,200,131),(2323,'2017-10-20 16:54:02',1344,176,'kidosh',17,'cena especial',1,NULL,NULL,0,200,130),(2324,'2017-10-20 16:54:10',1345,176,'kidosh',17,'cena especial',1,NULL,NULL,0,200,156),(2325,'2017-10-20 16:54:22',1346,176,'kidosh',17,'cena especial',1,NULL,NULL,0,200,157),(2326,'2017-10-20 16:56:56',1347,176,'kidosh',17,'cena especial',1,NULL,NULL,0,200,144),(2327,'2017-10-20 16:57:04',1348,176,'kidosh',17,'cena especial',1,NULL,NULL,0,200,145),(2328,'2017-10-20 16:57:36',1349,176,'kidosh',17,'cena especial',1,NULL,NULL,0,200,151),(2329,'2017-10-20 16:57:49',1350,176,'kidosh',17,'cena especial',1,NULL,NULL,0,200,158),(2330,'2017-10-20 16:58:05',1351,176,'kidosh',17,'cena especial',1,NULL,NULL,0,200,164),(2331,'2017-10-20 16:58:14',1352,176,'kidosh',17,'cena especial',1,NULL,NULL,0,200,165),(2332,'2017-10-20 17:01:56',1353,176,'kidosh',17,'cena especial',1,NULL,NULL,0,200,140),(2333,'2017-10-20 17:02:03',1354,176,'kidosh',17,'cena especial',1,NULL,NULL,0,200,141),(2334,'2017-10-20 17:11:17',1355,71,'corona',13,'Cerveza',1,NULL,NULL,0,40,128),(2335,'2017-10-20 17:11:17',1355,71,'corona',13,'Cerveza',1,NULL,NULL,0,40,128),(2336,'2017-10-20 17:25:01',1356,59,'agua',11,'bebidas',1,NULL,NULL,0,20,157),(2337,'2017-10-20 17:30:46',1357,181,'sandwich carne',19,'Sandwiches carnes',1,'milanesa(0),pan bagget(0),hummos(0),picnte(0),ensalada(0),',NULL,0,150,33),(2338,'2017-10-20 17:51:29',1358,71,'corona',13,'Cerveza',1,NULL,NULL,0,40,166),(2339,'2017-10-20 18:12:26',1359,176,'kidosh',17,'cena especial',1,NULL,NULL,0,200,151),(2340,'2017-10-20 18:12:37',1360,176,'kidosh',17,'cena especial',1,NULL,NULL,0,200,158),(2341,'2017-10-20 18:21:08',1361,181,'sandwich carne',19,'Sandwiches carnes',1,'milanesa(0),pan pita(0),picnte(0),ensalada(0),','con aguacate',0,150,1),(2342,'2017-10-20 18:48:56',1362,176,'kidosh',17,'cena especial',1,NULL,NULL,0,200,123),(2343,'2017-10-20 18:49:24',1363,176,'kidosh',17,'cena especial',1,NULL,NULL,0,200,126),(2344,'2017-10-20 18:49:36',1364,176,'kidosh',17,'cena especial',1,NULL,NULL,0,200,149),(2345,'2017-10-20 18:49:48',1365,176,'kidosh',17,'cena especial',1,NULL,NULL,0,200,148),(2346,'2017-10-20 18:49:58',1366,176,'kidosh',17,'cena especial',1,NULL,NULL,0,200,147),(2347,'2017-10-20 20:01:30',1367,59,'agua',11,'bebidas',1,NULL,NULL,0,20,1),(2348,'2017-10-20 20:08:56',1368,62,'gaseosa',11,'bebidas',1,NULL,NULL,0,30,129),(2349,'2017-10-20 20:15:29',1369,176,'kidosh',17,'cena especial',1,NULL,NULL,0,200,142),(2350,'2017-10-20 20:24:53',1370,59,'agua',11,'bebidas',1,NULL,NULL,0,20,161),(2351,'2017-10-20 20:56:33',1371,135,'cigarros',16,'Vetrina',1,NULL,NULL,0,65,19),(2352,'2017-10-20 20:56:41',1372,135,'cigarros',16,'Vetrina',1,NULL,NULL,0,65,19),(2353,'2017-10-20 20:58:40',1373,135,'cigarros',16,'Vetrina',1,NULL,NULL,0,65,143),(2354,'2017-10-20 21:22:12',1374,71,'corona',13,'Cerveza',1,NULL,NULL,0,40,166),(2355,'2017-10-20 21:22:23',1375,74,'vaso de smirnoff con redbull',14,'Vodkas',1,NULL,NULL,0,120,145),(2356,'2017-10-20 21:22:44',1376,153,'helado',16,'Vetrina',1,NULL,NULL,0,40,118),(2357,'2017-10-20 21:37:09',1377,151,'pringels',16,'Vetrina',1,NULL,NULL,0,35,144),(2358,'2017-10-20 21:39:12',1378,74,'vaso de smirnoff con redbull',14,'Vodkas',1,NULL,NULL,0,120,144),(2359,'2017-10-20 21:39:12',1378,151,'pringels',16,'Vetrina',1,NULL,NULL,0,35,144),(2360,'2017-10-20 21:39:33',1379,71,'corona',13,'Cerveza',1,NULL,NULL,0,40,141),(2361,'2017-10-20 21:48:40',1380,74,'vaso de smirnoff con redbull',14,'Vodkas',1,NULL,NULL,0,120,123),(2362,'2017-10-20 21:49:37',1381,81,'botella de smirnoff',14,'Vodkas',1,NULL,NULL,0,600,1),(2363,'2017-10-20 21:49:37',1381,85,'redbull',14,'Vodkas',1,NULL,NULL,0,50,1),(2364,'2017-10-20 21:49:37',1381,85,'redbull',14,'Vodkas',1,NULL,NULL,0,50,1),(2365,'2017-10-20 21:49:37',1381,85,'redbull',14,'Vodkas',1,NULL,NULL,0,50,1),(2366,'2017-10-20 21:49:37',1381,85,'redbull',14,'Vodkas',1,NULL,NULL,0,50,1),(2367,'2017-10-20 22:08:06',1382,74,'vaso de smirnoff con redbull',14,'Vodkas',1,NULL,NULL,0,120,145),(2368,'2017-10-20 22:08:06',1382,74,'vaso de smirnoff con redbull',14,'Vodkas',1,NULL,NULL,0,120,145),(2369,'2017-10-20 22:10:49',1383,71,'corona',13,'Cerveza',1,NULL,NULL,0,40,1),(2370,'2017-10-20 22:15:25',1384,142,'pipa',16,'Vetrina',1,NULL,NULL,0,80,147),(2371,'2017-10-20 22:15:41',1385,64,'te helado',11,'bebidas',1,NULL,NULL,0,35,147),(2372,'2017-10-20 22:18:17',1386,74,'vaso de smirnoff con redbull',14,'Vodkas',1,NULL,NULL,0,120,123),(2373,'2017-10-20 22:20:19',1387,62,'gaseosa',11,'bebidas',1,NULL,NULL,0,30,166),(2374,'2017-10-20 22:28:26',1388,135,'cigarros',16,'Vetrina',1,NULL,NULL,0,65,123),(2375,'2017-10-20 23:00:43',1389,74,'vaso de smirnoff con redbull',14,'Vodkas',1,NULL,NULL,0,120,144),(2376,'2017-10-20 23:06:01',1390,85,'redbull',14,'Vodkas',1,NULL,NULL,0,50,1),(2377,'2017-10-20 23:06:01',1390,85,'redbull',14,'Vodkas',1,NULL,NULL,0,50,1),(2378,'2017-10-20 23:11:31',1391,62,'gaseosa',11,'bebidas',1,NULL,NULL,0,30,166),(2379,'2017-10-20 23:14:04',1392,85,'redbull',14,'Vodkas',1,NULL,NULL,0,50,1),(2380,'2017-10-20 23:31:09',1393,74,'vaso de smirnoff con redbull',14,'Vodkas',1,NULL,NULL,0,120,145),(2381,'2017-10-20 23:31:09',1393,74,'vaso de smirnoff con redbull',14,'Vodkas',1,NULL,NULL,0,120,145),(2382,'2017-10-20 23:33:22',1394,71,'corona',13,'Cerveza',1,NULL,NULL,0,40,123),(2383,'2017-10-20 23:33:22',1394,71,'corona',13,'Cerveza',1,NULL,NULL,0,40,123),(2384,'2017-10-20 23:34:28',1395,72,'Heineken ',13,'Cerveza',1,NULL,NULL,0,50,123),(2385,'2017-10-20 23:50:55',1396,155,'kinder bueno',16,'Vetrina',1,NULL,NULL,0,35,148),(2386,'2017-10-20 23:52:06',1397,71,'corona',13,'Cerveza',1,NULL,NULL,0,40,141),(2387,'2017-10-21 00:08:04',1398,71,'corona',13,'Cerveza',1,NULL,NULL,0,40,1),(2388,'2017-10-21 00:08:04',1398,71,'corona',13,'Cerveza',1,NULL,NULL,0,40,1),(2389,'2017-10-21 00:11:55',1399,74,'vaso de smirnoff con redbull',14,'Vodkas',1,NULL,NULL,0,120,144),(2390,'2017-10-21 00:16:25',1400,74,'vaso de smirnoff con redbull',14,'Vodkas',1,NULL,NULL,0,120,1),(2391,'2017-10-21 00:16:25',1400,74,'vaso de smirnoff con redbull',14,'Vodkas',1,NULL,NULL,0,120,1),(2392,'2017-10-21 00:17:16',1401,74,'vaso de smirnoff con redbull',14,'Vodkas',1,NULL,NULL,0,120,143),(2393,'2017-10-21 00:25:37',1402,59,'agua',11,'bebidas',1,NULL,NULL,0,20,131),(2394,'2017-10-21 00:51:58',1403,135,'cigarros',16,'Vetrina',1,NULL,NULL,0,65,1),(2395,'2017-10-21 00:58:49',1404,62,'gaseosa',11,'bebidas',1,NULL,NULL,0,30,166),(2396,'2017-10-21 01:08:26',1405,74,'vaso de smirnoff con redbull',14,'Vodkas',1,NULL,NULL,0,120,1),(2397,'2017-10-21 01:34:08',1406,71,'corona',13,'Cerveza',1,NULL,NULL,0,40,19),(2398,'2017-10-21 01:51:31',1407,135,'cigarros',16,'Vetrina',1,NULL,NULL,0,65,23),(2399,'2017-10-21 02:00:58',1408,59,'agua',11,'bebidas',1,NULL,NULL,0,20,1),(2400,'2017-10-21 02:15:33',1409,2,'musli',1,'Desayunos',1,NULL,NULL,0,100,119),(2401,'2017-10-21 02:16:10',1410,18,'ensalada de pollo',4,'Ensalada',1,NULL,NULL,0,150,1),(2402,'2017-10-21 02:25:25',1411,59,'agua',11,'bebidas',1,NULL,NULL,0,20,149),(2403,'2017-10-21 02:32:03',1412,64,'te helado',11,'bebidas',1,NULL,NULL,0,35,148),(2404,'2017-10-21 02:32:03',1412,59,'agua',11,'bebidas',1,NULL,NULL,0,20,148),(2405,'2017-10-21 02:32:03',1412,59,'agua',11,'bebidas',1,NULL,NULL,0,20,148),(2406,'2017-10-21 03:11:04',1413,8,'sandwich omelet',3,'Sandwiches',1,'pan pita(0),queso filli(0),ensalada(0),',NULL,0,100,32),(2407,'2017-10-21 03:14:38',1414,132,'papas fritas',15,'Extras',1,NULL,NULL,0,30,32),(2408,'2017-10-21 03:22:26',1415,74,'vaso de smirnoff con redbull',14,'Vodkas',1,NULL,NULL,0,120,9),(2409,'2017-10-21 03:37:16',1416,138,'filter conos',16,'Vetrina',1,NULL,NULL,0,70,1),(2411,'2017-10-21 03:43:54',1418,23,'milanesa',6,'Comidas',1,'papas a la francesa(0),ensalada(0),','en pan pita',0,150,1),(2412,'2017-10-21 03:48:54',1419,62,'gaseosa',11,'bebidas',1,NULL,NULL,0,30,1),(2413,'2017-10-21 03:48:58',1420,71,'corona',13,'Cerveza',1,NULL,NULL,0,40,1),(2414,'2017-10-21 03:52:02',1421,181,'sandwich carne',19,'Sandwiches carnes',1,'pargit(0),pan bagget(0),hummos(0),picnte(0),ensalada(0),',NULL,0,150,1),(2415,'2017-10-21 03:52:02',1421,181,'sandwich carne',19,'Sandwiches carnes',1,'pargit(0),pan bagget(0),hummos(0),picnte(0),ensalada(0),',NULL,0,150,1),(2416,'2017-10-21 03:52:02',1421,134,'KOSHER',19,'Sandwiches carnes',1,NULL,NULL,0,50,1),(2417,'2017-10-21 03:52:02',1421,134,'KOSHER',19,'Sandwiches carnes',1,NULL,NULL,0,50,1),(2418,'2017-10-21 03:52:02',1421,59,'agua',11,'bebidas',1,NULL,NULL,0,20,1),(2419,'2017-10-21 03:52:37',1422,59,'agua',11,'bebidas',1,NULL,NULL,0,20,1),(2420,'2017-10-21 03:55:56',1423,59,'agua',11,'bebidas',1,NULL,NULL,0,20,148),(2421,'2017-10-21 03:59:33',1424,23,'milanesa',6,'Comidas',1,'ensalada(0),KOSHER(50),','BAGUETTE',0,200,1),(2422,'2017-10-21 04:03:48',1425,59,'agua',11,'bebidas',1,NULL,NULL,0,20,130),(2423,'2017-10-21 04:03:59',1426,59,'agua',11,'bebidas',1,NULL,NULL,0,20,131),(2424,'2017-10-21 04:04:15',1427,59,'agua',11,'bebidas',1,NULL,NULL,0,20,141),(2425,'2017-10-21 04:05:28',1428,59,'agua',11,'bebidas',1,NULL,NULL,0,20,166),(2426,'2017-10-21 04:11:41',1429,135,'cigarros',16,'Vetrina',1,NULL,NULL,0,65,123),(2427,'2017-10-21 04:13:34',1430,71,'corona',13,'Cerveza',1,NULL,NULL,0,40,1),(2428,'2017-10-21 04:30:10',1431,59,'agua',11,'bebidas',1,NULL,NULL,0,20,164),(2429,'2017-10-21 04:34:31',1432,-1,'Other',0,NULL,1,NULL,'corona',0,30,1),(2430,'2017-10-21 04:36:13',1433,-1,'Other',0,NULL,1,NULL,'cigarro',0,50,1),(2431,'2017-10-21 04:42:52',1434,135,'cigarros',16,'Vetrina',1,NULL,NULL,0,65,1),(2432,'2017-10-21 04:54:30',1435,71,'corona',13,'Cerveza',1,NULL,NULL,0,40,166),(2433,'2017-10-21 04:58:27',1436,-1,'Other',0,NULL,1,NULL,'corona',0,30,1),(2434,'2017-10-21 05:12:02',1437,33,'malawah',7,'Especiales de la casa',1,'salsa de tomate(0),huevo doro(0),',NULL,0,120,148),(2435,'2017-10-21 05:17:37',1438,59,'agua',11,'bebidas',1,NULL,NULL,0,20,140),(2436,'2017-10-21 05:30:52',1439,71,'corona',13,'Cerveza',1,NULL,NULL,0,40,166),(2437,'2017-10-21 05:33:46',1440,62,'gaseosa',11,'bebidas',1,NULL,NULL,0,30,148),(2438,'2017-10-21 05:36:46',1441,153,'helado',16,'Vetrina',1,NULL,NULL,0,40,149),(2439,'2017-10-21 05:38:15',1442,59,'agua',11,'bebidas',1,NULL,NULL,0,20,149),(2440,'2017-10-21 05:54:16',1443,71,'corona',13,'Cerveza',1,NULL,NULL,0,40,166),(2441,'2017-10-21 06:16:58',1444,71,'corona',13,'Cerveza',1,NULL,NULL,0,40,166),(2442,'2017-10-21 06:59:59',1445,59,'agua',11,'bebidas',1,NULL,NULL,0,20,166),(2443,'2017-10-21 07:46:52',1446,68,'nescafe',12,'Bebidas caliente',1,NULL,NULL,0,30,160),(2446,'2017-10-21 08:03:38',1448,177,'jahnon',17,'cena especial',1,NULL,NULL,0,140,161),(2447,'2017-10-21 08:03:38',1448,63,'jugos en botalla',11,'bebidas',1,NULL,NULL,0,35,161),(2448,'2017-10-21 08:41:27',1449,6,'shakshuka',1,'Desayunos',1,NULL,NULL,0,120,159),(2449,'2017-10-21 08:41:27',1449,71,'corona',13,'Cerveza',1,NULL,NULL,0,40,159),(2450,'2017-10-21 08:41:27',1449,71,'corona',13,'Cerveza',1,NULL,NULL,0,40,159),(2451,'2017-10-21 08:53:25',1450,6,'shakshuka',1,'Desayunos',1,NULL,NULL,0,120,151),(2452,'2017-10-21 08:53:25',1450,68,'nescafe',12,'Bebidas caliente',1,NULL,NULL,0,30,151),(2453,'2017-10-21 08:56:32',1451,4,'desayuno israeli',1,'Desayunos',1,NULL,NULL,0,120,158),(2454,'2017-10-21 08:56:32',1451,-1,'Other',0,NULL,1,NULL,'cafe frio',0,50,158),(2455,'2017-10-21 09:11:26',1452,59,'agua',11,'bebidas',1,NULL,NULL,0,20,158),(2456,'2017-10-21 10:37:34',1453,67,'te',12,'Bebidas caliente',1,NULL,NULL,0,20,144),(2457,'2017-10-21 10:38:36',1454,68,'nescafe',12,'Bebidas caliente',1,NULL,NULL,0,30,145),(2458,'2017-10-21 11:01:21',1455,59,'agua',11,'bebidas',1,NULL,NULL,0,20,1),(2459,'2017-10-21 11:01:31',1456,59,'agua',11,'bebidas',1,NULL,NULL,0,20,131),(2460,'2017-10-21 11:01:59',1457,68,'nescafe',12,'Bebidas caliente',1,NULL,NULL,0,30,131),(2461,'2017-10-21 11:04:01',1458,68,'nescafe',12,'Bebidas caliente',1,NULL,NULL,0,30,130),(2462,'2017-10-21 11:09:16',1459,20,'tostada bulgara',5,'Tostadas',1,NULL,NULL,0,120,140),(2463,'2017-10-21 11:09:16',1459,90,'aceitunas verde',15,'Extras',1,NULL,NULL,0,10,140),(2464,'2017-10-21 11:20:24',1460,68,'nescafe',12,'Bebidas caliente',1,NULL,NULL,0,30,142),(2465,'2017-10-21 11:21:53',1461,67,'te',12,'Bebidas caliente',1,NULL,NULL,0,20,144),(2466,'2017-10-21 11:23:39',1462,22,'pechuga de pollo  asado',6,'Comidas',1,'arroz(0),ensalada(0),',NULL,0,150,161),(2467,'2017-10-21 11:24:07',1463,6,'shakshuka',1,'Desayunos',1,NULL,NULL,0,120,142),(2468,'2017-10-21 11:35:38',1464,177,'jahnon',17,'cena especial',1,NULL,NULL,0,140,144),(2469,'2017-10-21 11:37:59',1465,59,'agua',11,'bebidas',1,NULL,NULL,0,20,1),(2470,'2017-10-21 11:39:58',1466,143,'fuego',16,'Vetrina',1,NULL,NULL,0,20,158),(2471,'2017-10-21 11:44:02',1467,6,'shakshuka',1,'Desayunos',1,NULL,NULL,0,120,1),(2472,'2017-10-21 11:44:02',1467,68,'nescafe',12,'Bebidas caliente',1,NULL,NULL,0,30,1),(2473,'2017-10-21 11:44:33',1468,59,'agua',11,'bebidas',1,NULL,NULL,0,20,144),(2474,'2017-10-21 11:49:33',1469,2,'musli',1,'Desayunos',1,'banana(0),sandia(0),pine(0),fresa(0),',NULL,0,100,119),(2475,'2017-10-21 11:50:36',1470,2,'musli',1,'Desayunos',1,'banana(0),sandia(0),melon(0),fresa(0),',NULL,0,100,118),(2476,'2017-10-21 11:56:41',1471,57,'pancake',10,'Postres',1,NULL,NULL,0,120,1),(2477,'2017-10-21 11:56:41',1471,69,'cafe ',12,'Bebidas caliente',1,'cafe frio(0),',NULL,0,30,1),(2478,'2017-10-21 12:01:55',1472,135,'cigarros',16,'Vetrina',1,NULL,NULL,0,65,23),(2479,'2017-10-21 12:11:42',1473,2,'musli',1,'Desayunos',1,NULL,NULL,0,100,130),(2480,'2017-10-21 12:13:48',1474,70,'chocolate',12,'Bebidas caliente',1,'chocolate frio(0),',NULL,0,25,131),(2481,'2017-10-21 12:14:35',1475,20,'tostada bulgara',5,'Tostadas',1,NULL,NULL,0,120,126),(2482,'2017-10-21 12:14:35',1475,88,'EXTRA',5,'Tostadas',1,NULL,NULL,0,0,126),(2483,'2017-10-21 12:14:35',1475,96,'atun',5,'Tostadas',1,NULL,NULL,0,15,126),(2484,'2017-10-21 12:16:55',1476,66,'jogo natural en leche',11,'bebidas',1,'melon(0),banana(0),mango(0),',NULL,0,60,140),(2485,'2017-10-21 12:29:10',1477,176,'kidosh',17,'cena especial',1,NULL,NULL,0,200,1),(2486,'2017-10-21 12:52:32',1478,6,'shakshuka',1,'Desayunos',1,NULL,NULL,0,120,1),(2487,'2017-10-21 12:52:32',1478,6,'shakshuka',1,'Desayunos',1,NULL,NULL,0,120,1),(2488,'2017-10-21 12:52:32',1478,33,'malawah',7,'Especiales de la casa',1,NULL,NULL,0,120,1),(2489,'2017-10-21 12:52:32',1478,33,'malawah',7,'Especiales de la casa',1,NULL,NULL,0,120,1),(2490,'2017-10-21 12:58:15',1479,20,'tostada bulgara',5,'Tostadas',1,NULL,NULL,0,120,164),(2491,'2017-10-21 12:58:15',1479,20,'tostada bulgara',5,'Tostadas',1,NULL,NULL,0,120,164),(2492,'2017-10-21 12:58:15',1479,68,'nescafe',12,'Bebidas caliente',1,NULL,NULL,0,30,164),(2493,'2017-10-21 13:38:33',1480,177,'jahnon',17,'cena especial',1,NULL,NULL,0,140,143),(2494,'2017-10-21 13:42:13',1481,65,'jugo natural en agua',11,'bebidas',1,'pine(0),melon(0),banana(0),',NULL,0,50,143),(2495,'2017-10-21 14:26:02',1482,177,'jahnon',17,'cena especial',1,NULL,NULL,0,140,9),(2496,'2017-10-21 15:42:00',1483,46,'pasta alfredo',8,'pastas',1,NULL,NULL,0,140,32),(2497,'2017-10-21 15:42:00',1483,88,'EXTRA',8,'pastas',1,NULL,NULL,0,0,32),(2498,'2017-10-21 15:42:00',1483,121,'pollo ',8,'pastas',1,NULL,'ADENTRO DEL LA PASTA',0,80,32),(2499,'2017-10-21 15:42:00',1483,62,'gaseosa',11,'bebidas',1,NULL,NULL,0,30,32),(2500,'2017-10-21 16:31:35',1484,161,'toalla',16,'Vetrina',1,NULL,NULL,0,200,151),(2501,'2017-10-21 16:45:17',1485,64,'te helado',11,'bebidas',1,NULL,NULL,0,35,147),(2502,'2017-10-21 16:50:26',1486,16,'ensalada jerusalem',4,'Ensalada',1,'pepino(0),tomate(0),cebolla(0),garbanzo caliente(0),huevo doro(0),tajini(0),aguacate(20),','garbanzo frios',0,120,156),(2503,'2017-10-21 16:51:35',1487,16,'ensalada jerusalem',4,'Ensalada',1,'aguacate(20),','garbanzo frio',0,120,157),(2504,'2017-10-21 17:09:08',1488,17,'ensalada guacamoli',1,'Desayunos',1,NULL,NULL,0,100,1),(2505,'2017-10-21 17:09:08',1488,16,'ensalada jerusalem',1,'Desayunos',1,NULL,NULL,0,100,1),(2506,'2017-10-21 17:09:08',1488,59,'agua',11,'bebidas',1,NULL,NULL,0,20,1),(2507,'2017-10-21 17:09:08',1488,62,'gaseosa',11,'bebidas',1,NULL,NULL,0,30,1),(2508,'2017-10-21 17:10:18',1489,62,'gaseosa',11,'bebidas',1,NULL,NULL,0,30,157),(2509,'2017-10-21 17:33:49',1490,181,'sandwich carne',19,'Sandwiches carnes',1,'milanesa(0),pan pita(0),',NULL,0,150,9),(2510,'2017-10-21 17:59:31',1491,135,'cigarros',16,'Vetrina',1,NULL,NULL,0,65,149),(2511,'2017-10-21 18:12:13',1492,72,'Heineken ',13,'Cerveza',1,NULL,NULL,0,50,143),(2512,'2017-10-21 18:33:36',1493,135,'cigarros',16,'Vetrina',1,NULL,NULL,0,65,143),(2513,'2017-10-21 18:41:34',1494,74,'vaso de smirnoff con redbull',14,'Vodkas',1,NULL,NULL,0,120,159),(2514,'2017-10-21 18:41:34',1494,74,'vaso de smirnoff con redbull',14,'Vodkas',1,NULL,NULL,0,120,159),(2515,'2017-10-21 19:11:05',1495,48,'hummos de la casa',1,'Desayunos',1,NULL,NULL,0,120,9),(2516,'2017-10-21 19:31:56',1496,53,'malteada de oreo',10,'Postres',1,'banana(10),',NULL,0,90,148),(2517,'2017-10-21 19:31:56',1496,53,'malteada de oreo',10,'Postres',1,NULL,NULL,0,80,148),(2518,'2017-10-21 19:45:59',1497,135,'cigarros',16,'Vetrina',1,NULL,NULL,0,65,1),(2519,'2017-10-21 19:46:54',1498,71,'corona',13,'Cerveza',1,NULL,NULL,0,40,19),(2520,'2017-10-21 20:15:22',1499,59,'agua',11,'bebidas',1,NULL,NULL,0,20,147),(2521,'2017-10-21 20:16:51',1500,81,'botella de smirnoff',14,'Vodkas',1,NULL,'cobro todo $800 (esposa de senior)',0,600,1),(2522,'2017-10-21 20:16:51',1500,85,'redbull',14,'Vodkas',1,NULL,NULL,0,50,1),(2523,'2017-10-21 20:16:51',1500,85,'redbull',14,'Vodkas',1,NULL,NULL,0,50,1),(2524,'2017-10-21 20:16:51',1500,85,'redbull',14,'Vodkas',1,NULL,NULL,0,50,1),(2525,'2017-10-21 20:16:51',1500,85,'redbull',14,'Vodkas',1,NULL,NULL,0,50,1),(2526,'2017-10-21 20:16:51',1500,85,'redbull',14,'Vodkas',1,NULL,NULL,0,50,1),(2527,'2017-10-21 20:47:19',1501,62,'gaseosa',11,'bebidas',1,NULL,NULL,0,30,149),(2528,'2017-10-21 21:07:51',1502,59,'agua',11,'bebidas',1,NULL,NULL,0,20,131),(2529,'2017-10-21 21:10:22',1503,81,'botella de smirnoff',14,'Vodkas',1,NULL,NULL,0,600,1),(2530,'2017-10-21 21:10:22',1503,85,'redbull',14,'Vodkas',1,NULL,NULL,0,50,1),(2531,'2017-10-21 21:10:22',1503,85,'redbull',14,'Vodkas',1,NULL,NULL,0,50,1),(2532,'2017-10-21 21:20:29',1504,42,'pasta napolitana',8,'pastas',1,'salsa de tomate(0),albahaca(0),',NULL,0,120,143),(2533,'2017-10-21 21:20:53',1505,62,'gaseosa',11,'bebidas',1,NULL,NULL,0,30,143),(2534,'2017-10-21 21:28:06',1506,72,'Heineken ',1,'Desayunos',1,NULL,NULL,0,50,9),(2535,'2017-10-21 21:28:06',1506,72,'Heineken ',1,'Desayunos',1,NULL,NULL,0,50,9),(2536,'2017-10-21 21:47:40',1507,74,'vaso de smirnoff con redbull',14,'Vodkas',1,NULL,NULL,0,120,159),(2537,'2017-10-21 21:47:40',1507,74,'vaso de smirnoff con redbull',14,'Vodkas',1,NULL,NULL,0,120,159),(2538,'2017-10-21 22:14:35',1508,135,'cigarros',16,'Vetrina',1,NULL,NULL,0,65,23),(2539,'2017-10-21 22:32:35',1509,72,'Heineken ',13,'Cerveza',1,NULL,NULL,0,50,1),(2540,'2017-10-21 22:32:35',1509,72,'Heineken ',13,'Cerveza',1,NULL,NULL,0,50,1),(2541,'2017-10-21 22:32:35',1509,72,'Heineken ',13,'Cerveza',1,NULL,NULL,0,50,1),(2542,'2017-10-21 22:32:35',1509,72,'Heineken ',13,'Cerveza',1,NULL,NULL,0,50,1),(2543,'2017-10-21 22:32:35',1509,64,'te helado',11,'bebidas',1,NULL,NULL,0,35,1),(2544,'2017-10-21 22:32:35',1509,177,'jahnon',17,'cena especial',1,NULL,NULL,0,140,1),(2545,'2017-10-21 22:41:53',1510,153,'helado',16,'Vetrina',1,NULL,NULL,0,40,32),(2546,'2017-10-21 22:43:51',1511,59,'agua',11,'bebidas',1,NULL,NULL,0,20,1),(2547,'2017-10-21 22:51:17',1512,135,'cigarros',16,'Vetrina',1,NULL,NULL,0,65,1),(2548,'2017-10-21 22:53:49',1513,114,'melon',15,'Extras',1,NULL,'plato de frutas',0,10,1),(2549,'2017-10-21 22:53:49',1513,115,'sandilla',15,'Extras',1,NULL,NULL,0,10,1),(2550,'2017-10-21 22:53:49',1513,118,'banana',15,'Extras',1,NULL,NULL,0,10,1),(2551,'2017-10-21 22:53:49',1513,117,'pine',15,'Extras',1,NULL,NULL,0,10,1),(2552,'2017-10-21 22:53:49',1513,116,'fresa',15,'Extras',1,NULL,NULL,0,10,1),(2553,'2017-10-21 23:00:53',1514,153,'helado',16,'Vetrina',1,NULL,NULL,0,40,131),(2554,'2017-10-21 23:01:35',1515,19,'tostada de queso',5,'Tostadas',1,'pan pita(0),aceitunas verde(0),',NULL,0,100,167),(2555,'2017-10-21 23:02:00',1516,42,'pasta napolitana',8,'pastas',1,'salsa de tomate(0),albahaca(0),',NULL,0,120,167),(2556,'2017-10-21 23:04:30',1517,71,'corona',13,'Cerveza',1,NULL,NULL,0,40,1),(2557,'2017-10-21 23:07:21',1518,85,'redbull',14,'Vodkas',1,NULL,NULL,0,50,1),(2558,'2017-10-21 23:07:21',1518,85,'redbull',14,'Vodkas',1,NULL,NULL,0,50,1),(2559,'2017-10-21 23:07:21',1518,85,'redbull',14,'Vodkas',1,NULL,NULL,0,50,1),(2560,'2017-10-21 23:07:21',1518,85,'redbull',14,'Vodkas',1,NULL,NULL,0,50,1),(2561,'2017-10-21 23:07:21',1518,85,'redbull',14,'Vodkas',1,NULL,NULL,0,50,1),(2562,'2017-10-21 23:07:21',1518,85,'redbull',14,'Vodkas',1,NULL,NULL,0,50,1),(2563,'2017-10-21 23:07:21',1518,85,'redbull',14,'Vodkas',1,NULL,NULL,0,50,1),(2564,'2017-10-21 23:07:21',1518,85,'redbull',14,'Vodkas',1,NULL,NULL,0,50,1),(2565,'2017-10-21 23:07:21',1518,85,'redbull',14,'Vodkas',1,NULL,NULL,0,50,1),(2566,'2017-10-21 23:07:21',1518,85,'redbull',14,'Vodkas',1,NULL,NULL,0,50,1),(2567,'2017-10-21 23:07:21',1518,85,'redbull',14,'Vodkas',1,NULL,NULL,0,50,1),(2568,'2017-10-21 23:07:21',1518,85,'redbull',14,'Vodkas',1,NULL,NULL,0,50,1),(2569,'2017-10-21 23:07:21',1518,81,'botella de smirnoff',14,'Vodkas',1,NULL,NULL,0,600,1),(2570,'2017-10-21 23:07:21',1518,81,'botella de smirnoff',14,'Vodkas',1,NULL,NULL,0,600,1),(2571,'2017-10-21 23:10:27',1519,71,'corona',13,'Cerveza',1,NULL,NULL,0,40,1),(2572,'2017-10-21 23:11:34',1520,71,'corona',13,'Cerveza',1,NULL,NULL,0,40,33),(2573,'2017-10-21 23:14:05',1521,71,'corona',13,'Cerveza',1,NULL,NULL,0,40,1),(2574,'2017-10-21 23:16:31',1522,62,'gaseosa',11,'bebidas',1,NULL,NULL,0,30,167),(2575,'2017-10-21 23:17:12',1523,135,'cigarros',16,'Vetrina',1,NULL,NULL,0,65,147),(2576,'2017-10-21 23:19:55',1524,145,'cochara',1,'Desayunos',1,NULL,NULL,0,50,149),(2577,'2017-10-21 23:20:01',1525,72,'Heineken ',13,'Cerveza',1,NULL,NULL,0,50,9),(2578,'2017-10-21 23:21:07',1526,72,'Heineken ',13,'Cerveza',1,NULL,NULL,0,50,9),(2579,'2017-10-21 23:23:28',1527,72,'Heineken ',13,'Cerveza',1,NULL,NULL,0,50,1),(2580,'2017-10-21 23:25:44',1528,59,'agua',11,'bebidas',1,NULL,NULL,0,20,19),(2581,'2017-10-21 23:25:44',1528,74,'vaso de smirnoff con redbull',14,'Vodkas',1,NULL,NULL,0,120,19),(2582,'2017-10-21 23:25:44',1528,135,'cigarros',16,'Vetrina',1,NULL,NULL,0,65,19),(2583,'2017-10-21 23:34:14',1529,63,'jugos en botalla',11,'bebidas',1,NULL,NULL,0,35,167),(2584,'2017-10-21 23:34:14',1529,63,'jugos en botalla',11,'bebidas',1,NULL,NULL,0,35,167),(2585,'2017-10-21 23:34:14',1529,135,'cigarros',16,'Vetrina',1,NULL,NULL,0,65,167),(2586,'2017-10-21 23:34:14',1529,135,'cigarros',16,'Vetrina',1,NULL,NULL,0,65,167),(2587,'2017-10-21 23:35:52',1530,62,'gaseosa',11,'bebidas',1,NULL,NULL,0,30,1),(2588,'2017-10-21 23:46:42',1531,80,'shot taquilla',14,'Vodkas',1,NULL,NULL,0,80,143),(2589,'2017-10-21 23:47:19',1532,139,'filter + rizla',16,'Vetrina',1,NULL,NULL,0,90,149),(2590,'2017-10-21 23:54:12',1533,80,'shot taquilla',14,'Vodkas',1,NULL,NULL,0,80,143),(2591,'2017-10-21 23:55:44',1534,74,'vaso de smirnoff con redbull',14,'Vodkas',1,NULL,NULL,0,120,19),(2592,'2017-10-22 00:00:05',1535,72,'Heineken ',13,'Cerveza',1,NULL,NULL,0,50,1),(2593,'2017-10-22 00:01:59',1536,74,'vaso de smirnoff con redbull',14,'Vodkas',1,NULL,NULL,0,120,18),(2594,'2017-10-22 00:01:59',1536,74,'vaso de smirnoff con redbull',14,'Vodkas',1,NULL,NULL,0,120,18),(2595,'2017-10-22 00:09:02',1537,80,'shot taquilla',14,'Vodkas',1,NULL,NULL,0,80,143),(2596,'2017-10-22 00:11:40',1538,74,'vaso de smirnoff con redbull',14,'Vodkas',1,NULL,NULL,0,120,19),(2597,'2017-10-22 00:18:25',1539,69,'cafe ',12,'Bebidas caliente',1,'cafe frio(0),',NULL,0,30,131),(2598,'2017-10-22 00:19:03',1540,80,'shot taquilla',14,'Vodkas',1,NULL,NULL,0,80,143),(2599,'2017-10-22 00:20:47',1541,74,'vaso de smirnoff con redbull',14,'Vodkas',1,NULL,NULL,0,120,18),(2600,'2017-10-22 00:21:25',1542,72,'Heineken ',13,'Cerveza',1,NULL,NULL,0,50,1),(2601,'2017-10-22 00:23:53',1543,59,'agua',11,'bebidas',1,NULL,NULL,0,20,143),(2602,'2017-10-22 00:37:03',1544,69,'cafe ',12,'Bebidas caliente',1,'cafe frio(0),',NULL,0,30,131),(2603,'2017-10-22 00:40:21',1545,85,'redbull',14,'Vodkas',1,NULL,NULL,0,50,149),(2604,'2017-10-22 00:41:54',1546,80,'shot taquilla',14,'Vodkas',1,NULL,NULL,0,80,143),(2605,'2017-10-22 00:44:46',1547,59,'agua',11,'bebidas',1,NULL,NULL,0,20,142),(2606,'2017-10-22 00:55:35',1548,22,'pechuga de pollo  asado',6,'Comidas',1,'ensalada(0),','en pan pita',0,150,1),(2607,'2017-10-22 00:56:06',1549,85,'redbull',14,'Vodkas',1,NULL,NULL,0,50,148),(2608,'2017-10-22 01:05:13',1550,135,'cigarros',16,'Vetrina',1,NULL,NULL,0,65,1),(2609,'2017-10-22 01:05:13',1550,72,'Heineken ',13,'Cerveza',1,NULL,NULL,0,50,1),(2610,'2017-10-22 01:06:41',1551,62,'gaseosa',11,'bebidas',1,NULL,NULL,0,30,156),(2611,'2017-10-22 01:06:41',1551,59,'agua',11,'bebidas',1,NULL,NULL,0,20,156),(2612,'2017-10-22 01:10:55',1552,64,'te helado',11,'bebidas',1,NULL,NULL,0,35,1),(2613,'2017-10-22 01:13:33',1553,59,'agua',11,'bebidas',1,NULL,NULL,0,20,1),(2614,'2017-10-22 01:18:04',1554,71,'corona',13,'Cerveza',1,NULL,NULL,0,40,1),(2615,'2017-10-22 01:18:04',1554,71,'corona',13,'Cerveza',1,NULL,NULL,0,40,1),(2616,'2017-10-22 01:18:04',1554,72,'Heineken ',13,'Cerveza',1,NULL,NULL,0,50,1),(2617,'2017-10-22 01:18:04',1554,85,'redbull',14,'Vodkas',1,NULL,NULL,0,50,1),(2618,'2017-10-22 01:25:16',1555,72,'Heineken ',13,'Cerveza',1,NULL,NULL,0,50,1),(2619,'2017-10-22 01:26:11',1556,85,'redbull',14,'Vodkas',1,NULL,NULL,0,50,149),(2620,'2017-10-22 01:29:56',1557,135,'cigarros',16,'Vetrina',1,NULL,NULL,0,65,19),(2621,'2017-10-22 01:29:56',1558,59,'agua',11,'bebidas',1,NULL,NULL,0,20,19),(2622,'2017-10-22 01:32:03',1559,59,'agua',11,'bebidas',1,NULL,NULL,0,20,1),(2623,'2017-10-22 01:34:01',1560,74,'vaso de smirnoff con redbull',14,'Vodkas',1,NULL,NULL,0,120,18),(2624,'2017-10-22 02:08:27',1561,135,'cigarros',16,'Vetrina',1,NULL,NULL,0,65,143),(2625,'2017-10-22 02:09:11',1562,85,'redbull',14,'Vodkas',1,NULL,NULL,0,50,143),(2626,'2017-10-22 02:09:11',1562,85,'redbull',14,'Vodkas',1,NULL,NULL,0,50,143),(2627,'2017-10-22 02:38:53',1563,72,'Heineken ',13,'Cerveza',1,NULL,NULL,0,50,1),(2628,'2017-10-22 02:38:53',1563,72,'Heineken ',13,'Cerveza',1,NULL,NULL,0,50,1),(2629,'2017-10-22 02:38:53',1563,72,'Heineken ',13,'Cerveza',1,NULL,NULL,0,50,1),(2630,'2017-10-22 02:38:53',1563,72,'Heineken ',13,'Cerveza',1,NULL,NULL,0,50,1),(2631,'2017-10-22 02:38:53',1563,72,'Heineken ',13,'Cerveza',1,NULL,NULL,0,50,1),(2632,'2017-10-22 02:38:53',1563,72,'Heineken ',13,'Cerveza',1,NULL,NULL,0,50,1),(2633,'2017-10-22 03:04:12',1564,33,'malawah',7,'Especiales de la casa',1,'salsa de tomate(0),huevo doro(0),',NULL,0,120,118),(2634,'2017-10-22 03:12:56',1565,23,'milanesa',6,'Comidas',1,'arroz(0),ensalada(0),',NULL,0,150,143),(2638,'2017-10-22 03:12:56',1565,62,'gaseosa',11,'bebidas',1,NULL,NULL,0,30,143),(2639,'2017-10-22 03:12:56',1565,62,'gaseosa',11,'bebidas',1,NULL,NULL,0,30,143),(2640,'2017-10-22 03:21:08',1566,33,'malawah',7,'Especiales de la casa',1,'salsa de tomate(0),huevo doro(0),',NULL,0,120,1),(2641,'2017-10-22 03:26:40',1567,74,'vaso de smirnoff con redbull',14,'Vodkas',1,NULL,NULL,0,120,18),(2642,'2017-10-22 03:26:40',1567,74,'vaso de smirnoff con redbull',14,'Vodkas',1,NULL,NULL,0,120,18),(2643,'2017-10-22 03:34:07',1568,59,'agua',11,'bebidas',1,NULL,NULL,0,20,143),(2644,'2017-10-22 03:36:45',1569,81,'botella de smirnoff',14,'Vodkas',1,NULL,NULL,0,600,147),(2645,'2017-10-22 03:36:45',1569,85,'redbull',14,'Vodkas',1,NULL,NULL,0,50,147),(2646,'2017-10-22 03:36:45',1569,85,'redbull',14,'Vodkas',1,NULL,NULL,0,50,147),(2647,'2017-10-22 03:36:45',1569,85,'redbull',14,'Vodkas',1,NULL,NULL,0,50,147),(2648,'2017-10-22 03:36:45',1569,85,'redbull',14,'Vodkas',1,NULL,NULL,0,50,147),(2649,'2017-10-22 03:50:34',1570,20,'tostada bulgara',5,'Tostadas',1,'pan pita(0),','SIN CEBOLLA, SIN TOMATE Y CON ACEITUNAS VERDES',0,120,140),(2650,'2017-10-22 03:51:42',1571,59,'agua',11,'bebidas',1,NULL,NULL,0,20,1),(2651,'2017-10-22 03:57:40',1572,31,'falfel pita',7,'Especiales de la casa',1,'pan pita(0),hummos(0),ensalada(0),',NULL,0,100,149),(2652,'2017-10-22 03:58:45',1573,31,'falfel pita',7,'Especiales de la casa',1,'pan pita(0),hummos(0),ensalada(0),',NULL,0,100,148),(2653,'2017-10-22 04:23:06',1574,62,'gaseosa',11,'bebidas',1,NULL,NULL,0,30,148),(2654,'2017-10-22 04:23:13',1575,62,'gaseosa',11,'bebidas',1,NULL,NULL,0,30,149),(2655,'2017-10-22 04:46:13',1576,59,'agua',11,'bebidas',1,NULL,NULL,0,20,1),(2656,'2017-10-22 04:46:48',1577,72,'Heineken ',13,'Cerveza',1,NULL,NULL,0,50,1),(2657,'2017-10-22 04:46:48',1577,72,'Heineken ',13,'Cerveza',1,NULL,NULL,0,50,1),(2658,'2017-10-22 05:00:34',1578,135,'cigarros',16,'Vetrina',1,NULL,NULL,0,65,149),(2659,'2017-10-22 05:26:46',1579,135,'cigarros',16,'Vetrina',1,NULL,NULL,0,65,1),(2660,'2017-10-22 05:46:32',1580,30,'plato de papas fritas',7,'Especiales de la casa',1,NULL,NULL,0,80,1),(2661,'2017-10-22 06:00:47',1581,151,'pringels',16,'Vetrina',1,NULL,NULL,0,35,1),(2662,'2017-10-22 06:19:31',1582,62,'gaseosa',11,'bebidas',1,NULL,NULL,0,30,1),(2663,'2017-10-22 07:31:17',1583,153,'helado',16,'Vetrina',1,NULL,NULL,0,40,1),(2664,'2017-10-22 07:38:08',1584,85,'redbull',14,'Vodkas',1,NULL,NULL,0,50,147),(2665,'2017-10-22 07:38:08',1584,85,'redbull',14,'Vodkas',1,NULL,NULL,0,50,147),(2666,'2017-10-22 08:23:25',1585,-1,'Other',0,NULL,1,NULL,'חדר פרטי ',0,400,147),(2667,'2017-10-22 08:58:20',1586,5,'desayuno frances',1,'Desayunos',1,NULL,NULL,0,120,151),(2668,'2017-10-22 09:05:09',1587,6,'shakshuka',1,'Desayunos',1,NULL,NULL,0,120,158),(2669,'2017-10-22 09:05:09',1587,59,'agua',11,'bebidas',1,NULL,NULL,0,20,158),(2670,'2017-10-22 09:09:13',1588,6,'shakshuka',1,'Desayunos',1,NULL,NULL,0,120,161),(2671,'2017-10-22 09:09:13',1588,65,'jugo natural en agua',11,'bebidas',1,'fresa(0),',NULL,0,50,161),(2672,'2017-10-22 09:19:57',1589,6,'shakshuka',1,'Desayunos',1,NULL,NULL,0,120,156),(2673,'2017-10-22 09:19:57',1589,6,'shakshuka',1,'Desayunos',1,NULL,NULL,0,120,156),(2674,'2017-10-22 09:40:10',1590,59,'agua',11,'bebidas',1,NULL,NULL,0,20,156),(2675,'2017-10-22 09:40:10',1590,59,'agua',11,'bebidas',1,NULL,NULL,0,20,156),(2676,'2017-10-22 10:28:06',1591,6,'shakshuka',1,'Desayunos',1,NULL,NULL,0,120,1),(2677,'2017-10-22 10:34:07',1592,20,'tostada bulgara',5,'Tostadas',1,NULL,NULL,0,120,1),(2678,'2017-10-22 10:34:07',1592,90,'aceitunas verde',5,'Tostadas',1,NULL,NULL,0,10,1),(2679,'2017-10-22 10:34:23',1593,69,'cafe ',1,'Desayunos',1,'cafe frio(0),',NULL,0,30,1),(2680,'2017-10-22 10:35:21',1594,71,'corona',13,'Cerveza',1,NULL,NULL,0,40,159),(2681,'2017-10-22 10:35:21',1594,71,'corona',13,'Cerveza',1,NULL,NULL,0,40,159),(2682,'2017-10-22 11:10:00',1595,54,'malteada de kinder bueno',10,'Postres',1,NULL,NULL,0,100,151),(2683,'2017-10-22 11:22:42',1596,38,'salteado de verduras / mukpatz',7,'Especiales de la casa',1,'pasta(0),',NULL,0,150,170),(2684,'2017-10-22 11:23:35',1597,19,'tostada de queso',5,'Tostadas',1,'aceitunas verde(0),',NULL,0,100,142),(2685,'2017-10-22 11:36:53',1598,59,'agua',11,'bebidas',1,NULL,NULL,0,20,140),(2686,'2017-10-22 11:37:47',1599,59,'agua',11,'bebidas',1,NULL,NULL,0,20,170),(2687,'2017-10-22 11:39:02',1600,6,'shakshuka',1,'Desayunos',1,NULL,NULL,0,120,159),(2688,'2017-10-22 11:40:49',1601,106,'pan pita',15,'Extras',1,NULL,NULL,0,10,159),(2689,'2017-10-22 11:40:49',1601,106,'pan pita',15,'Extras',1,NULL,NULL,0,10,159),(2690,'2017-10-22 11:40:49',1601,106,'pan pita',15,'Extras',1,NULL,NULL,0,10,159),(2691,'2017-10-22 11:40:49',1601,106,'pan pita',15,'Extras',1,NULL,NULL,0,10,159),(2692,'2017-10-22 12:05:55',1602,65,'jugo natural en agua',11,'bebidas',1,'pine(0),melon(0),mango(0),',NULL,0,50,143),(2693,'2017-10-22 12:07:01',1603,68,'nescafe',12,'Bebidas caliente',1,NULL,NULL,0,30,130),(2694,'2017-10-22 12:08:45',1604,59,'agua',11,'bebidas',1,NULL,NULL,0,20,170),(2695,'2017-10-22 12:50:32',1605,135,'cigarros',16,'Vetrina',1,NULL,NULL,0,65,149),(2696,'2017-10-22 12:50:32',1605,62,'gaseosa',11,'bebidas',1,NULL,NULL,0,30,149),(2697,'2017-10-22 12:50:39',1606,135,'cigarros',16,'Vetrina',1,NULL,NULL,0,65,156),(2698,'2017-10-22 13:19:58',1607,-1,'Other',0,NULL,1,NULL,'NUCHE',0,150,167),(2699,'2017-10-22 13:20:14',1608,-1,'Other',0,NULL,1,NULL,'NUCHE',0,150,168),(2700,'2017-10-22 13:45:25',1609,46,'pasta alfredo',8,'pastas',1,NULL,NULL,0,140,161),(2701,'2017-10-22 13:45:25',1609,65,'jugo natural en agua',11,'bebidas',1,'pine(0),',NULL,0,50,161),(2702,'2017-10-22 13:57:40',1610,21,'tostada de atun',1,'Desayunos',1,NULL,NULL,0,120,171),(2703,'2017-10-22 14:10:30',1611,6,'shakshuka',1,'Desayunos',1,NULL,NULL,0,120,143),(2704,'2017-10-22 14:17:07',1612,21,'tostada de atun',5,'Tostadas',1,NULL,NULL,0,120,171),(2705,'2017-10-22 14:17:07',1612,21,'tostada de atun',5,'Tostadas',1,NULL,NULL,0,120,171),(2706,'2017-10-22 14:17:07',1612,21,'tostada de atun',5,'Tostadas',1,NULL,NULL,0,120,171),(2707,'2017-10-22 14:22:01',1613,139,'filter + rizla',16,'Vetrina',1,NULL,NULL,0,90,171),(2708,'2017-10-22 14:29:07',1614,62,'gaseosa',11,'bebidas',1,NULL,NULL,0,30,171),(2709,'2017-10-22 14:29:17',1615,62,'gaseosa',11,'bebidas',1,NULL,NULL,0,30,143),(2710,'2017-10-22 14:32:42',1616,14,'ensalada griega',4,'Ensalada',1,NULL,NULL,0,100,167),(2711,'2017-10-22 14:37:58',1617,62,'gaseosa',11,'bebidas',1,NULL,NULL,0,30,171),(2712,'2017-10-22 14:37:58',1617,62,'gaseosa',11,'bebidas',1,NULL,NULL,0,30,171),(2713,'2017-10-22 14:37:58',1617,62,'gaseosa',11,'bebidas',1,NULL,NULL,0,30,171),(2714,'2017-10-22 14:50:48',1618,135,'cigarros',16,'Vetrina',1,NULL,NULL,0,65,143),(2715,'2017-10-22 14:58:21',1619,62,'gaseosa',11,'bebidas',1,NULL,NULL,0,30,140),(2716,'2017-10-22 15:06:58',1620,27,'salmon a la plancha',1,'Desayunos',1,'papas a la francesa(0),EXTRA(0),pure de papa(30),',NULL,0,230,156),(2717,'2017-10-22 15:06:58',1620,10,'sandwich aguacate',1,'Desayunos',1,NULL,NULL,0,120,156),(2718,'2017-10-22 15:06:58',1620,27,'salmon a la plancha',1,'Desayunos',1,'arroz(0),',NULL,0,200,156),(2719,'2017-10-22 15:51:03',1621,27,'salmon a la plancha',1,'Desayunos',1,'arroz(0),',NULL,0,200,9),(2720,'2017-10-22 16:06:45',1622,72,'Heineken ',13,'Cerveza',1,NULL,NULL,0,50,143),(2721,'2017-10-22 16:18:39',1623,139,'filter + rizla',16,'Vetrina',1,NULL,NULL,0,90,147),(2722,'2017-10-22 16:19:09',1624,135,'cigarros',16,'Vetrina',1,NULL,NULL,0,65,23),(2723,'2017-10-22 17:06:40',1625,71,'corona',13,'Cerveza',1,NULL,NULL,0,40,148),(2724,'2017-10-22 17:06:40',1625,71,'corona',13,'Cerveza',1,NULL,NULL,0,40,148),(2725,'2017-10-22 17:06:53',1626,71,'corona',13,'Cerveza',1,NULL,NULL,0,40,170),(2726,'2017-10-22 17:52:47',1627,59,'agua',11,'bebidas',1,NULL,NULL,0,20,168),(2727,'2017-10-22 17:57:59',1628,31,'falfel pita',7,'Especiales de la casa',1,'pan pita(0),hummos(0),ensalada(0),',NULL,0,100,148),(2728,'2017-10-22 18:01:37',1629,71,'corona',13,'Cerveza',1,NULL,NULL,0,40,170),(2729,'2017-10-22 18:23:20',1630,31,'falfel pita',7,'Especiales de la casa',1,'pan pita(0),hummos(0),ensalada(0),',NULL,0,100,147),(2730,'2017-10-22 18:35:44',1631,62,'gaseosa',11,'bebidas',1,NULL,NULL,0,30,147),(2731,'2017-10-22 18:43:08',1632,59,'agua',11,'bebidas',1,NULL,NULL,0,20,176),(2732,'2017-10-22 18:43:08',1632,62,'gaseosa',11,'bebidas',1,NULL,NULL,0,30,176),(2733,'2017-10-22 18:46:18',1633,62,'gaseosa',11,'bebidas',1,NULL,NULL,0,30,149),(2734,'2017-10-22 18:59:01',1634,22,'pechuga de pollo  asado',6,'Comidas',1,'papas a la francesa(0),ensalada(0),',NULL,0,150,151),(2735,'2017-10-22 18:59:01',1634,27,'salmon a la plancha',6,'Comidas',1,'arroz(0),',NULL,0,200,151),(2736,'2017-10-22 18:59:01',1634,51,'hummos falfel',9,'Hummos',1,NULL,NULL,0,150,151),(2737,'2017-10-22 18:59:01',1634,62,'gaseosa',11,'bebidas',1,NULL,NULL,0,30,151),(2738,'2017-10-22 18:59:01',1634,62,'gaseosa',11,'bebidas',1,NULL,NULL,0,30,151),(2739,'2017-10-22 19:19:27',1635,63,'jugos en botalla',11,'bebidas',1,NULL,NULL,0,35,148),(2740,'2017-10-22 19:34:20',1636,22,'pechuga de pollo  asado',6,'Comidas',1,'papas a la francesa(0),',NULL,0,150,142),(2741,'2017-10-22 19:39:04',1637,59,'agua',11,'bebidas',1,NULL,NULL,0,20,147),(2742,'2017-10-22 19:43:41',1638,135,'cigarros',16,'Vetrina',1,NULL,NULL,0,65,147),(2743,'2017-10-22 19:52:28',1639,62,'gaseosa',11,'bebidas',1,NULL,NULL,0,30,142),(2744,'2017-10-22 20:36:15',1640,72,'Heineken ',13,'Cerveza',1,NULL,NULL,0,50,143),(2745,'2017-10-22 20:50:51',1641,62,'gaseosa',11,'bebidas',1,NULL,NULL,0,30,147),(2746,'2017-10-22 21:27:41',1642,71,'corona',13,'Cerveza',1,NULL,NULL,0,40,1),(2747,'2017-10-22 21:31:13',1643,59,'agua',11,'bebidas',1,NULL,NULL,0,20,151),(2748,'2017-10-22 21:59:47',1644,71,'corona',13,'Cerveza',1,NULL,NULL,0,40,170),(2749,'2017-10-22 22:04:35',1645,27,'salmon a la plancha',6,'Comidas',1,'papas a la francesa(0),',NULL,0,200,171),(2750,'2017-10-22 22:04:49',1646,27,'salmon a la plancha',6,'Comidas',1,'papas a la francesa(0),',NULL,0,200,173),(2751,'2017-10-22 22:05:05',1647,27,'salmon a la plancha',6,'Comidas',1,'pure de papa(0),',NULL,0,200,174),(2752,'2017-10-22 22:08:15',1648,135,'cigarros',16,'Vetrina',1,NULL,NULL,0,65,170),(2753,'2017-10-22 22:08:36',1649,147,'bamba chica',16,'Vetrina',1,NULL,NULL,0,35,174),(2754,'2017-10-22 22:36:16',1650,22,'pechuga de pollo  asado',6,'Comidas',1,'pure de papa(0),',NULL,0,150,161),(2755,'2017-10-22 22:36:35',1651,59,'agua',11,'bebidas',1,NULL,NULL,0,20,161),(2756,'2017-10-22 22:43:10',1652,23,'milanesa',6,'Comidas',1,'ensalada(0),','EN PAN PITA Y HUMMUS',0,150,32),(2757,'2017-10-22 22:43:10',1652,62,'gaseosa',11,'bebidas',1,NULL,NULL,0,30,32),(2758,'2017-10-22 22:43:38',1653,23,'milanesa',6,'Comidas',1,'ensalada(0),','EN PAN PITA CON HUMMUS',0,150,33),(2759,'2017-10-22 22:43:38',1653,62,'gaseosa',11,'bebidas',1,NULL,NULL,0,30,33),(2760,'2017-10-22 22:44:09',1654,30,'plato de papas fritas',7,'Especiales de la casa',1,NULL,NULL,0,80,1),(2761,'2017-10-22 22:46:55',1655,59,'agua',11,'bebidas',1,NULL,NULL,0,20,173),(2762,'2017-10-22 22:47:04',1656,59,'agua',11,'bebidas',1,NULL,NULL,0,20,142),(2763,'2017-10-22 22:47:17',1657,63,'jugos en botalla',11,'bebidas',1,NULL,NULL,0,35,172),(2764,'2017-10-22 23:07:32',1658,34,'malawah pizza',7,'Especiales de la casa',1,NULL,NULL,0,120,1),(2765,'2017-10-22 23:07:32',1658,59,'agua',11,'bebidas',1,NULL,NULL,0,20,1),(2766,'2017-10-22 23:35:19',1659,20,'tostada bulgara',5,'Tostadas',1,NULL,'SIN CEBOLLA Y SIN ACEITUNAS',0,120,1),(2767,'2017-10-22 23:35:19',1659,72,'Heineken ',13,'Cerveza',1,NULL,NULL,0,50,1),(2768,'2017-10-23 00:05:13',1660,72,'Heineken ',13,'Cerveza',1,NULL,NULL,0,50,149),(2769,'2017-10-23 00:05:13',1660,135,'cigarros',16,'Vetrina',1,NULL,NULL,0,65,149),(2770,'2017-10-23 00:13:33',1661,142,'pipa',16,'Vetrina',1,NULL,NULL,0,80,147),(2771,'2017-10-23 00:14:31',1662,64,'te helado',11,'bebidas',1,NULL,NULL,0,35,147),(2772,'2017-10-23 00:14:31',1662,64,'te helado',11,'bebidas',1,NULL,NULL,0,35,147),(2773,'2017-10-23 01:50:10',1663,20,'tostada bulgara',5,'Tostadas',1,NULL,NULL,0,120,170),(2774,'2017-10-23 01:59:24',1664,20,'tostada bulgara',5,'Tostadas',1,'picnte(0),',NULL,0,120,142),(2775,'2017-10-23 02:06:27',1665,21,'tostada de atun',5,'Tostadas',1,NULL,'SIN CEBOLLA, CON QUESO FETA',0,120,131),(2776,'2017-10-23 02:21:57',1666,27,'salmon a la plancha',6,'Comidas',1,'pure de papa(0),',NULL,0,200,172),(2777,'2017-10-23 02:22:47',1667,27,'salmon a la plancha',6,'Comidas',1,'pure de papa(0),',NULL,0,200,174),(2778,'2017-10-23 02:23:27',1668,27,'salmon a la plancha',6,'Comidas',1,'papas a la francesa(0),',NULL,0,200,171),(2779,'2017-10-23 02:23:48',1669,5,'desayuno frances',1,'Desayunos',1,NULL,NULL,0,120,157),(2780,'2017-10-23 02:25:16',1670,21,'tostada de atun',5,'Tostadas',1,NULL,NULL,0,120,173),(2781,'2017-10-23 02:27:38',1671,14,'ensalada griega',4,'Ensalada',1,NULL,NULL,0,100,156),(2782,'2017-10-23 02:28:21',1672,14,'ensalada griega',4,'Ensalada',1,NULL,NULL,0,100,156),(2783,'2017-10-23 02:28:49',1673,62,'gaseosa',11,'bebidas',1,NULL,NULL,0,30,171),(2784,'2017-10-23 02:33:14',1674,62,'gaseosa',11,'bebidas',1,NULL,NULL,0,30,174),(2785,'2017-10-23 02:33:50',1675,62,'gaseosa',11,'bebidas',1,NULL,NULL,0,30,157),(2786,'2017-10-23 02:41:57',1676,71,'corona',13,'Cerveza',1,NULL,NULL,0,40,1),(2787,'2017-10-23 02:41:57',1676,71,'corona',13,'Cerveza',1,NULL,NULL,0,40,1),(2788,'2017-10-23 03:04:45',1677,62,'gaseosa',11,'bebidas',1,NULL,NULL,0,30,172),(2789,'2017-10-23 03:32:34',1678,132,'papas fritas',15,'Extras',1,NULL,NULL,0,30,9),(2790,'2017-10-23 03:36:10',1679,72,'Heineken ',13,'Cerveza',1,NULL,NULL,0,50,9),(2791,'2017-10-23 03:55:48',1680,30,'plato de papas fritas',7,'Especiales de la casa',1,NULL,NULL,0,80,1),(2792,'2017-10-23 03:55:48',1680,30,'plato de papas fritas',7,'Especiales de la casa',1,NULL,NULL,0,80,1),(2793,'2017-10-23 04:28:11',1681,72,'Heineken ',13,'Cerveza',1,NULL,NULL,0,50,1),(2794,'2017-10-23 05:58:28',1682,23,'milanesa',6,'Comidas',1,'arroz(0),ensalada(0),',NULL,0,150,1),(2795,'2017-10-23 05:58:28',1682,59,'agua',11,'bebidas',1,NULL,NULL,0,20,1),(2796,'2017-10-23 06:09:20',1683,18,'ensalada de pollo',4,'Ensalada',1,'salsa teriaki(0),',NULL,0,150,1),(2797,'2017-10-23 06:42:48',1684,59,'agua',11,'bebidas',1,NULL,NULL,0,20,1),(2798,'2017-10-23 06:43:27',1685,62,'gaseosa',11,'bebidas',1,NULL,NULL,0,30,1),(2799,'2017-10-23 08:34:17',1686,68,'nescafe',12,'Bebidas caliente',1,NULL,NULL,0,30,142),(2800,'2017-10-23 08:38:46',1687,3,'Desayuno de la casa',1,'Desayunos',1,NULL,NULL,0,100,161),(2801,'2017-10-23 08:38:46',1687,65,'jugo natural en agua',11,'bebidas',1,'melon(0),',NULL,0,50,161),(2802,'2017-10-23 08:52:39',1688,6,'shakshuka',1,'Desayunos',1,NULL,NULL,0,120,142),(2803,'2017-10-23 08:53:04',1689,6,'shakshuka',1,'Desayunos',1,NULL,NULL,0,120,170),(2804,'2017-10-23 08:53:04',1689,63,'jugos en botalla',11,'bebidas',1,NULL,NULL,0,35,170),(2805,'2017-10-23 08:57:23',1690,59,'agua',11,'bebidas',1,NULL,NULL,0,20,148),(2806,'2017-10-23 09:11:29',1691,135,'cigarros',16,'Vetrina',1,NULL,NULL,0,65,156),(2807,'2017-10-23 09:24:46',1692,68,'nescafe',12,'Bebidas caliente',1,NULL,NULL,0,30,156),(2808,'2017-10-23 09:24:46',1692,68,'nescafe',12,'Bebidas caliente',1,NULL,NULL,0,30,156),(2809,'2017-10-23 09:59:27',1693,19,'tostada de queso',5,'Tostadas',1,' pan bimbo(0),salsa pizza(0),queso(0),aceitunas verde(0),',NULL,0,100,167),(2810,'2017-10-23 10:07:34',1694,62,'gaseosa',11,'bebidas',1,NULL,NULL,0,30,140),(2811,'2017-10-23 10:10:54',1695,6,'shakshuka',1,'Desayunos',1,NULL,NULL,0,120,158),(2812,'2017-10-23 10:10:54',1695,6,'shakshuka',1,'Desayunos',1,NULL,NULL,0,120,158),(2813,'2017-10-23 10:23:58',1696,63,'jugos en botalla',11,'bebidas',1,NULL,NULL,0,35,158),(2814,'2017-10-23 10:26:01',1697,59,'agua',11,'bebidas',1,NULL,NULL,0,20,158),(2815,'2017-10-23 10:52:41',1698,21,'tostada de atun',5,'Tostadas',1,NULL,NULL,0,120,171),(2816,'2017-10-23 10:52:41',1698,21,'tostada de atun',5,'Tostadas',1,NULL,NULL,0,120,171),(2817,'2017-10-23 11:04:25',1699,59,'agua',11,'bebidas',1,NULL,NULL,0,20,1),(2818,'2017-10-23 11:07:41',1700,64,'te helado',11,'bebidas',1,NULL,NULL,0,35,171),(2819,'2017-10-23 11:17:12',1701,64,'te helado',11,'bebidas',1,NULL,NULL,0,35,172),(2820,'2017-10-23 11:17:12',1701,63,'jugos en botalla',11,'bebidas',1,NULL,NULL,0,35,172),(2821,'2017-10-23 11:31:29',1702,5,'desayuno frances',1,'Desayunos',1,NULL,NULL,0,120,143),(2822,'2017-10-23 11:31:29',1702,65,'jugo natural en agua',11,'bebidas',1,'pine(0),melon(0),banana(0),',NULL,0,50,143),(2823,'2017-10-23 11:45:32',1703,69,'cafe ',1,'Desayunos',1,'cafe frio(0),',NULL,0,30,1),(2824,'2017-10-23 11:45:32',1703,20,'tostada bulgara',5,'Tostadas',1,NULL,NULL,0,120,1),(2825,'2017-10-23 11:57:50',1704,59,'agua',11,'bebidas',1,NULL,NULL,0,20,158),(2826,'2017-10-23 11:57:59',1705,62,'gaseosa',11,'bebidas',1,NULL,NULL,0,30,1),(2827,'2017-10-23 11:57:59',1705,62,'gaseosa',11,'bebidas',1,NULL,NULL,0,30,1),(2828,'2017-10-23 12:03:27',1706,62,'gaseosa',11,'bebidas',1,NULL,NULL,0,30,1),(2829,'2017-10-23 12:13:39',1707,135,'cigarros',16,'Vetrina',1,NULL,NULL,0,65,23),(2830,'2017-10-23 13:10:34',1708,59,'agua',11,'bebidas',1,NULL,NULL,0,20,151),(2831,'2017-10-23 13:10:34',1708,153,'helado',11,'bebidas',1,NULL,NULL,0,40,151),(2832,'2017-10-23 13:18:20',1709,181,'sandwich carne',19,'Sandwiches carnes',1,'milanesa(0),pan bagget(0),hummos(0),tajini(0),ensalada(0),',NULL,0,150,1),(2833,'2017-10-23 13:18:20',1709,88,'EXTRA',19,'Sandwiches carnes',1,NULL,NULL,0,0,1),(2834,'2017-10-23 13:18:20',1709,134,'KOSHER',19,'Sandwiches carnes',1,NULL,NULL,0,50,1),(2835,'2017-10-23 14:04:24',1710,30,'plato de papas fritas',7,'Especiales de la casa',1,NULL,NULL,0,80,161),(2836,'2017-10-23 16:12:04',1711,72,'Heineken ',13,'Cerveza',1,NULL,NULL,0,50,1),(2837,'2017-10-23 16:12:04',1711,147,'bamba chica',1,'Desayunos',1,NULL,NULL,0,35,1),(2838,'2017-10-23 16:12:04',1711,71,'corona',13,'Cerveza',1,NULL,NULL,0,40,1),(2839,'2017-10-23 16:13:35',1712,71,'corona',13,'Cerveza',1,NULL,NULL,0,40,158),(2840,'2017-10-23 16:21:34',1713,152,'artik',16,'Vetrina',1,NULL,NULL,0,30,131),(2841,'2017-10-23 16:30:55',1714,4,'desayuno israeli',1,'Desayunos',1,'huevos revuelto(0),cilantro(0),cebolla(0),pan tostado (0),queso filli(0),',NULL,0,120,131),(2842,'2017-10-23 16:46:29',1715,23,'milanesa',6,'Comidas',1,'arroz(0),ensalada(0),','con tajini',0,150,9),(2843,'2017-10-23 17:17:00',1716,59,'agua',11,'bebidas',1,NULL,NULL,0,20,9),(2844,'2017-10-23 17:22:15',1717,22,'pechuga de pollo  asado',6,'Comidas',1,'papas a la francesa(0),KOSHER(50),',NULL,0,200,171),(2845,'2017-10-23 17:23:20',1718,24,'parguit',6,'Comidas',1,'KOSHER(50),','bagget',0,200,174),(2846,'2017-10-23 17:43:30',1719,22,'pechuga de pollo  asado',6,'Comidas',1,'KOSHER(50),','bagget',0,200,171),(2847,'2017-10-23 17:45:24',1720,23,'milanesa',6,'Comidas',1,'KOSHER(50),',NULL,0,200,173),(2848,'2017-10-23 17:45:49',1721,23,'milanesa',6,'Comidas',1,'KOSHER(50),',NULL,0,200,172),(2849,'2017-10-23 17:55:17',1722,62,'gaseosa',11,'bebidas',1,NULL,NULL,0,30,171),(2850,'2017-10-23 17:59:34',1723,22,'pechuga de pollo  asado',6,'Comidas',1,'KOSHER(50),','baget',0,200,19),(2851,'2017-10-23 18:20:54',1724,62,'gaseosa',11,'bebidas',1,NULL,NULL,0,30,171),(2852,'2017-10-23 18:20:54',1724,62,'gaseosa',11,'bebidas',1,NULL,NULL,0,30,171),(2853,'2017-10-23 18:40:30',1725,62,'gaseosa',11,'bebidas',1,NULL,NULL,0,30,33),(2854,'2017-10-23 18:54:21',1726,59,'agua',11,'bebidas',1,NULL,NULL,0,20,171),(2855,'2017-10-23 18:56:49',1727,59,'agua',11,'bebidas',1,NULL,NULL,0,20,32),(2856,'2017-10-23 19:19:52',1728,46,'pasta alfredo',8,'pastas',1,'crema de leche(0),champinones(0),',NULL,0,140,32),(2857,'2017-10-23 19:19:52',1728,-1,'Other',0,NULL,1,NULL,'pollo dentro de la pasta',0,30,32),(2858,'2017-10-23 19:20:27',1729,46,'pasta alfredo',8,'pastas',1,'crema de leche(0),champinones(0),',NULL,0,140,33),(2859,'2017-10-23 19:20:27',1729,-1,'Other',0,NULL,1,NULL,'pollo en la pasta',0,30,33),(2860,'2017-10-23 19:26:01',1730,31,'falfel pita',7,'Especiales de la casa',1,'pan pita(0),hummos(0),',NULL,0,100,1),(2861,'2017-10-23 19:26:01',1730,31,'falfel pita',7,'Especiales de la casa',1,'pan pita(0),hummos(0),',NULL,0,100,1),(2862,'2017-10-23 19:26:01',1730,30,'plato de papas fritas',7,'Especiales de la casa',1,NULL,NULL,0,80,1),(2863,'2017-10-23 19:54:11',1731,72,'Heineken ',13,'Cerveza',1,NULL,NULL,0,50,143),(2864,'2017-10-23 19:55:10',1732,50,'hummos champinones y cebolla',9,'Hummos',1,'champinones(0),cebolla(0),','PICANTE APARTE',0,150,1),(2865,'2017-10-23 20:28:38',1733,48,'hummos de la casa',9,'Hummos',1,NULL,NULL,0,120,1),(2866,'2017-10-23 20:28:38',1733,62,'gaseosa',11,'bebidas',1,NULL,NULL,0,30,1),(2867,'2017-10-23 20:39:29',1734,59,'agua',11,'bebidas',1,NULL,NULL,0,20,161),(2868,'2017-10-23 20:39:29',1734,22,'pechuga de pollo  asado',6,'Comidas',1,'arroz(0),ensalada(0),',NULL,0,150,161),(2869,'2017-10-23 21:32:41',1735,59,'agua',11,'bebidas',1,NULL,NULL,0,20,172),(2870,'2017-10-23 21:32:41',1735,64,'te helado',11,'bebidas',1,NULL,NULL,0,35,172),(2871,'2017-10-23 21:33:45',1736,137,'rizla',16,'Vetrina',1,NULL,NULL,0,70,172),(2872,'2017-10-23 21:41:27',1737,27,'salmon a la plancha',6,'Comidas',1,'pure de papa(0),',NULL,0,200,174),(2873,'2017-10-23 21:41:41',1738,27,'salmon a la plancha',6,'Comidas',1,'papas a la francesa(0),',NULL,0,200,173),(2874,'2017-10-23 22:25:28',1739,62,'gaseosa',11,'bebidas',1,NULL,NULL,0,30,174),(2875,'2017-10-23 22:25:43',1740,62,'gaseosa',11,'bebidas',1,NULL,NULL,0,30,173),(2876,'2017-10-23 22:34:00',1741,14,'ensalada griega',4,'Ensalada',1,NULL,NULL,0,100,143),(2877,'2017-10-23 22:47:30',1742,135,'cigarros',16,'Vetrina',1,NULL,NULL,0,65,23),(2878,'2017-10-23 22:56:39',1743,147,'bamba chica',16,'Vetrina',1,NULL,NULL,0,35,1),(2879,'2017-10-23 22:56:39',1743,147,'bamba chica',16,'Vetrina',1,NULL,NULL,0,35,1),(2880,'2017-10-23 22:56:39',1743,147,'bamba chica',16,'Vetrina',1,NULL,NULL,0,35,1),(2881,'2017-10-23 22:56:39',1743,155,'kinder bueno',16,'Vetrina',1,NULL,NULL,0,35,1),(2882,'2017-10-24 00:41:41',1744,27,'salmon a la plancha',6,'Comidas',1,'papas a la francesa(0),',NULL,0,200,151),(2883,'2017-10-24 00:57:27',1745,15,'ensalada de atun',4,'Ensalada',1,NULL,'SIN TOMATE',0,100,151),(2884,'2017-10-24 00:59:35',1746,6,'shakshuka',1,'Desayunos',1,NULL,NULL,0,120,158),(2885,'2017-10-24 01:16:40',1747,59,'agua',11,'bebidas',1,NULL,NULL,0,20,158),(2886,'2017-10-24 01:33:50',1748,5,'desayuno frances',1,'Desayunos',1,NULL,NULL,0,120,131),(2887,'2017-10-24 01:41:22',1749,21,'tostada de atun',5,'Tostadas',1,NULL,NULL,0,120,172),(2888,'2017-10-24 01:41:58',1750,6,'shakshuka',1,'Desayunos',1,NULL,'con picante',0,120,171),(2889,'2017-10-24 02:10:00',1751,155,'kinder bueno',16,'Vetrina',1,NULL,NULL,0,35,173),(2890,'2017-10-24 02:12:06',1752,64,'te helado',11,'bebidas',1,NULL,NULL,0,35,172),(2891,'2017-10-24 02:12:06',1752,64,'te helado',11,'bebidas',1,NULL,NULL,0,35,172),(2892,'2017-10-24 03:20:57',1753,63,'jugos en botalla',11,'bebidas',1,NULL,NULL,0,35,143),(2893,'2017-10-24 03:24:00',1754,135,'cigarros',16,'Vetrina',1,NULL,NULL,0,65,143),(2894,'2017-10-24 04:34:37',1755,59,'agua',11,'bebidas',1,NULL,NULL,0,20,1),(2895,'2017-10-24 04:34:37',1755,59,'agua',11,'bebidas',1,NULL,NULL,0,20,1),(2896,'2017-10-24 04:52:12',1756,59,'agua',11,'bebidas',1,NULL,NULL,0,20,158),(2897,'2017-10-24 05:13:39',1757,71,'corona',13,'Cerveza',1,NULL,NULL,0,40,1),(2898,'2017-10-24 05:24:29',1758,64,'te helado',11,'bebidas',1,NULL,NULL,0,35,143),(2899,'2017-10-24 06:36:07',1759,39,'salteado/ mukpatz - vegetariano',7,'Especiales de la casa',1,NULL,NULL,0,120,1),(2900,'2017-10-24 08:25:38',1760,3,'Desayuno de la casa',1,'Desayunos',1,NULL,NULL,0,100,161),(2901,'2017-10-24 08:25:38',1760,58,'ensalada de frutas',1,'Desayunos',1,NULL,NULL,0,100,161),(2902,'2017-10-24 08:25:38',1760,65,'jugo natural en agua',11,'bebidas',1,'fresa(0),',NULL,0,50,161),(2903,'2017-10-24 12:14:42',1761,65,'jugo natural en agua',11,'bebidas',1,'pine(0),melon(0),sandia(0),mango(0),',NULL,0,50,143),(2904,'2017-10-24 12:40:38',1762,33,'malawah',7,'Especiales de la casa',1,NULL,NULL,0,120,171),(2905,'2017-10-24 12:57:28',1763,4,'desayuno israeli',1,'Desayunos',1,NULL,NULL,0,120,151),(2906,'2017-10-24 12:57:28',1763,12,'sandwich tunisai',3,'Sandwiches',1,'pan bagget(0),picnte(0),atun(0),huevo doro(0),','y hunnos tambien',0,120,151),(2907,'2017-10-24 13:03:21',1764,181,'sandwich carne',19,'Sandwiches carnes',1,'milanesa(0),pan bagget(0),hummos(0),ensalada(0),EXTRA(0),papas a la francesa(30),',NULL,0,180,33),(2908,'2017-10-24 13:03:21',1764,63,'jugos en botalla',11,'bebidas',1,NULL,NULL,0,35,33),(2909,'2017-10-24 13:06:26',1765,5,'desayuno frances',1,'Desayunos',1,'pan frances(0),banana(0),melon(0),pine(0),','y ensalada chico',0,120,143),(2910,'2017-10-24 13:15:24',1766,21,'tostada de atun',5,'Tostadas',1,NULL,'huevo doro aparte',0,120,171),(2911,'2017-10-24 13:15:24',1766,20,'tostada bulgara',5,'Tostadas',1,NULL,NULL,0,120,171),(2912,'2017-10-24 13:15:24',1766,53,'malteada de oreo',10,'Postres',1,NULL,NULL,0,80,171),(2913,'2017-10-24 13:15:24',1766,54,'malteada de kinder bueno',10,'Postres',1,NULL,NULL,0,100,171),(2914,'2017-10-24 13:40:05',1767,23,'milanesa',6,'Comidas',1,'arroz(0),ensalada(0),','y tahini',0,150,9),(2915,'2017-10-24 13:45:39',1768,147,'bamba chica',16,'Vetrina',1,NULL,NULL,0,35,151),(2916,'2017-10-24 13:45:39',1768,146,'bisli',16,'Vetrina',1,NULL,NULL,0,35,151),(2917,'2017-10-24 13:45:47',1769,53,'malteada de oreo',10,'Postres',1,NULL,NULL,0,80,151),(2918,'2017-10-24 13:48:13',1770,23,'milanesa',6,'Comidas',1,'papas a la francesa(0),ensalada(0),',NULL,0,150,161),(2919,'2017-10-24 13:48:13',1770,65,'jugo natural en agua',11,'bebidas',1,'sandia(0),',NULL,0,50,161),(2920,'2017-10-24 14:02:13',1771,153,'helado',16,'Vetrina',1,NULL,NULL,0,40,32),(2921,'2017-10-24 14:02:13',1771,153,'helado',16,'Vetrina',1,NULL,NULL,0,40,32),(2922,'2017-10-24 14:33:18',1772,23,'milanesa',6,'Comidas',1,'pure de papa(0),ensalada(0),',NULL,0,150,177),(2923,'2017-10-24 14:33:18',1772,62,'gaseosa',11,'bebidas',1,NULL,NULL,0,30,177),(2924,'2017-10-24 14:42:19',1773,4,'desayuno israeli',1,'Desayunos',1,'huevos revuelto(0),cilantro(0),cebolla(0),pan tostado (0),queso filli(0),',NULL,0,120,131),(2925,'2017-10-24 14:42:40',1774,6,'shakshuka',1,'Desayunos',1,NULL,NULL,0,120,18),(2926,'2017-10-24 15:10:19',1775,135,'cigarros',16,'Vetrina',1,NULL,NULL,0,65,18),(2927,'2017-10-24 16:04:27',1776,4,'desayuno israeli',1,'Desayunos',1,NULL,'en pan pita',0,120,1),(2928,'2017-10-24 16:48:12',1777,181,'sandwich carne',19,'Sandwiches carnes',1,'pargit(0),pan bagget(0),hummos(0),picnte(0),tomate(0),',NULL,0,150,19),(2929,'2017-10-24 17:01:49',1778,69,'cafe ',12,'Bebidas caliente',1,'cafe frio(0),',NULL,0,30,131),(2930,'2017-10-24 17:06:09',1779,135,'cigarros',16,'Vetrina',1,NULL,NULL,0,65,171),(2931,'2017-10-24 17:38:37',1780,57,'pancake',10,'Postres',1,NULL,NULL,0,120,161),(2932,'2017-10-24 18:11:55',1781,181,'sandwich carne',19,'Sandwiches carnes',1,'milanesa(0),pan bagget(0),hummos(0),tajini(0),picnte(0),ensalada(0),',NULL,0,150,178),(2933,'2017-10-24 18:12:12',1782,59,'agua',11,'bebidas',1,NULL,NULL,0,20,178),(2934,'2017-10-24 18:23:47',1783,135,'cigarros',16,'Vetrina',1,NULL,NULL,0,65,1),(2935,'2017-10-24 18:23:47',1783,71,'corona',13,'Cerveza',1,NULL,NULL,0,40,1),(2936,'2017-10-24 18:23:47',1783,71,'corona',13,'Cerveza',1,NULL,NULL,0,40,1),(2937,'2017-10-24 18:23:47',1783,71,'corona',13,'Cerveza',1,NULL,NULL,0,40,1),(2938,'2017-10-24 18:45:34',1784,147,'bamba chica',16,'Vetrina',1,NULL,NULL,0,35,173),(2939,'2017-10-24 18:48:46',1785,147,'bamba chica',16,'Vetrina',1,NULL,NULL,0,35,173),(2940,'2017-10-24 18:48:46',1785,146,'bisli',16,'Vetrina',1,NULL,NULL,0,35,173),(2941,'2017-10-24 19:49:16',1786,31,'falfel pita',7,'Especiales de la casa',1,'pan pita(0),hummos(0),tajini(0),ensalada(0),papas a la francesa(30),',NULL,0,130,182),(2942,'2017-10-24 19:55:38',1787,135,'cigarros',16,'Vetrina',1,NULL,NULL,0,65,23),(2943,'2017-10-24 19:59:59',1788,166,'shampo',16,'Vetrina',1,NULL,NULL,0,80,180),(2944,'2017-10-24 20:12:01',1789,71,'corona',13,'Cerveza',1,NULL,NULL,0,40,171),(2945,'2017-10-24 20:12:24',1790,71,'corona',13,'Cerveza',1,NULL,NULL,0,40,172),(2946,'2017-10-24 20:12:33',1791,62,'gaseosa',11,'bebidas',1,NULL,NULL,0,30,182),(2947,'2017-10-24 20:33:34',1792,135,'cigarros',16,'Vetrina',1,NULL,NULL,0,65,173),(2948,'2017-10-24 20:34:16',1793,31,'falfel pita',7,'Especiales de la casa',1,'pan pita(0),hummos(0),tajini(0),ensalada(0),',NULL,0,100,181),(2949,'2017-10-24 20:34:42',1794,31,'falfel pita',7,'Especiales de la casa',1,'pan pita(0),hummos(0),tajini(0),ensalada(0),papas a la francesa(30),',NULL,0,130,181),(2950,'2017-10-24 20:35:03',1795,31,'falfel pita',7,'Especiales de la casa',1,'pan pita(0),hummos(0),tajini(0),ensalada(0),papas a la francesa(30),',NULL,0,130,180),(2951,'2017-10-24 20:37:11',1796,62,'gaseosa',11,'bebidas',1,NULL,NULL,0,30,181),(2952,'2017-10-24 20:38:49',1797,62,'gaseosa',11,'bebidas',1,NULL,NULL,0,30,179),(2953,'2017-10-24 20:38:57',1798,62,'gaseosa',11,'bebidas',1,NULL,NULL,0,30,180),(2954,'2017-10-24 20:41:29',1799,23,'milanesa',6,'Comidas',1,'papas a la francesa(0),ensalada(0),',NULL,0,150,179),(2955,'2017-10-24 20:48:29',1800,71,'corona',13,'Cerveza',1,NULL,NULL,0,40,1),(2956,'2017-10-24 20:48:29',1800,71,'corona',13,'Cerveza',1,NULL,NULL,0,40,1),(2957,'2017-10-24 20:59:22',1801,62,'gaseosa',11,'bebidas',1,NULL,NULL,0,30,180),(2958,'2017-10-24 21:09:53',1802,71,'corona',13,'Cerveza',1,NULL,NULL,0,40,1),(2959,'2017-10-24 21:09:53',1802,71,'corona',13,'Cerveza',1,NULL,NULL,0,40,1),(2960,'2017-10-24 22:02:40',1803,135,'cigarros',16,'Vetrina',1,NULL,NULL,0,65,179),(2961,'2017-10-24 22:27:55',1804,66,'jogo natural en leche',11,'bebidas',1,'fresa(0),sandia(0),',NULL,0,60,181),(2962,'2017-10-24 23:01:52',1805,23,'milanesa',6,'Comidas',1,'papas a la francesa(0),','sin enslada',0,150,161),(2963,'2017-10-24 23:23:19',1806,139,'filter + rizla',16,'Vetrina',1,NULL,NULL,0,90,181),(2964,'2017-10-24 23:30:16',1807,19,'tostada de queso',5,'Tostadas',1,'picnte(0),','sin aceituna',0,100,182),(2965,'2017-10-24 23:33:39',1808,19,'tostada de queso',5,'Tostadas',1,' pan bimbo(0),picnte(0),','sin aceitunas',0,100,182),(2966,'2017-10-24 23:46:41',1809,71,'corona',13,'Cerveza',1,NULL,NULL,0,40,180),(2967,'2017-10-24 23:49:36',1810,62,'gaseosa',11,'bebidas',1,NULL,NULL,0,30,179),(2968,'2017-10-24 23:50:29',1811,72,'Heineken ',13,'Cerveza',1,NULL,NULL,0,50,1),(2969,'2017-10-24 23:50:29',1811,72,'Heineken ',13,'Cerveza',1,NULL,NULL,0,50,1),(2970,'2017-10-25 00:06:49',1812,145,'cochara',16,'Vetrina',1,NULL,NULL,0,50,179),(2971,'2017-10-25 00:11:09',1813,71,'corona',13,'Cerveza',1,NULL,NULL,0,40,180),(2972,'2017-10-25 00:30:25',1814,62,'gaseosa',11,'bebidas',1,NULL,NULL,0,30,182),(2973,'2017-10-25 00:51:08',1815,71,'corona',13,'Cerveza',1,NULL,NULL,0,40,180),(2974,'2017-10-25 00:51:08',1815,71,'corona',13,'Cerveza',1,NULL,NULL,0,40,180),(2975,'2017-10-25 00:51:08',1815,71,'corona',13,'Cerveza',1,NULL,NULL,0,40,180),(2976,'2017-10-25 00:51:08',1815,71,'corona',13,'Cerveza',1,NULL,NULL,0,40,180),(2977,'2017-10-25 00:57:04',1816,135,'cigarros',16,'Vetrina',1,NULL,NULL,0,65,174),(2978,'2017-10-25 00:57:32',1817,135,'cigarros',16,'Vetrina',1,NULL,NULL,0,65,172),(2979,'2017-10-25 01:02:20',1818,71,'corona',13,'Cerveza',1,NULL,NULL,0,40,172),(2980,'2017-10-25 01:02:36',1819,71,'corona',13,'Cerveza',1,NULL,NULL,0,40,174),(2981,'2017-10-25 01:03:16',1820,72,'Heineken ',13,'Cerveza',1,NULL,NULL,0,50,173),(2982,'2017-10-25 01:19:16',1821,71,'corona',13,'Cerveza',1,NULL,NULL,0,40,180),(2983,'2017-10-25 01:19:16',1821,135,'cigarros',16,'Vetrina',1,NULL,NULL,0,65,180),(2984,'2017-10-25 01:25:41',1822,72,'Heineken ',13,'Cerveza',1,NULL,NULL,0,50,1),(2985,'2017-10-25 01:25:41',1822,72,'Heineken ',13,'Cerveza',1,NULL,NULL,0,50,1),(2986,'2017-10-25 01:27:42',1823,72,'Heineken ',13,'Cerveza',1,NULL,NULL,0,50,158),(2987,'2017-10-25 01:41:31',1824,72,'Heineken ',13,'Cerveza',1,NULL,NULL,0,50,179),(2988,'2017-10-25 02:02:44',1825,72,'Heineken ',13,'Cerveza',1,NULL,NULL,0,50,182),(2989,'2017-10-25 02:05:40',1826,72,'Heineken ',13,'Cerveza',1,NULL,NULL,0,50,180),(2990,'2017-10-25 02:05:41',1827,135,'cigarros',16,'Vetrina',1,NULL,NULL,0,65,23),(2991,'2017-10-25 02:09:36',1828,71,'corona',13,'Cerveza',1,NULL,NULL,0,40,179),(2992,'2017-10-25 02:38:19',1829,72,'Heineken ',13,'Cerveza',1,NULL,NULL,0,50,9),(2993,'2017-10-25 02:53:44',1830,59,'agua',11,'bebidas',1,NULL,NULL,0,20,180),(2994,'2017-10-25 02:53:54',1831,135,'cigarros',16,'Vetrina',1,NULL,NULL,0,65,182),(2995,'2017-10-25 02:55:19',1832,62,'gaseosa',11,'bebidas',1,NULL,NULL,0,30,182),(2996,'2017-10-25 03:17:55',1833,72,'Heineken ',13,'Cerveza',1,NULL,NULL,0,50,1),(2997,'2017-10-25 03:17:55',1833,72,'Heineken ',13,'Cerveza',1,NULL,NULL,0,50,1),(2998,'2017-10-25 03:31:26',1834,62,'gaseosa',11,'bebidas',1,NULL,NULL,0,30,1),(2999,'2017-10-25 03:32:15',1835,6,'shakshuka',1,'Desayunos',1,'pan pita(0),',NULL,0,120,172),(3000,'2017-10-25 03:34:29',1836,23,'milanesa',6,'Comidas',1,'papas a la francesa(0),KOSHER(50),','baggette',0,200,173),(3001,'2017-10-25 03:34:48',1837,132,'papas fritas',15,'Extras',1,NULL,NULL,0,30,172),(3002,'2017-10-25 03:35:53',1838,23,'milanesa',6,'Comidas',1,'papas a la francesa(0),KOSHER(50),',NULL,0,200,171),(3003,'2017-10-25 03:36:44',1839,62,'gaseosa',11,'bebidas',1,NULL,NULL,0,30,180),(3004,'2017-10-25 03:37:56',1840,135,'cigarros',16,'Vetrina',1,NULL,NULL,0,65,173),(3005,'2017-10-25 03:39:40',1841,59,'agua',11,'bebidas',1,NULL,NULL,0,20,130),(3006,'2017-10-25 03:44:25',1842,71,'corona',13,'Cerveza',1,NULL,NULL,0,40,174),(3007,'2017-10-25 03:46:10',1843,30,'plato de papas fritas',7,'Especiales de la casa',1,NULL,NULL,0,80,174),(3008,'2017-10-25 03:46:10',1843,30,'plato de papas fritas',7,'Especiales de la casa',1,NULL,NULL,0,80,174),(3009,'2017-10-25 03:55:30',1844,135,'cigarros',16,'Vetrina',1,NULL,NULL,0,65,174),(3010,'2017-10-25 03:55:41',1845,135,'cigarros',16,'Vetrina',1,NULL,NULL,0,65,171),(3011,'2017-10-25 03:56:47',1846,64,'te helado',11,'bebidas',1,NULL,NULL,0,35,171),(3012,'2017-10-25 04:00:43',1847,62,'gaseosa',11,'bebidas',1,NULL,NULL,0,30,173),(3013,'2017-10-25 04:14:31',1848,62,'gaseosa',11,'bebidas',1,NULL,NULL,0,30,171),(3014,'2017-10-25 04:14:54',1849,62,'gaseosa',11,'bebidas',1,NULL,NULL,0,30,172),(3015,'2017-10-25 04:25:34',1850,153,'helado',16,'Vetrina',1,NULL,NULL,0,40,1),(3016,'2017-10-25 04:50:53',1851,135,'cigarros',16,'Vetrina',1,NULL,NULL,0,65,179),(3017,'2017-10-25 06:00:16',1852,63,'jugos en botalla',11,'bebidas',1,NULL,NULL,0,35,174),(3018,'2017-10-25 09:15:58',1853,65,'jugo natural en agua',11,'bebidas',1,'fresa(0),',NULL,0,50,161),(3019,'2017-10-25 09:15:58',1853,3,'Desayuno de la casa',1,'Desayunos',1,'huevos homelet(0),pan tostado (0),queso filli(0),',NULL,0,100,161),(3020,'2017-10-25 09:15:58',1853,88,'EXTRA',1,'Desayunos',1,NULL,NULL,0,0,161),(3021,'2017-10-25 09:15:58',1853,124,'huevo en el homelet',1,'Desayunos',1,NULL,NULL,0,40,161),(3022,'2017-10-25 09:15:58',1853,88,'EXTRA',1,'Desayunos',1,NULL,NULL,0,0,161),(3023,'2017-10-25 09:15:58',1853,96,'atun',1,'Desayunos',1,NULL,'aparte',0,15,161),(3024,'2017-10-25 09:15:58',1853,130,'aguacate',1,'Desayunos',1,NULL,'aparte',0,20,161),(3025,'2017-10-25 09:15:58',1853,97,'huevo doro',1,'Desayunos',1,NULL,'aparte',0,15,161),(3026,'2017-10-25 09:24:25',1854,-1,'Other',0,NULL,1,NULL,'nuche piki piki',0,400,179),(3027,'2017-10-25 10:45:03',1855,21,'tostada de atun',5,'Tostadas',1,NULL,NULL,0,120,171),(3028,'2017-10-25 10:45:03',1855,21,'tostada de atun',5,'Tostadas',1,NULL,NULL,0,120,171),(3029,'2017-10-25 10:45:03',1855,20,'tostada bulgara',5,'Tostadas',1,NULL,NULL,0,120,171),(3030,'2017-10-25 10:47:58',1856,12,'sandwich tunisai',3,'Sandwiches',1,'pan bagget(0),picnte(0),atun(0),huevo doro(0),','y tahini alado y poco tostado',0,120,151),(3031,'2017-10-25 10:47:58',1856,63,'jugos en botalla',11,'bebidas',1,NULL,NULL,0,35,151),(3032,'2017-10-25 10:47:58',1856,6,'shakshuka',1,'Desayunos',1,NULL,NULL,0,120,151),(3033,'2017-10-25 10:47:58',1856,59,'agua',11,'bebidas',1,NULL,NULL,0,20,151),(3034,'2017-10-25 11:06:12',1857,63,'jugos en botalla',11,'bebidas',1,NULL,NULL,0,35,171),(3035,'2017-10-25 11:06:12',1857,64,'te helado',11,'bebidas',1,NULL,NULL,0,35,171),(3036,'2017-10-25 11:13:19',1858,64,'te helado',11,'bebidas',1,NULL,NULL,0,35,181),(3037,'2017-10-25 11:18:48',1859,-1,'Other',0,NULL,1,NULL,'nuche piki piki',0,400,182),(3038,'2017-10-25 11:22:05',1860,59,'agua',11,'bebidas',1,NULL,NULL,0,20,171),(3039,'2017-10-25 11:23:26',1861,59,'agua',11,'bebidas',1,NULL,NULL,0,20,173),(3040,'2017-10-25 11:26:39',1862,135,'cigarros',16,'Vetrina',1,NULL,NULL,0,65,179),(3041,'2017-10-25 11:36:49',1863,139,'filter + rizla',16,'Vetrina',1,NULL,NULL,0,90,179),(3042,'2017-10-25 11:36:49',1863,140,'grinder',16,'Vetrina',1,NULL,NULL,0,100,179),(3043,'2017-10-25 12:04:37',1864,6,'shakshuka',1,'Desayunos',1,NULL,NULL,0,120,180),(3044,'2017-10-25 12:04:37',1864,63,'jugos en botalla',11,'bebidas',1,NULL,NULL,0,35,180),(3045,'2017-10-25 12:22:09',1865,22,'pechuga de pollo  asado',6,'Comidas',1,'arroz(0),ensalada(0),',NULL,0,150,177),(3046,'2017-10-25 12:34:13',1866,63,'jugos en botalla',11,'bebidas',1,NULL,NULL,0,35,177),(3047,'2017-10-25 12:55:34',1867,59,'agua',11,'bebidas',1,NULL,NULL,0,20,18),(3048,'2017-10-25 12:55:34',1867,62,'gaseosa',11,'bebidas',1,NULL,NULL,0,30,18),(3049,'2017-10-25 13:13:45',1868,69,'cafe ',12,'Bebidas caliente',1,'cafe frio(0),',NULL,0,30,1),(3050,'2017-10-25 13:13:45',1868,69,'cafe ',12,'Bebidas caliente',1,'cafe frio(0),',NULL,0,30,1),(3051,'2017-10-25 13:34:55',1869,178,'orden dia especial ',17,'cena especial',1,'couscous(180),',NULL,0,180,1),(3052,'2017-10-25 13:34:55',1869,59,'agua',11,'bebidas',1,NULL,NULL,0,20,1),(3053,'2017-10-25 13:35:45',1870,178,'orden dia especial ',17,'cena especial',1,'couscous(180),',NULL,0,180,1),(3054,'2017-10-25 13:35:45',1870,64,'te helado',11,'bebidas',1,NULL,NULL,0,35,1),(3055,'2017-10-25 13:41:27',1871,20,'tostada bulgara',5,'Tostadas',1,NULL,NULL,0,120,1),(3056,'2017-10-25 13:41:27',1871,20,'tostada bulgara',5,'Tostadas',1,NULL,NULL,0,120,1),(3057,'2017-10-25 13:41:32',1872,2,'musli',1,'Desayunos',1,NULL,NULL,0,100,130),(3058,'2017-10-25 13:45:19',1873,181,'sandwich carne',19,'Sandwiches carnes',1,'pargit(0),pan bagget(0),hummos(0),tajini(0),picnte(0),ensalada(0),EXTRA(0),papas a la francesa(30),',NULL,0,180,178),(3059,'2017-10-25 13:45:19',1873,62,'gaseosa',11,'bebidas',1,NULL,NULL,0,30,178),(3060,'2017-10-25 13:51:19',1874,178,'orden dia especial ',17,'cena especial',1,'couscous(180),',NULL,0,180,1),(3061,'2017-10-25 13:51:19',1874,59,'agua',11,'bebidas',1,NULL,NULL,0,20,1),(3062,'2017-10-25 13:54:30',1875,178,'orden dia especial ',17,'cena especial',1,'couscous(180),',NULL,0,180,23),(3063,'2017-10-25 14:41:39',1876,65,'jugo natural en agua',11,'bebidas',1,'pine(0),',NULL,0,50,161),(3064,'2017-10-25 14:41:39',1876,-1,'Other',0,NULL,1,NULL,'arroz . aguacate. atun - tomate',0,0,161),(3065,'2017-10-25 14:46:52',1877,178,'orden dia especial ',17,'cena especial',1,'couscous(180),',NULL,0,180,9),(3066,'2017-10-25 14:59:48',1878,135,'cigarros',16,'Vetrina',1,NULL,NULL,0,65,182),(3067,'2017-10-25 17:05:21',1879,8,'sandwich omelet',3,'Sandwiches',1,'pan bagget(0),queso filli(0),ensalada(0),',NULL,0,100,182),(3068,'2017-10-25 18:05:26',1880,40,'hamburgesa',7,'Especiales de la casa',1,'catsop(0),mayonesa(0),carne de hamburgesa(0),tomate(0),lechoga(0),cebolla(0),',NULL,0,150,33),(3069,'2017-10-25 18:05:26',1880,40,'hamburgesa',7,'Especiales de la casa',1,'extra papas fritas(30),',NULL,0,180,33),(3070,'2017-10-25 18:18:17',1881,23,'milanesa',6,'Comidas',1,'papas a la francesa(0),ensalada(0),',NULL,0,150,32),(3071,'2017-10-25 19:03:12',1882,152,'artik',16,'Vetrina',1,NULL,NULL,0,30,33),(3072,'2017-10-25 19:09:22',1883,66,'jogo natural en leche',11,'bebidas',1,'fresa(0),banana(0),',NULL,0,60,178),(3073,'2017-10-25 19:16:43',1884,-1,'Other',0,NULL,1,NULL,'hamburguesa ',0,120,177),(3074,'2017-10-25 19:16:43',1884,132,'papas fritas',15,'Extras',1,NULL,NULL,0,30,177),(3075,'2017-10-25 19:29:41',1885,63,'jugos en botalla',11,'bebidas',1,NULL,NULL,0,35,177),(3076,'2017-10-25 19:45:05',1886,135,'cigarros',16,'Vetrina',1,NULL,NULL,0,65,179),(3077,'2017-10-25 20:16:07',1887,63,'jugos en botalla',11,'bebidas',1,NULL,NULL,0,35,182),(3078,'2017-10-25 20:36:20',1888,135,'cigarros',16,'Vetrina',1,NULL,NULL,0,65,23),(3079,'2017-10-25 20:50:57',1889,64,'te helado',11,'bebidas',1,NULL,NULL,0,35,181),(3080,'2017-10-25 20:51:09',1890,62,'gaseosa',11,'bebidas',1,NULL,NULL,0,30,179),(3081,'2017-10-25 21:15:39',1891,43,'pasta rose',8,'pastas',1,NULL,NULL,0,140,178),(3082,'2017-10-25 22:28:56',1892,59,'agua',11,'bebidas',1,NULL,NULL,0,20,158),(3083,'2017-10-25 22:29:15',1893,153,'helado',16,'Vetrina',1,NULL,NULL,0,40,181),(3084,'2017-10-25 22:40:11',1894,39,'salteado/ mukpatz - vegetariano',7,'Especiales de la casa',1,NULL,NULL,0,120,131),(3085,'2017-10-25 23:01:54',1895,64,'te helado',11,'bebidas',1,NULL,NULL,0,35,181),(3086,'2017-10-25 23:37:15',1896,62,'gaseosa',11,'bebidas',1,NULL,NULL,0,30,182),(3087,'2017-10-25 23:53:02',1897,142,'pipa',16,'Vetrina',1,NULL,NULL,0,80,182),(3088,'2017-10-26 00:02:03',1898,59,'agua',11,'bebidas',1,NULL,NULL,0,20,184),(3089,'2017-10-26 00:02:03',1898,62,'gaseosa',11,'bebidas',1,NULL,NULL,0,30,184),(3090,'2017-10-26 00:10:19',1899,71,'corona',13,'Cerveza',1,NULL,NULL,0,40,177),(3091,'2017-10-26 00:10:30',1900,71,'corona',13,'Cerveza',1,NULL,NULL,0,40,180),(3092,'2017-10-26 00:10:30',1900,71,'corona',13,'Cerveza',1,NULL,NULL,0,40,180),(3093,'2017-10-26 00:30:53',1901,71,'corona',13,'Cerveza',1,NULL,NULL,0,40,180),(3094,'2017-10-26 00:38:38',1902,23,'milanesa',6,'Comidas',1,'arroz(0),',NULL,0,150,184),(3095,'2017-10-26 00:38:38',1902,23,'milanesa',6,'Comidas',1,'arroz(0),',NULL,0,150,184),(3096,'2017-10-26 00:38:38',1902,23,'milanesa',6,'Comidas',1,'arroz(0),',NULL,0,150,184),(3097,'2017-10-26 00:38:38',1902,23,'milanesa',6,'Comidas',1,'arroz(0),',NULL,0,150,184),(3098,'2017-10-26 01:02:56',1903,63,'jugos en botalla',11,'bebidas',1,NULL,NULL,0,35,179),(3099,'2017-10-26 01:15:26',1904,135,'cigarros',16,'Vetrina',1,NULL,NULL,0,65,1),(3100,'2017-10-26 01:15:26',1904,74,'vaso de smirnoff con redbull',14,'Vodkas',1,NULL,NULL,0,120,1),(3101,'2017-10-26 01:22:18',1905,135,'cigarros',16,'Vetrina',1,NULL,NULL,0,65,182),(3102,'2017-10-26 01:25:36',1906,64,'te helado',11,'bebidas',1,NULL,NULL,0,35,184),(3103,'2017-10-26 01:35:05',1907,19,'tostada de queso',5,'Tostadas',1,'aceitunas negras(0),','la mitad de queso y la mitad tostada bulgara',0,100,181),(3104,'2017-10-26 01:39:57',1908,145,'cochara',16,'Vetrina',1,NULL,NULL,0,50,131),(3105,'2017-10-26 01:39:57',1908,145,'cochara',16,'Vetrina',1,NULL,NULL,0,50,131),(3106,'2017-10-26 01:43:32',1909,153,'helado',16,'Vetrina',1,NULL,NULL,0,40,182),(3107,'2017-10-26 01:47:28',1910,47,'pasta bolonesa',8,'pastas',1,NULL,'sin perejil. c/ albahaca',0,150,19),(3108,'2017-10-26 01:53:33',1911,62,'gaseosa',11,'bebidas',1,NULL,NULL,0,30,181),(3109,'2017-10-26 01:53:44',1912,63,'jugos en botalla',11,'bebidas',1,NULL,NULL,0,35,182),(3110,'2017-10-26 01:54:34',1913,23,'milanesa',6,'Comidas',1,'arroz(0),ensalada(0),','en baguette',0,150,1),(3111,'2017-10-26 02:48:13',1914,23,'milanesa',6,'Comidas',1,'papas a la francesa(0),ensalada(0),','en pita',0,150,9),(3112,'2017-10-26 02:48:13',1914,72,'Heineken ',13,'Cerveza',1,NULL,NULL,0,50,9),(3113,'2017-10-26 02:54:40',1915,71,'corona',13,'Cerveza',1,NULL,NULL,0,40,1),(3114,'2017-10-26 02:54:40',1915,72,'Heineken ',13,'Cerveza',1,NULL,NULL,0,50,1),(3115,'2017-10-26 03:40:13',1916,30,'plato de papas fritas',7,'Especiales de la casa',1,NULL,NULL,0,80,1),(3116,'2017-10-26 03:40:23',1917,59,'agua',11,'bebidas',1,NULL,NULL,0,20,1),(3117,'2017-10-26 03:42:06',1918,57,'pancake',10,'Postres',1,'nutella(0),helado(0),banana(0),',NULL,0,120,1),(3118,'2017-10-26 04:28:08',1919,135,'cigarros',16,'Vetrina',1,NULL,NULL,0,65,158),(3119,'2017-10-26 04:45:51',1920,135,'cigarros',16,'Vetrina',1,NULL,NULL,0,65,23),(3120,'2017-10-26 06:04:52',1921,135,'cigarros',16,'Vetrina',1,NULL,NULL,0,65,1),(3121,'2017-10-26 07:21:27',1922,59,'agua',11,'bebidas',1,NULL,NULL,0,20,184),(3122,'2017-10-26 07:21:27',1922,59,'agua',11,'bebidas',1,NULL,NULL,0,20,184),(3123,'2017-10-26 08:42:19',1923,3,'Desayuno de la casa',1,'Desayunos',1,NULL,NULL,0,100,184),(3124,'2017-10-26 08:42:19',1923,3,'Desayuno de la casa',1,'Desayunos',1,NULL,NULL,0,100,184),(3125,'2017-10-26 08:42:19',1923,64,'te helado',11,'bebidas',1,NULL,NULL,0,35,184),(3126,'2017-10-26 08:42:19',1923,64,'te helado',11,'bebidas',1,NULL,NULL,0,35,184),(3127,'2017-10-26 08:57:48',1924,3,'Desayuno de la casa',1,'Desayunos',1,NULL,'con 3 huevos',0,100,161),(3128,'2017-10-26 08:57:48',1924,-1,'Other',0,NULL,1,NULL,'duble aguacate aparte',0,0,161),(3129,'2017-10-26 08:57:48',1924,-1,'Other',0,NULL,1,NULL,'queso feta aparte y atun',0,0,161),(3130,'2017-10-26 08:57:48',1924,-1,'Other',0,NULL,1,NULL,'ensalada cortado con piminton rojo',0,0,161),(3131,'2017-10-26 08:57:48',1924,58,'ensalada de frutas',1,'Desayunos',1,NULL,NULL,0,100,161),(3132,'2017-10-26 08:57:48',1924,65,'jugo natural en agua',11,'bebidas',1,'fresa(0),',NULL,0,50,161),(3133,'2017-10-26 11:02:33',1925,70,'chocolate',12,'Bebidas caliente',1,NULL,NULL,0,25,178),(3134,'2017-10-26 11:27:17',1926,67,'te',12,'Bebidas caliente',1,NULL,NULL,0,20,181),(3135,'2017-10-26 11:54:02',1927,3,'Desayuno de la casa',1,'Desayunos',1,NULL,NULL,0,100,184),(3136,'2017-10-26 11:54:02',1927,3,'Desayuno de la casa',1,'Desayunos',1,NULL,NULL,0,100,184),(3137,'2017-10-26 11:54:02',1927,3,'Desayuno de la casa',1,'Desayunos',1,NULL,NULL,0,100,184),(3138,'2017-10-26 11:54:02',1927,3,'Desayuno de la casa',1,'Desayunos',1,NULL,NULL,0,100,184),(3139,'2017-10-26 12:06:54',1928,59,'agua',11,'bebidas',1,NULL,NULL,0,20,184),(3140,'2017-10-26 12:06:54',1928,64,'te helado',11,'bebidas',1,NULL,NULL,0,35,184),(3141,'2017-10-26 12:06:54',1928,64,'te helado',11,'bebidas',1,NULL,NULL,0,35,184),(3142,'2017-10-26 12:06:54',1928,64,'te helado',11,'bebidas',1,NULL,NULL,0,35,184),(3143,'2017-10-26 12:54:26',1929,175,'crema de sul',1,'Desayunos',1,NULL,NULL,0,200,184),(3144,'2017-10-26 12:58:17',1930,22,'pechuga de pollo  asado',6,'Comidas',1,'arroz(0),ensalada(0),',NULL,0,150,180),(3145,'2017-10-26 13:03:27',1931,3,'Desayuno de la casa',1,'Desayunos',1,NULL,'DE SENIOR',0,100,187),(3146,'2017-10-26 13:03:27',1931,59,'agua',11,'bebidas',1,NULL,NULL,0,20,187),(3147,'2017-10-26 13:03:38',1932,59,'agua',11,'bebidas',1,NULL,NULL,0,20,184),(3148,'2017-10-26 13:03:38',1932,59,'agua',11,'bebidas',1,NULL,NULL,0,20,184),(3149,'2017-10-26 13:03:38',1932,59,'agua',11,'bebidas',1,NULL,NULL,0,20,184),(3150,'2017-10-26 13:03:38',1932,59,'agua',11,'bebidas',1,NULL,NULL,0,20,184),(3151,'2017-10-26 13:03:38',1932,59,'agua',11,'bebidas',1,NULL,NULL,0,20,184),(3152,'2017-10-26 13:36:06',1933,12,'sandwich tunisai',3,'Sandwiches',1,'pan bagget(0),picnte(0),atun(0),huevo doro(0),','CON HUMMOS Y PAN TOSTADO',0,120,151),(3153,'2017-10-26 13:36:06',1933,90,'aceitunas verde',3,'Sandwiches',1,NULL,NULL,0,10,151),(3154,'2017-10-26 13:36:06',1933,12,'sandwich tunisai',3,'Sandwiches',1,'pan bagget(0),picnte(0),atun(0),huevo doro(0),tomate(0),','CON HUMMOS Y PAN TOSTADO',0,120,151),(3155,'2017-10-26 13:36:06',1933,90,'aceitunas verde',3,'Sandwiches',1,NULL,NULL,0,10,151),(3156,'2017-10-26 13:36:06',1933,63,'jugos en botalla',11,'bebidas',1,NULL,NULL,0,35,151),(3157,'2017-10-26 13:36:06',1933,63,'jugos en botalla',11,'bebidas',1,NULL,NULL,0,35,151),(3158,'2017-10-26 13:37:56',1934,23,'milanesa',6,'Comidas',1,'pure de papa(0),ensalada(0),',NULL,0,150,177),(3159,'2017-10-26 13:40:18',1935,22,'pechuga de pollo  asado',1,'Desayunos',1,'arroz(0),ensalada(0),','con thini',0,150,9),(3160,'2017-10-26 13:45:37',1936,69,'cafe ',12,'Bebidas caliente',1,NULL,NULL,0,30,182),(3161,'2017-10-26 13:45:45',1937,64,'te helado',11,'bebidas',1,NULL,NULL,0,35,181),(3162,'2017-10-26 13:55:34',1938,135,'cigarros',16,'Vetrina',1,NULL,NULL,0,65,179),(3163,'2017-10-26 13:57:11',1939,71,'corona',13,'Cerveza',1,NULL,NULL,0,40,184),(3164,'2017-10-26 13:57:11',1939,71,'corona',13,'Cerveza',1,NULL,NULL,0,40,184),(3165,'2017-10-26 13:57:11',1939,71,'corona',13,'Cerveza',1,NULL,NULL,0,40,184),(3166,'2017-10-26 13:57:11',1939,71,'corona',13,'Cerveza',1,NULL,NULL,0,40,184),(3167,'2017-10-26 13:57:11',1939,71,'corona',13,'Cerveza',1,NULL,NULL,0,40,184),(3168,'2017-10-26 13:57:11',1939,71,'corona',13,'Cerveza',1,NULL,NULL,0,40,184),(3169,'2017-10-26 13:57:11',1939,59,'agua',11,'bebidas',1,NULL,NULL,0,20,184),(3170,'2017-10-26 13:57:11',1939,59,'agua',11,'bebidas',1,NULL,NULL,0,20,184),(3171,'2017-10-26 13:57:11',1939,59,'agua',11,'bebidas',1,NULL,NULL,0,20,184),(3172,'2017-10-26 13:57:11',1939,59,'agua',11,'bebidas',1,NULL,NULL,0,20,184),(3173,'2017-10-26 13:57:11',1939,59,'agua',11,'bebidas',1,NULL,NULL,0,20,184),(3174,'2017-10-26 13:57:11',1939,59,'agua',11,'bebidas',1,NULL,NULL,0,20,184),(3175,'2017-10-26 14:14:22',1940,10,'sandwich aguacate',3,'Sandwiches',1,'pan bagget(0),huevo doro(0),tomate(0),cebolla(0),',NULL,0,120,182),(3176,'2017-10-26 14:14:49',1941,62,'gaseosa',11,'bebidas',1,NULL,NULL,0,30,182),(3177,'2017-10-26 15:22:40',1942,31,'falfel pita',1,'Desayunos',1,'pan pita(0),hummos(0),ensalada(0),',NULL,0,100,1),(3178,'2017-10-26 15:22:40',1942,31,'falfel pita',1,'Desayunos',1,'pan pita(0),hummos(0),ensalada(0),',NULL,0,100,1),(3179,'2017-10-26 15:31:04',1943,71,'corona',13,'Cerveza',1,NULL,NULL,0,40,184),(3180,'2017-10-26 15:31:04',1943,71,'corona',13,'Cerveza',1,NULL,NULL,0,40,184),(3181,'2017-10-26 15:31:04',1943,71,'corona',13,'Cerveza',1,NULL,NULL,0,40,184),(3182,'2017-10-26 15:31:04',1943,71,'corona',13,'Cerveza',1,NULL,NULL,0,40,184),(3183,'2017-10-26 15:31:04',1943,71,'corona',13,'Cerveza',1,NULL,NULL,0,40,184),(3184,'2017-10-26 15:31:04',1943,71,'corona',13,'Cerveza',1,NULL,NULL,0,40,184),(3185,'2017-10-26 15:49:45',1944,71,'corona',13,'Cerveza',1,NULL,NULL,0,40,184),(3186,'2017-10-26 15:49:45',1944,71,'corona',13,'Cerveza',1,NULL,NULL,0,40,184),(3187,'2017-10-26 15:49:45',1944,71,'corona',13,'Cerveza',1,NULL,NULL,0,40,184),(3188,'2017-10-26 15:49:45',1944,71,'corona',13,'Cerveza',1,NULL,NULL,0,40,184),(3189,'2017-10-26 15:49:45',1944,71,'corona',13,'Cerveza',1,NULL,NULL,0,40,184),(3190,'2017-10-26 15:49:45',1944,59,'agua',11,'bebidas',1,NULL,NULL,0,20,184),(3191,'2017-10-26 15:49:45',1944,59,'agua',11,'bebidas',1,NULL,NULL,0,20,184),(3192,'2017-10-26 15:49:45',1944,59,'agua',11,'bebidas',1,NULL,NULL,0,20,184),(3193,'2017-10-26 15:49:45',1944,59,'agua',11,'bebidas',1,NULL,NULL,0,20,184),(3194,'2017-10-26 15:49:45',1944,59,'agua',11,'bebidas',1,NULL,NULL,0,20,184),(3195,'2017-10-26 16:02:10',1945,135,'cigarros',16,'Vetrina',1,NULL,NULL,0,65,23),(3196,'2017-10-26 17:50:06',1946,66,'jogo natural en leche',11,'bebidas',1,'fresa(0),pine(0),banana(0),',NULL,0,60,151),(3197,'2017-10-26 17:50:28',1947,152,'artik',16,'Vetrina',1,NULL,NULL,0,30,151),(3198,'2017-10-26 18:01:22',1948,59,'agua',11,'bebidas',1,NULL,NULL,0,20,184),(3199,'2017-10-26 18:01:22',1948,59,'agua',11,'bebidas',1,NULL,NULL,0,20,184),(3200,'2017-10-26 18:01:22',1948,64,'te helado',11,'bebidas',1,NULL,NULL,0,35,184),(3201,'2017-10-26 18:01:22',1948,64,'te helado',11,'bebidas',1,NULL,NULL,0,35,184),(3202,'2017-10-26 18:01:22',1948,64,'te helado',11,'bebidas',1,NULL,NULL,0,35,184),(3203,'2017-10-26 18:41:00',1949,14,'ensalada griega',4,'Ensalada',1,NULL,NULL,0,100,1),(3204,'2017-10-26 18:41:00',1949,151,'pringels',1,'Desayunos',1,NULL,NULL,0,35,1),(3205,'2017-10-26 18:41:00',1949,63,'jugos en botalla',11,'bebidas',1,NULL,NULL,0,35,1),(3206,'2017-10-26 19:03:23',1950,161,'toalla',1,'Desayunos',1,NULL,NULL,0,200,193),(3207,'2017-10-26 19:03:43',1951,161,'toalla',1,'Desayunos',1,NULL,NULL,0,200,194),(3208,'2017-10-26 19:50:21',1952,135,'cigarros',16,'Vetrina',1,NULL,NULL,0,65,182),(3209,'2017-10-26 19:52:56',1953,135,'cigarros',16,'Vetrina',1,NULL,NULL,0,65,193),(3210,'2017-10-26 20:09:35',1954,135,'cigarros',16,'Vetrina',1,NULL,NULL,0,65,171),(3211,'2017-10-26 20:16:41',1955,62,'gaseosa',11,'bebidas',1,NULL,NULL,0,30,179),(3212,'2017-10-26 21:28:22',1956,20,'tostada bulgara',5,'Tostadas',1,' pan bimbo(0),',NULL,0,120,1),(3213,'2017-10-26 21:28:22',1956,88,'EXTRA',5,'Tostadas',1,NULL,NULL,0,0,1),(3214,'2017-10-26 21:28:22',1956,89,'aceitunas negras',5,'Tostadas',1,NULL,NULL,0,10,1),(3215,'2017-10-26 21:28:22',1956,20,'tostada bulgara',5,'Tostadas',1,' pan bimbo(0),',NULL,0,120,1),(3216,'2017-10-26 21:28:22',1956,14,'ensalada griega',4,'Ensalada',1,NULL,NULL,0,100,1),(3217,'2017-10-26 21:28:22',1956,66,'jogo natural en leche',11,'bebidas',1,'banana(0),',NULL,0,60,1),(3218,'2017-10-26 21:28:22',1956,53,'malteada de oreo',10,'Postres',1,NULL,NULL,0,80,1),(3219,'2017-10-26 21:29:06',1957,62,'gaseosa',11,'bebidas',1,NULL,NULL,0,30,174),(3220,'2017-10-26 21:40:43',1958,166,'shampo',16,'Vetrina',1,NULL,NULL,0,80,174),(3221,'2017-10-26 22:20:13',1959,135,'cigarros',16,'Vetrina',1,NULL,NULL,0,65,171),(3222,'2017-10-26 22:50:20',1960,161,'toalla',16,'Vetrina',1,NULL,NULL,0,200,188),(3223,'2017-10-26 22:50:32',1961,161,'toalla',16,'Vetrina',1,NULL,NULL,0,200,189),(3224,'2017-10-26 22:50:41',1962,161,'toalla',16,'Vetrina',1,NULL,NULL,0,200,190),(3225,'2017-10-26 22:50:59',1963,74,'vaso de smirnoff con redbull',14,'Vodkas',1,NULL,NULL,0,120,178),(3226,'2017-10-26 22:56:11',1964,72,'Heineken ',13,'Cerveza',1,NULL,NULL,0,50,171),(3227,'2017-10-26 22:56:11',1964,72,'Heineken ',13,'Cerveza',1,NULL,NULL,0,50,171),(3228,'2017-10-26 23:08:54',1965,71,'corona',13,'Cerveza',1,NULL,NULL,0,40,177),(3229,'2017-10-26 23:08:54',1965,79,'shot whisky',14,'Vodkas',1,NULL,NULL,0,120,177),(3230,'2017-10-26 23:28:10',1966,72,'Heineken ',13,'Cerveza',1,NULL,NULL,0,50,171),(3231,'2017-10-26 23:28:10',1966,135,'cigarros',16,'Vetrina',1,NULL,NULL,0,65,171),(3232,'2017-10-26 23:36:23',1967,59,'agua',11,'bebidas',1,NULL,NULL,0,20,188),(3233,'2017-10-26 23:36:38',1968,59,'agua',11,'bebidas',1,NULL,NULL,0,20,189),(3234,'2017-10-26 23:37:18',1969,59,'agua',11,'bebidas',1,NULL,NULL,0,20,190),(3235,'2017-10-26 23:39:40',1970,85,'redbull',14,'Vodkas',1,NULL,NULL,0,50,182),(3236,'2017-10-26 23:42:49',1971,71,'corona',13,'Cerveza',1,NULL,NULL,0,40,178),(3237,'2017-10-26 23:43:35',1972,85,'redbull',14,'Vodkas',1,NULL,NULL,0,50,179),(3238,'2017-10-26 23:45:37',1973,85,'redbull',14,'Vodkas',1,NULL,NULL,0,50,182),(3239,'2017-10-26 23:45:37',1973,85,'redbull',14,'Vodkas',1,NULL,NULL,0,50,182),(3240,'2017-10-26 23:47:08',1974,141,'condom',1,'Desayunos',1,NULL,NULL,0,40,195),(3241,'2017-10-26 23:47:08',1974,141,'condom',1,'Desayunos',1,NULL,NULL,0,40,195),(3242,'2017-10-26 23:47:08',1974,141,'condom',1,'Desayunos',1,NULL,NULL,0,40,195),(3243,'2017-10-26 23:47:08',1974,141,'condom',1,'Desayunos',1,NULL,NULL,0,40,195),(3244,'2017-10-26 23:47:08',1974,141,'condom',1,'Desayunos',1,NULL,NULL,0,40,195),(3245,'2017-10-26 23:47:08',1974,141,'condom',1,'Desayunos',1,NULL,NULL,0,40,195),(3246,'2017-10-26 23:47:08',1974,141,'condom',1,'Desayunos',1,NULL,NULL,0,40,195),(3247,'2017-10-26 23:47:08',1974,141,'condom',1,'Desayunos',1,NULL,NULL,0,40,195),(3248,'2017-10-26 23:47:08',1974,141,'condom',1,'Desayunos',1,NULL,NULL,0,40,195),(3249,'2017-10-26 23:47:08',1974,71,'corona',13,'Cerveza',1,NULL,NULL,0,40,195),(3250,'2017-10-26 23:47:08',1974,71,'corona',13,'Cerveza',1,NULL,NULL,0,40,195),(3251,'2017-10-27 00:01:21',1975,71,'corona',13,'Cerveza',1,NULL,NULL,0,40,188),(3252,'2017-10-27 00:01:52',1976,72,'Heineken ',13,'Cerveza',1,NULL,NULL,0,50,189),(3253,'2017-10-27 00:05:34',1977,85,'redbull',14,'Vodkas',1,NULL,NULL,0,50,171),(3254,'2017-10-27 00:11:01',1978,72,'Heineken ',13,'Cerveza',1,NULL,NULL,0,50,171),(3255,'2017-10-27 00:17:53',1979,19,'tostada de queso',5,'Tostadas',1,' pan bimbo(0),salsa pizza(0),tomate(0),',NULL,0,100,19),(3256,'2017-10-27 00:17:53',1979,91,'cebolla',5,'Tostadas',1,NULL,NULL,0,10,19),(3257,'2017-10-27 00:17:53',1979,96,'atun',5,'Tostadas',1,NULL,NULL,0,15,19),(3258,'2017-10-27 00:19:49',1980,71,'corona',13,'Cerveza',1,NULL,NULL,0,40,177),(3259,'2017-10-27 00:37:53',1981,59,'agua',11,'bebidas',1,NULL,NULL,0,20,188),(3260,'2017-10-27 00:38:07',1982,59,'agua',11,'bebidas',1,NULL,NULL,0,20,189),(3261,'2017-10-27 00:38:26',1983,59,'agua',11,'bebidas',1,NULL,NULL,0,20,190),(3262,'2017-10-27 00:39:13',1984,74,'vaso de smirnoff con redbull',14,'Vodkas',1,NULL,NULL,0,120,171),(3263,'2017-10-27 00:44:55',1985,59,'agua',11,'bebidas',1,NULL,NULL,0,20,180),(3264,'2017-10-27 02:22:49',1986,23,'milanesa',1,'Desayunos',1,'papas a la francesa(0),KOSHER(50),',NULL,0,200,172),(3265,'2017-10-27 02:24:51',1987,23,'milanesa',1,'Desayunos',1,'papas a la francesa(0),KOSHER(50),',NULL,0,200,172),(3266,'2017-10-27 03:33:53',1988,59,'agua',11,'bebidas',1,NULL,NULL,0,20,180),(3267,'2017-10-27 03:35:41',1989,145,'cochara',12,'Bebidas caliente',1,NULL,NULL,0,50,180),(3268,'2017-10-27 03:37:12',1990,72,'Heineken ',1,'Desayunos',1,NULL,NULL,0,50,182),(3269,'2017-10-27 03:41:21',1991,135,'cigarros',16,'Vetrina',1,NULL,NULL,0,65,174),(3270,'2017-10-27 03:42:05',1992,72,'Heineken ',1,'Desayunos',1,NULL,NULL,0,50,179),(3271,'2017-10-27 03:42:05',1992,72,'Heineken ',1,'Desayunos',1,NULL,NULL,0,50,179),(3272,'2017-10-27 03:46:47',1993,59,'agua',11,'bebidas',1,NULL,NULL,0,20,189),(3273,'2017-10-27 03:46:47',1993,135,'cigarros',16,'Vetrina',1,NULL,NULL,0,65,189),(3274,'2017-10-27 03:55:16',1994,62,'gaseosa',11,'bebidas',1,NULL,NULL,0,30,33),(3275,'2017-10-27 04:17:33',1995,85,'redbull',1,'Desayunos',1,NULL,NULL,0,50,181),(3276,'2017-10-27 04:17:33',1995,85,'redbull',1,'Desayunos',1,NULL,NULL,0,50,181),(3277,'2017-10-27 04:20:09',1996,19,'tostada de queso',1,'Desayunos',1,NULL,NULL,0,100,192),(3278,'2017-10-27 04:25:50',1997,135,'cigarros',16,'Vetrina',1,NULL,NULL,0,65,179),(3279,'2017-10-27 05:18:52',1998,143,'fuego',16,'Vetrina',1,NULL,NULL,0,20,158),(3280,'2017-10-27 05:18:52',1998,135,'cigarros',16,'Vetrina',1,NULL,NULL,0,65,158),(3281,'2017-10-27 05:22:05',1999,59,'agua',11,'bebidas',1,NULL,NULL,0,20,188),(3282,'2017-10-27 05:22:05',1999,62,'gaseosa',11,'bebidas',1,NULL,NULL,0,30,188),(3283,'2017-10-27 05:23:52',2000,21,'tostada de atun',5,'Tostadas',1,' pan bimbo(0),salsa pizza(0),queso(0),atun(0),cebolla(0),','CON BULGARIT',0,120,179),(3284,'2017-10-27 05:35:06',2001,135,'cigarros',16,'Vetrina',1,NULL,NULL,0,65,171),(3285,'2017-10-27 05:35:06',2001,135,'cigarros',16,'Vetrina',1,NULL,NULL,0,65,171),(3286,'2017-10-27 05:35:06',2001,74,'vaso de smirnoff con redbull',14,'Vodkas',1,NULL,NULL,0,120,171),(3287,'2017-10-27 05:35:06',2001,74,'vaso de smirnoff con redbull',14,'Vodkas',1,NULL,NULL,0,120,171),(3288,'2017-10-27 05:36:23',2002,135,'cigarros',16,'Vetrina',1,NULL,NULL,0,65,182),(3289,'2017-10-27 05:38:49',2003,62,'gaseosa',11,'bebidas',1,NULL,NULL,0,30,179),(3290,'2017-10-27 05:48:36',2004,23,'milanesa',6,'Comidas',1,NULL,NULL,0,150,1),(3291,'2017-10-27 05:48:36',2004,46,'pasta alfredo',1,'Desayunos',1,NULL,NULL,0,140,1),(3292,'2017-10-27 05:48:36',2004,-1,'Other',0,NULL,1,NULL,'חדר',0,400,1),(3293,'2017-10-27 05:49:04',2005,53,'malteada de oreo',10,'Postres',1,NULL,NULL,0,80,1),(3294,'2017-10-27 05:54:36',2006,59,'agua',11,'bebidas',1,NULL,NULL,0,20,182),(3295,'2017-10-27 06:03:35',2007,62,'gaseosa',11,'bebidas',1,NULL,NULL,0,30,179),(3296,'2017-10-27 06:03:52',2008,64,'te helado',11,'bebidas',1,NULL,NULL,0,35,181),(3297,'2017-10-27 06:44:16',2009,59,'agua',11,'bebidas',1,NULL,NULL,0,20,189),(3298,'2017-10-27 06:44:16',2009,59,'agua',11,'bebidas',1,NULL,NULL,0,20,189),(3299,'2017-10-27 06:44:16',2009,59,'agua',11,'bebidas',1,NULL,NULL,0,20,189),(3300,'2017-10-27 06:44:16',2009,59,'agua',11,'bebidas',1,NULL,NULL,0,20,189),(3301,'2017-10-27 07:33:41',2010,59,'agua',11,'bebidas',1,NULL,NULL,0,20,181),(3302,'2017-10-27 08:01:14',2011,72,'Heineken ',13,'Cerveza',1,NULL,NULL,0,50,182),(3303,'2017-10-27 08:01:14',2011,72,'Heineken ',13,'Cerveza',1,NULL,NULL,0,50,182),(3304,'2017-10-27 08:43:51',2012,181,'sandwich carne',19,'Sandwiches carnes',1,'milanesa(0),pan pita(0),hummos(0),ensalada(0),',NULL,0,150,179),(3305,'2017-10-27 08:43:51',2012,181,'sandwich carne',19,'Sandwiches carnes',1,'milanesa(0),pan pita(0),hummos(0),ensalada(0),',NULL,0,150,179),(3306,'2017-10-27 08:59:48',2013,72,'Heineken ',13,'Cerveza',1,NULL,NULL,0,50,179),(3307,'2017-10-27 08:59:48',2013,72,'Heineken ',13,'Cerveza',1,NULL,NULL,0,50,179),(3308,'2017-10-27 08:59:48',2013,74,'vaso de smirnoff con redbull',14,'Vodkas',1,NULL,NULL,0,120,179),(3309,'2017-10-27 09:00:39',2014,3,'Desayuno de la casa',1,'Desayunos',1,'huevos homelet(0),ex cebolla(0),',NULL,0,100,23),(3310,'2017-10-27 09:00:39',2014,93,'champinunes',1,'Desayunos',1,NULL,NULL,0,10,23),(3311,'2017-10-27 09:00:39',2014,94,'tomate',1,'Desayunos',1,NULL,NULL,0,15,23),(3312,'2017-10-27 09:00:39',2014,89,'aceitunas negras',1,'Desayunos',1,NULL,NULL,0,10,23),(3313,'2017-10-27 10:17:03',2015,3,'Desayuno de la casa',1,'Desayunos',1,NULL,NULL,0,100,161),(3314,'2017-10-27 10:17:03',2015,58,'ensalada de frutas',1,'Desayunos',1,NULL,'POCO CADA UNO',0,100,161),(3315,'2017-10-27 10:28:34',2016,-1,'Other',0,NULL,1,NULL,'LLAVE 4',0,200,182),(3316,'2017-10-27 11:18:39',2017,68,'nescafe',12,'Bebidas caliente',1,NULL,NULL,0,30,178),(3317,'2017-10-27 11:46:32',2018,6,'shakshuka',1,'Desayunos',1,NULL,'Y AGUCATE APARTE',0,120,178),(3318,'2017-10-27 12:41:38',2019,3,'Desayuno de la casa',1,'Desayunos',1,NULL,NULL,0,100,180),(3319,'2017-10-27 12:42:11',2020,63,'jugos en botalla',11,'bebidas',1,NULL,NULL,0,35,180),(3320,'2017-10-27 12:42:11',2020,167,'papel de bebe chico',11,'bebidas',1,NULL,NULL,0,50,180),(3321,'2017-10-27 12:42:11',2020,167,'papel de bebe chico',11,'bebidas',1,NULL,NULL,0,50,180),(3322,'2017-10-27 13:03:30',2021,53,'malteada de oreo',10,'Postres',1,NULL,NULL,0,80,171),(3323,'2017-10-27 13:03:30',2021,53,'malteada de oreo',10,'Postres',1,NULL,NULL,0,80,171),(3324,'2017-10-27 13:07:45',2022,6,'shakshuka',1,'Desayunos',1,NULL,NULL,0,120,151),(3325,'2017-10-27 13:07:45',2022,6,'shakshuka',1,'Desayunos',1,NULL,NULL,0,120,151),(3326,'2017-10-27 13:07:45',2022,59,'agua',11,'bebidas',1,NULL,NULL,0,20,151),(3327,'2017-10-27 13:07:45',2022,63,'jugos en botalla',11,'bebidas',1,NULL,NULL,0,35,151),(3328,'2017-10-27 13:09:49',2023,68,'nescafe',12,'Bebidas caliente',1,NULL,NULL,0,30,171),(3329,'2017-10-27 13:09:49',2023,68,'nescafe',12,'Bebidas caliente',1,NULL,NULL,0,30,171),(3330,'2017-10-27 13:30:02',2024,63,'jugos en botalla',11,'bebidas',1,NULL,NULL,0,35,178),(3331,'2017-10-27 13:30:55',2025,59,'agua',11,'bebidas',1,NULL,NULL,0,20,180),(3332,'2017-10-27 13:34:02',2026,23,'milanesa',6,'Comidas',1,'papas a la francesa(0),',NULL,0,150,161),(3333,'2017-10-27 14:25:56',2027,64,'te helado',11,'bebidas',1,NULL,NULL,0,35,171),(3334,'2017-10-27 14:25:56',2027,64,'te helado',11,'bebidas',1,NULL,NULL,0,35,171),(3335,'2017-10-27 14:41:38',2028,153,'helado',16,'Vetrina',1,NULL,NULL,0,40,1),(3336,'2017-10-27 14:41:38',2028,153,'helado',16,'Vetrina',1,NULL,NULL,0,40,1),(3337,'2017-10-27 14:52:14',2029,59,'agua',11,'bebidas',1,NULL,NULL,0,20,158),(3338,'2017-10-27 14:59:02',2030,19,'tostada de queso',5,'Tostadas',1,'champinones(0),',NULL,0,100,188),(3339,'2017-10-27 14:59:02',2030,59,'agua',11,'bebidas',1,NULL,NULL,0,20,188),(3340,'2017-10-27 14:59:36',2031,19,'tostada de queso',5,'Tostadas',1,'champinones(0),',NULL,0,100,189),(3341,'2017-10-27 15:00:56',2032,21,'tostada de atun',5,'Tostadas',1,' pan bimbo(0),salsa pizza(0),queso(0),atun(0),',NULL,0,120,190),(3342,'2017-10-27 15:03:59',2033,155,'kinder bueno',16,'Vetrina',1,NULL,NULL,0,35,151),(3343,'2017-10-27 15:03:59',2033,141,'condom',16,'Vetrina',1,NULL,NULL,0,40,151),(3344,'2017-10-27 15:03:59',2033,141,'condom',16,'Vetrina',1,NULL,NULL,0,40,151),(3345,'2017-10-27 15:03:59',2033,141,'condom',16,'Vetrina',1,NULL,NULL,0,40,151),(3346,'2017-10-27 15:03:59',2033,141,'condom',16,'Vetrina',1,NULL,NULL,0,40,151),(3347,'2017-10-27 15:05:12',2034,23,'milanesa',6,'Comidas',1,'arroz(0),ensalada(0),','TAHINIE',0,150,9),(3348,'2017-10-27 15:37:49',2035,21,'tostada de atun',5,'Tostadas',1,NULL,NULL,0,120,171),(3349,'2017-10-27 15:37:49',2035,21,'tostada de atun',5,'Tostadas',1,NULL,NULL,0,120,171),(3350,'2017-10-27 15:37:49',2035,20,'tostada bulgara',5,'Tostadas',1,NULL,NULL,0,120,171),(3351,'2017-10-27 15:37:49',2035,21,'tostada de atun',5,'Tostadas',1,NULL,'CON QUESO BULGARA',0,120,171),(3352,'2017-10-27 15:54:35',2036,62,'gaseosa',11,'bebidas',1,NULL,NULL,0,30,171),(3353,'2017-10-27 15:54:47',2037,62,'gaseosa',11,'bebidas',1,NULL,NULL,0,30,173),(3354,'2017-10-27 15:54:57',2038,62,'gaseosa',11,'bebidas',1,NULL,NULL,0,30,174),(3355,'2017-10-27 15:55:07',2039,62,'gaseosa',11,'bebidas',1,NULL,NULL,0,30,172),(3356,'2017-10-27 16:16:39',2040,40,'hamburgesa',7,'Especiales de la casa',1,'catsop(0),mayonesa(0),carne de hamburgesa(0),tomate(0),lechoga(0),cebolla(0),',NULL,0,150,178),(3357,'2017-10-27 17:22:02',2041,59,'agua',11,'bebidas',1,NULL,NULL,0,20,9),(3358,'2017-10-27 17:24:24',2042,161,'toalla',1,'Desayunos',1,NULL,NULL,0,200,180),(3359,'2017-10-27 17:24:24',2042,161,'toalla',1,'Desayunos',1,NULL,NULL,0,200,180),(3360,'2017-10-27 17:38:11',2043,30,'plato de papas fritas',7,'Especiales de la casa',1,NULL,NULL,0,80,1),(3361,'2017-10-27 17:46:38',2044,59,'agua',11,'bebidas',1,NULL,NULL,0,20,180),(3362,'2017-10-27 17:46:38',2044,62,'gaseosa',11,'bebidas',1,NULL,NULL,0,30,180),(3363,'2017-10-27 17:54:21',2045,64,'te helado',11,'bebidas',1,NULL,NULL,0,35,181),(3364,'2017-10-27 18:55:27',2046,59,'agua',11,'bebidas',1,NULL,NULL,0,20,188),(3365,'2017-10-27 18:55:33',2047,59,'agua',11,'bebidas',1,NULL,NULL,0,20,189),(3366,'2017-10-27 18:55:40',2048,59,'agua',11,'bebidas',1,NULL,NULL,0,20,190),(3367,'2017-10-27 19:02:55',2049,153,'helado',16,'Vetrina',1,NULL,NULL,0,40,1),(3368,'2017-10-27 19:06:10',2050,72,'Heineken ',13,'Cerveza',1,NULL,NULL,0,50,1),(3369,'2017-10-27 19:12:15',2051,62,'gaseosa',11,'bebidas',1,NULL,NULL,0,30,179),(3370,'2017-10-27 19:54:30',2052,30,'plato de papas fritas',7,'Especiales de la casa',1,NULL,NULL,0,80,1),(3371,'2017-10-27 19:54:30',2052,30,'plato de papas fritas',7,'Especiales de la casa',1,NULL,NULL,0,80,1),(3372,'2017-10-27 20:03:12',2053,66,'jogo natural en leche',11,'bebidas',1,NULL,NULL,0,60,1),(3373,'2017-10-27 20:11:48',2054,27,'salmon a la plancha',6,'Comidas',1,'pure de papa(0),',NULL,0,200,151),(3374,'2017-10-27 20:11:48',2054,27,'salmon a la plancha',6,'Comidas',1,'pure de papa(0),',NULL,0,200,151),(3375,'2017-10-27 20:25:29',2055,63,'jugos en botalla',11,'bebidas',1,NULL,NULL,0,35,1),(3376,'2017-10-27 20:48:45',2056,135,'cigarros',16,'Vetrina',1,NULL,NULL,0,65,23),(3377,'2017-10-27 20:57:18',2057,176,'kidosh',17,'cena especial',1,NULL,NULL,0,200,191),(3378,'2017-10-27 20:57:37',2058,176,'kidosh',17,'cena especial',1,NULL,NULL,0,200,193),(3379,'2017-10-27 20:57:59',2059,176,'kidosh',17,'cena especial',1,NULL,NULL,0,200,194),(3380,'2017-10-27 20:58:26',2060,176,'kidosh',17,'cena especial',1,NULL,NULL,0,200,192),(3381,'2017-10-27 20:58:39',2061,176,'kidosh',17,'cena especial',1,NULL,NULL,0,200,179),(3382,'2017-10-27 20:58:50',2062,176,'kidosh',17,'cena especial',1,NULL,NULL,0,200,181),(3383,'2017-10-27 20:58:58',2063,176,'kidosh',17,'cena especial',1,NULL,NULL,0,200,182),(3384,'2017-10-27 20:59:12',2064,176,'kidosh',17,'cena especial',1,NULL,NULL,0,200,188),(3385,'2017-10-27 20:59:20',2065,176,'kidosh',17,'cena especial',1,NULL,NULL,0,200,189),(3386,'2017-10-27 20:59:29',2066,176,'kidosh',17,'cena especial',1,NULL,NULL,0,200,190),(3387,'2017-10-27 21:00:01',2067,176,'kidosh',17,'cena especial',1,NULL,NULL,0,200,151),(3388,'2017-10-27 21:00:40',2068,176,'kidosh',17,'cena especial',1,NULL,NULL,0,200,158),(3389,'2017-10-27 21:06:24',2069,176,'kidosh',17,'cena especial',1,NULL,NULL,0,200,1),(3390,'2017-10-27 21:06:24',2069,176,'kidosh',17,'cena especial',1,NULL,NULL,0,200,1),(3391,'2017-10-27 21:28:56',2070,64,'te helado',11,'bebidas',1,NULL,NULL,0,35,188),(3392,'2017-10-27 21:36:32',2071,63,'jugos en botalla',11,'bebidas',1,NULL,NULL,0,35,1),(3393,'2017-10-27 21:36:32',2071,63,'jugos en botalla',11,'bebidas',1,NULL,NULL,0,35,1),(3394,'2017-10-27 21:36:32',2071,63,'jugos en botalla',11,'bebidas',1,NULL,NULL,0,35,1),(3395,'2017-10-27 21:51:44',2072,72,'Heineken ',13,'Cerveza',1,NULL,NULL,0,50,173),(3396,'2017-10-27 22:01:03',2073,153,'helado',16,'Vetrina',1,NULL,NULL,0,40,190),(3397,'2017-10-27 22:01:18',2074,63,'jugos en botalla',11,'bebidas',1,NULL,NULL,0,35,1),(3398,'2017-10-27 22:01:18',2074,63,'jugos en botalla',11,'bebidas',1,NULL,NULL,0,35,1),(3399,'2017-10-27 22:01:46',2075,63,'jugos en botalla',11,'bebidas',1,NULL,NULL,0,35,1),(3400,'2017-10-27 22:36:36',2076,81,'botella de smirnoff',14,'Vodkas',1,NULL,NULL,0,600,1),(3401,'2017-10-27 22:36:36',2076,85,'redbull',14,'Vodkas',1,NULL,NULL,0,50,1),(3402,'2017-10-27 23:01:52',2077,146,'bisli',16,'Vetrina',1,NULL,NULL,0,35,151),(3403,'2017-10-27 23:01:52',2077,147,'bamba chica',16,'Vetrina',1,NULL,NULL,0,35,151),(3404,'2017-10-27 23:17:36',2078,58,'ensalada de frutas',10,'Postres',1,'fresa(0),banana(0),sandia(0),pine(0),',NULL,0,100,188),(3405,'2017-10-27 23:19:37',2079,153,'helado',16,'Vetrina',1,NULL,NULL,0,40,179),(3406,'2017-10-27 23:28:55',2080,72,'Heineken ',13,'Cerveza',1,NULL,NULL,0,50,173),(3407,'2017-10-27 23:37:28',2081,85,'redbull',14,'Vodkas',1,NULL,NULL,0,50,182),(3408,'2017-10-27 23:37:28',2081,85,'redbull',14,'Vodkas',1,NULL,NULL,0,50,182),(3409,'2017-10-27 23:37:41',2082,71,'corona',13,'Cerveza',1,NULL,NULL,0,40,188),(3410,'2017-10-28 00:07:16',2083,74,'vaso de smirnoff con redbull',14,'Vodkas',1,NULL,NULL,0,120,197),(3411,'2017-10-28 00:08:44',2084,135,'cigarros',16,'Vetrina',1,NULL,NULL,0,65,1),(3412,'2017-10-28 00:11:35',2085,74,'vaso de smirnoff con redbull',14,'Vodkas',1,NULL,NULL,0,120,1),(3413,'2017-10-28 00:11:35',2085,71,'corona',13,'Cerveza',1,NULL,NULL,0,40,1),(3414,'2017-10-28 00:13:38',2086,74,'vaso de smirnoff con redbull',14,'Vodkas',1,NULL,NULL,0,120,196),(3415,'2017-10-28 00:14:58',2087,74,'vaso de smirnoff con redbull',14,'Vodkas',1,NULL,NULL,0,120,1),(3416,'2017-10-28 00:14:58',2087,74,'vaso de smirnoff con redbull',14,'Vodkas',1,NULL,NULL,0,120,1),(3417,'2017-10-28 00:17:08',2088,59,'agua',11,'bebidas',1,NULL,NULL,0,20,178),(3418,'2017-10-28 00:18:55',2089,58,'ensalada de frutas',10,'Postres',1,'fresa(0),banana(0),sandia(0),pine(0),',NULL,0,100,196),(3419,'2017-10-28 00:31:49',2090,74,'vaso de smirnoff con redbull',14,'Vodkas',1,NULL,NULL,0,120,1),(3420,'2017-10-28 00:33:36',2091,74,'vaso de smirnoff con redbull',14,'Vodkas',1,NULL,NULL,0,120,196),(3421,'2017-10-28 00:37:50',2092,74,'vaso de smirnoff con redbull',14,'Vodkas',1,NULL,NULL,0,120,1),(3422,'2017-10-28 00:37:50',2092,71,'corona',13,'Cerveza',1,NULL,NULL,0,40,1),(3423,'2017-10-28 00:51:05',2093,135,'cigarros',16,'Vetrina',1,NULL,NULL,0,65,172),(3424,'2017-10-28 00:57:33',2094,135,'cigarros',16,'Vetrina',1,NULL,NULL,0,65,171),(3425,'2017-10-28 01:02:46',2095,153,'helado',16,'Vetrina',1,NULL,NULL,0,40,173),(3426,'2017-10-28 01:08:37',2096,74,'vaso de smirnoff con redbull',14,'Vodkas',1,NULL,NULL,0,120,196),(3427,'2017-10-28 01:12:51',2097,75,'vaso de smirnoff con jugo',14,'Vodkas',1,NULL,NULL,0,100,1),(3428,'2017-10-28 01:18:16',2098,71,'corona',13,'Cerveza',1,NULL,NULL,0,40,1),(3429,'2017-10-28 01:19:19',2099,74,'vaso de smirnoff con redbull',14,'Vodkas',1,NULL,NULL,0,120,196),(3430,'2017-10-28 01:21:26',2100,31,'falfel pita',7,'Especiales de la casa',1,'pan pita(0),hummos(0),',NULL,0,100,192),(3431,'2017-10-28 01:44:40',2101,72,'Heineken ',13,'Cerveza',1,NULL,NULL,0,50,9),(3432,'2017-10-28 01:44:40',2101,71,'corona',13,'Cerveza',1,NULL,NULL,0,40,9),(3433,'2017-10-28 01:44:40',2101,147,'bamba chica',16,'Vetrina',1,NULL,NULL,0,35,9),(3434,'2017-10-28 01:45:13',2102,23,'milanesa',6,'Comidas',1,'papas a la francesa(0),','SIN ENSALADA',0,150,1),(3435,'2017-10-28 01:45:43',2103,19,'tostada de queso',5,'Tostadas',1,' pan bimbo(0),tomate(0),',NULL,0,100,1),(3436,'2017-10-28 01:46:48',2104,74,'vaso de smirnoff con redbull',14,'Vodkas',1,NULL,NULL,0,120,1),(3437,'2017-10-28 01:47:27',2105,31,'falfel pita',7,'Especiales de la casa',1,'hummos(0),picnte(0),tajini(0),',NULL,0,100,151),(3438,'2017-10-28 01:50:17',2106,74,'vaso de smirnoff con redbull',14,'Vodkas',1,NULL,NULL,0,120,196),(3439,'2017-10-28 01:52:40',2107,47,'pasta bolonesa',8,'pastas',1,NULL,NULL,0,150,1),(3440,'2017-10-28 01:52:40',2107,22,'pechuga de pollo  asado',6,'Comidas',1,'papas a la francesa(0),',NULL,0,150,1),(3441,'2017-10-28 01:58:04',2108,55,'tostada de nutella',10,'Postres',1,NULL,NULL,0,100,1),(3442,'2017-10-28 01:58:54',2109,63,'jugos en botalla',11,'bebidas',1,NULL,NULL,0,35,1),(3443,'2017-10-28 01:58:54',2109,63,'jugos en botalla',11,'bebidas',1,NULL,NULL,0,35,1),(3444,'2017-10-28 02:00:56',2110,64,'te helado',11,'bebidas',1,NULL,NULL,0,35,151),(3445,'2017-10-28 02:01:23',2111,64,'te helado',11,'bebidas',1,NULL,NULL,0,35,192),(3446,'2017-10-28 02:28:57',2112,59,'agua',11,'bebidas',1,NULL,NULL,0,20,1),(3447,'2017-10-28 02:29:26',2113,74,'vaso de smirnoff con redbull',14,'Vodkas',1,NULL,NULL,0,120,151),(3448,'2017-10-28 02:39:42',2114,19,'tostada de queso',5,'Tostadas',1,' pan bimbo(0),salsa pizza(0),queso(0),',NULL,0,100,196),(3449,'2017-10-28 03:46:11',2115,64,'te helado',11,'bebidas',1,NULL,NULL,0,35,190),(3450,'2017-10-28 03:46:46',2116,21,'tostada de atun',5,'Tostadas',1,NULL,NULL,0,120,172),(3451,'2017-10-28 03:48:18',2117,51,'hummos falfel',9,'Hummos',1,NULL,NULL,0,150,9),(3452,'2017-10-28 03:48:18',2117,132,'papas fritas',15,'Extras',1,NULL,NULL,0,30,9),(3453,'2017-10-28 03:48:42',2118,64,'te helado',11,'bebidas',1,NULL,NULL,0,35,181),(3454,'2017-10-28 03:48:42',2118,64,'te helado',11,'bebidas',1,NULL,NULL,0,35,181),(3455,'2017-10-28 03:54:08',2119,22,'pechuga de pollo  asado',6,'Comidas',1,'papas a la francesa(0),KOSHER(50),',NULL,0,200,171),(3456,'2017-10-28 03:57:18',2120,72,'Heineken ',13,'Cerveza',1,NULL,NULL,0,50,158),(3457,'2017-10-28 03:57:48',2121,72,'Heineken ',13,'Cerveza',1,NULL,NULL,0,50,174),(3458,'2017-10-28 04:00:07',2122,71,'corona',13,'Cerveza',1,NULL,NULL,0,40,182),(3459,'2017-10-28 04:00:07',2122,71,'corona',13,'Cerveza',1,NULL,NULL,0,40,182),(3460,'2017-10-28 04:02:31',2123,71,'corona',13,'Cerveza',1,NULL,NULL,0,40,180),(3461,'2017-10-28 04:08:34',2124,21,'tostada de atun',5,'Tostadas',1,' pan bimbo(0),','CON BOLGARA',0,120,174),(3462,'2017-10-28 04:09:19',2125,21,'tostada de atun',5,'Tostadas',1,' pan bimbo(0),',NULL,0,120,172),(3463,'2017-10-28 04:23:38',2126,31,'falfel pita',7,'Especiales de la casa',1,'pan pita(0),hummos(0),picnte(0),tajini(0),ensalada(0),',NULL,0,100,177),(3464,'2017-10-28 04:23:38',2126,71,'corona',13,'Cerveza',1,NULL,NULL,0,40,177),(3465,'2017-10-28 04:23:43',2127,71,'corona',13,'Cerveza',1,NULL,NULL,0,40,188),(3466,'2017-10-28 04:23:43',2127,71,'corona',13,'Cerveza',1,NULL,NULL,0,40,188),(3467,'2017-10-28 04:23:43',2127,72,'Heineken ',13,'Cerveza',1,NULL,NULL,0,50,188),(3468,'2017-10-28 04:23:43',2127,135,'cigarros',16,'Vetrina',1,NULL,NULL,0,65,188),(3469,'2017-10-28 04:31:26',2128,71,'corona',13,'Cerveza',1,NULL,NULL,0,40,177),(3470,'2017-10-28 04:45:42',2129,59,'agua',11,'bebidas',1,NULL,NULL,0,20,151),(3471,'2017-10-28 04:47:37',2130,59,'agua',11,'bebidas',1,NULL,NULL,0,20,188),(3472,'2017-10-28 04:53:12',2131,135,'cigarros',16,'Vetrina',1,NULL,NULL,0,65,158),(3473,'2017-10-28 04:55:46',2132,64,'te helado',11,'bebidas',1,NULL,NULL,0,35,171),(3474,'2017-10-28 05:09:04',2133,74,'vaso de smirnoff con redbull',14,'Vodkas',1,NULL,NULL,0,120,1),(3475,'2017-10-28 05:09:04',2133,74,'vaso de smirnoff con redbull',14,'Vodkas',1,NULL,NULL,0,120,1),(3476,'2017-10-28 05:58:20',2134,71,'corona',13,'Cerveza',1,NULL,NULL,0,40,181),(3477,'2017-10-28 05:58:30',2135,72,'Heineken ',13,'Cerveza',1,NULL,NULL,0,50,179),(3478,'2017-10-28 05:58:30',2135,72,'Heineken ',13,'Cerveza',1,NULL,NULL,0,50,179),(3479,'2017-10-28 05:59:55',2136,59,'agua',11,'bebidas',1,NULL,NULL,0,20,171),(3480,'2017-10-28 06:00:04',2137,59,'agua',11,'bebidas',1,NULL,NULL,0,20,174),(3481,'2017-10-28 06:01:27',2138,59,'agua',11,'bebidas',1,NULL,NULL,0,20,190),(3482,'2017-10-28 06:01:27',2138,59,'agua',11,'bebidas',1,NULL,NULL,0,20,190),(3483,'2017-10-28 06:01:27',2138,59,'agua',11,'bebidas',1,NULL,NULL,0,20,190),(3484,'2017-10-28 06:01:27',2138,59,'agua',11,'bebidas',1,NULL,NULL,0,20,190),(3485,'2017-10-28 06:12:48',2139,59,'agua',11,'bebidas',1,NULL,NULL,0,20,171),(3486,'2017-10-28 06:39:06',2140,149,'doritos',16,'Vetrina',1,NULL,NULL,0,20,1),(3487,'2017-10-28 07:25:10',2141,68,'nescafe',12,'Bebidas caliente',1,NULL,NULL,0,30,182),(3488,'2017-10-28 10:58:41',2142,59,'agua',11,'bebidas',1,NULL,NULL,0,20,172),(3489,'2017-10-28 11:32:04',2143,6,'shakshuka',1,'Desayunos',1,'pan pita(0),tajini(10),',NULL,0,130,1),(3490,'2017-10-28 11:32:04',2143,65,'jugo natural en agua',11,'bebidas',1,'pine(0),mango(0),','leche de coucs',0,50,1),(3491,'2017-10-28 11:32:59',2144,14,'ensalada griega',4,'Ensalada',1,NULL,NULL,0,100,192),(3492,'2017-10-28 11:38:39',2145,70,'chocolate',12,'Bebidas caliente',1,NULL,NULL,0,25,178),(3493,'2017-10-28 11:41:50',2146,59,'agua',11,'bebidas',1,NULL,NULL,0,20,192),(3494,'2017-10-28 11:48:41',2147,177,'jahnon',17,'cena especial',1,NULL,NULL,0,140,193),(3495,'2017-10-28 11:52:46',2148,177,'jahnon',17,'cena especial',1,NULL,NULL,0,140,178),(3496,'2017-10-28 12:00:07',2149,57,'pancake',10,'Postres',1,'nutella(0),helado(0),fresa(0),',NULL,0,120,1),(3497,'2017-10-28 12:00:07',2149,69,'cafe ',12,'Bebidas caliente',1,'cafe frio(0),',NULL,0,30,1),(3498,'2017-10-28 12:00:07',2149,6,'shakshuka',1,'Desayunos',1,NULL,NULL,0,120,1),(3499,'2017-10-28 12:00:07',2149,6,'shakshuka',1,'Desayunos',1,NULL,NULL,0,120,1),(3500,'2017-10-28 12:00:07',2149,69,'cafe ',12,'Bebidas caliente',1,'cafe frio(0),',NULL,0,30,1),(3501,'2017-10-28 12:00:07',2149,53,'malteada de oreo',10,'Postres',1,NULL,NULL,0,80,1),(3502,'2017-10-28 12:01:39',2150,177,'jahnon',17,'cena especial',1,NULL,NULL,0,140,193),(3503,'2017-10-28 12:26:40',2151,68,'nescafe',12,'Bebidas caliente',1,NULL,NULL,0,30,174),(3504,'2017-10-28 12:26:56',2152,68,'nescafe',12,'Bebidas caliente',1,NULL,NULL,0,30,171),(3505,'2017-10-28 12:30:20',2153,68,'nescafe',12,'Bebidas caliente',1,NULL,NULL,0,30,182),(3506,'2017-10-28 12:38:10',2154,63,'jugos en botalla',11,'bebidas',1,NULL,NULL,0,35,172),(3507,'2017-10-28 12:38:10',2154,59,'agua',11,'bebidas',1,NULL,NULL,0,20,172),(3508,'2017-10-28 12:41:02',2155,68,'nescafe',12,'Bebidas caliente',1,NULL,NULL,0,30,173),(3509,'2017-10-28 12:47:11',2156,71,'corona',13,'Cerveza',1,NULL,NULL,0,40,193),(3510,'2017-10-28 12:47:25',2157,71,'corona',13,'Cerveza',1,NULL,NULL,0,40,194),(3511,'2017-10-28 12:48:27',2158,62,'gaseosa',11,'bebidas',1,NULL,NULL,0,30,182),(3512,'2017-10-28 12:52:04',2159,59,'agua',11,'bebidas',1,NULL,NULL,0,20,171),(3513,'2017-10-28 12:52:49',2160,62,'gaseosa',11,'bebidas',1,NULL,NULL,0,30,180),(3514,'2017-10-28 12:52:49',2160,177,'jahnon',17,'cena especial',1,NULL,NULL,0,140,180),(3515,'2017-10-28 12:55:22',2161,177,'jahnon',17,'cena especial',1,NULL,'para jever',0,140,1),(3516,'2017-10-28 12:55:22',2161,177,'jahnon',17,'cena especial',1,NULL,'para jever',0,140,1),(3517,'2017-10-28 12:55:22',2161,177,'jahnon',17,'cena especial',1,NULL,'para jever',0,140,1),(3518,'2017-10-28 13:08:14',2162,153,'helado',16,'Vetrina',1,NULL,NULL,0,40,178),(3519,'2017-10-28 13:11:24',2163,5,'desayuno frances',1,'Desayunos',1,NULL,NULL,0,120,197),(3520,'2017-10-28 13:12:48',2164,6,'shakshuka',1,'Desayunos',1,NULL,NULL,0,120,1),(3521,'2017-10-28 13:12:48',2164,6,'shakshuka',1,'Desayunos',1,NULL,NULL,0,120,1),(3522,'2017-10-28 13:17:44',2165,177,'jahnon',17,'cena especial',1,NULL,NULL,0,140,197),(3523,'2017-10-28 13:18:51',2166,59,'agua',11,'bebidas',1,NULL,NULL,0,20,180),(3524,'2017-10-28 13:32:31',2167,177,'jahnon',17,'cena especial',1,NULL,NULL,0,140,190),(3525,'2017-10-28 13:34:12',2168,71,'corona',13,'Cerveza',1,NULL,NULL,0,40,197),(3526,'2017-10-28 13:47:19',2169,59,'agua',11,'bebidas',1,NULL,NULL,0,20,190),(3527,'2017-10-28 13:47:33',2170,62,'gaseosa',11,'bebidas',1,NULL,NULL,0,30,1),(3528,'2017-10-28 13:47:33',2170,62,'gaseosa',11,'bebidas',1,NULL,NULL,0,30,1),(3529,'2017-10-28 13:53:32',2171,59,'agua',11,'bebidas',1,NULL,NULL,0,20,1),(3530,'2017-10-28 13:54:47',2172,162,'cepillo de dientes',16,'Vetrina',1,NULL,NULL,0,40,1),(3531,'2017-10-28 13:54:56',2173,59,'agua',11,'bebidas',1,NULL,NULL,0,20,181),(3532,'2017-10-28 13:58:16',2174,59,'agua',11,'bebidas',1,NULL,NULL,0,20,151),(3533,'2017-10-28 14:17:13',2175,139,'filter + rizla',16,'Vetrina',1,NULL,NULL,0,90,181),(3534,'2017-10-28 14:37:21',2176,59,'agua',11,'bebidas',1,NULL,NULL,0,20,1),(3535,'2017-10-28 14:47:20',2177,62,'gaseosa',11,'bebidas',1,NULL,NULL,0,30,179),(3536,'2017-10-28 14:51:37',2178,54,'malteada de kinder bueno',10,'Postres',1,NULL,NULL,0,100,197),(3537,'2017-10-28 15:20:29',2179,177,'jahnon',17,'cena especial',1,NULL,NULL,0,140,173),(3538,'2017-10-28 15:25:48',2180,177,'jahnon',17,'cena especial',1,NULL,NULL,0,140,174),(3539,'2017-10-28 15:26:15',2181,177,'jahnon',17,'cena especial',1,NULL,NULL,0,140,182),(3540,'2017-10-28 15:29:02',2182,181,'sandwich carne',19,'Sandwiches carnes',1,'milanesa(0),pan pita(0),hummos(0),papas a la francesa(30),',NULL,0,180,172),(3541,'2017-10-28 15:29:02',2182,20,'tostada bulgara',5,'Tostadas',1,NULL,NULL,0,120,172),(3542,'2017-10-28 15:31:34',2183,59,'agua',11,'bebidas',1,NULL,NULL,0,20,158),(3543,'2017-10-28 15:32:06',2184,62,'gaseosa',11,'bebidas',1,NULL,NULL,0,30,182),(3544,'2017-10-28 15:32:57',2185,177,'jahnon',17,'cena especial',1,NULL,'picante',0,140,9),(3545,'2017-10-28 15:38:04',2186,153,'helado',16,'Vetrina',1,NULL,NULL,0,40,191),(3546,'2017-10-28 15:42:50',2187,62,'gaseosa',11,'bebidas',1,NULL,NULL,0,30,171),(3547,'2017-10-28 15:52:05',2188,135,'cigarros',16,'Vetrina',1,NULL,NULL,0,65,171),(3548,'2017-10-28 15:52:05',2188,143,'fuego',16,'Vetrina',1,NULL,NULL,0,20,171),(3549,'2017-10-28 15:56:22',2189,64,'te helado',11,'bebidas',1,NULL,NULL,0,35,172),(3550,'2017-10-28 16:06:53',2190,65,'jugo natural en agua',11,'bebidas',1,'pine(0),melon(0),mango(0),',NULL,0,50,151),(3551,'2017-10-28 16:08:39',2191,71,'corona',13,'Cerveza',1,NULL,NULL,0,40,196),(3552,'2017-10-28 16:36:56',2192,59,'agua',11,'bebidas',1,NULL,NULL,0,20,178),(3553,'2017-10-28 17:12:56',2193,64,'te helado',11,'bebidas',1,NULL,NULL,0,35,171),(3554,'2017-10-28 17:16:14',2194,177,'jahnon',17,'cena especial',1,NULL,NULL,0,140,174),(3555,'2017-10-28 17:20:26',2195,23,'milanesa',6,'Comidas',1,'pure de papa(0),ensalada(0),',NULL,0,150,192),(3556,'2017-10-28 17:20:26',2195,23,'milanesa',6,'Comidas',1,'pure de papa(0),',NULL,0,150,192),(3557,'2017-10-28 17:23:06',2196,62,'gaseosa',11,'bebidas',1,NULL,NULL,0,30,174),(3558,'2017-10-28 17:26:16',2197,33,'malawah',1,'Desayunos',1,NULL,NULL,0,120,1),(3559,'2017-10-28 17:29:33',2198,23,'milanesa',6,'Comidas',1,'arroz(0),ensalada(0),',NULL,0,150,1),(3560,'2017-10-28 17:29:54',2199,6,'shakshuka',1,'Desayunos',1,NULL,NULL,0,120,1),(3561,'2017-10-28 17:33:10',2200,50,'hummos champinones y cebolla',9,'Hummos',1,NULL,NULL,0,150,1),(3562,'2017-10-28 17:33:10',2200,71,'corona',13,'Cerveza',1,NULL,NULL,0,40,1),(3563,'2017-10-28 17:34:39',2201,40,'hamburgesa',1,'Desayunos',1,'extra papas fritas(30),',NULL,0,180,1),(3564,'2017-10-28 17:34:39',2201,71,'corona',13,'Cerveza',1,NULL,NULL,0,40,1),(3565,'2017-10-28 17:34:39',2201,6,'shakshuka',1,'Desayunos',1,NULL,NULL,0,120,1),(3566,'2017-10-28 17:37:33',2202,33,'malawah',7,'Especiales de la casa',1,NULL,NULL,0,120,197),(3567,'2017-10-28 17:47:02',2203,19,'tostada de queso',5,'Tostadas',1,NULL,NULL,0,100,196),(3568,'2017-10-28 18:02:17',2204,64,'te helado',11,'bebidas',1,NULL,NULL,0,35,181),(3569,'2017-10-28 18:49:17',2205,72,'Heineken ',13,'Cerveza',1,NULL,NULL,0,50,9),(3570,'2017-10-28 18:59:26',2206,59,'agua',11,'bebidas',1,NULL,NULL,0,20,172),(3571,'2017-10-28 19:00:52',2207,23,'milanesa',6,'Comidas',1,'papas a la francesa(0),ensalada(0),KOSHER(50),','en pan pita',0,200,173),(3572,'2017-10-28 19:15:09',2208,62,'gaseosa',11,'bebidas',1,NULL,NULL,0,30,173),(3573,'2017-10-28 19:37:18',2209,135,'cigarros',16,'Vetrina',1,NULL,NULL,0,65,1),(3574,'2017-10-28 19:40:49',2210,153,'helado',16,'Vetrina',1,NULL,NULL,0,40,181),(3575,'2017-10-28 20:10:44',2211,43,'pasta rose',8,'pastas',1,NULL,NULL,0,140,182),(3576,'2017-10-28 20:23:47',2212,59,'agua',11,'bebidas',1,NULL,NULL,0,20,182),(3577,'2017-10-28 20:31:52',2213,139,'filter + rizla',16,'Vetrina',1,NULL,NULL,0,90,181),(3578,'2017-10-28 20:52:26',2214,135,'cigarros',16,'Vetrina',1,NULL,NULL,0,65,158),(3579,'2017-10-28 21:25:09',2215,64,'te helado',11,'bebidas',1,NULL,NULL,0,35,179),(3580,'2017-10-28 21:31:36',2216,63,'jugos en botalla',11,'bebidas',1,NULL,NULL,0,35,182),(3581,'2017-10-28 21:43:34',2217,21,'tostada de atun',5,'Tostadas',1,NULL,NULL,0,120,179),(3582,'2017-10-28 22:16:23',2218,21,'tostada de atun',5,'Tostadas',1,NULL,NULL,0,120,182),(3583,'2017-10-28 22:36:48',2219,23,'milanesa',6,'Comidas',1,'papas a la francesa(0),','en baguette',0,150,172),(3584,'2017-10-28 22:37:32',2220,74,'vaso de smirnoff con redbull',14,'Vodkas',1,NULL,NULL,0,120,158),(3585,'2017-10-28 22:39:32',2221,59,'agua',11,'bebidas',1,NULL,NULL,0,20,1),(3586,'2017-10-28 22:41:18',2222,23,'milanesa',6,'Comidas',1,'papas a la francesa(0),KOSHER(50),','baguette',0,200,172),(3587,'2017-10-28 22:41:55',2223,139,'filter + rizla',16,'Vetrina',1,NULL,NULL,0,90,1),(3588,'2017-10-28 22:53:53',2224,62,'gaseosa',11,'bebidas',1,NULL,NULL,0,30,173),(3589,'2017-10-28 22:54:04',2225,59,'agua',11,'bebidas',1,NULL,NULL,0,20,172),(3590,'2017-10-28 23:06:23',2226,14,'ensalada griega',4,'Ensalada',1,NULL,NULL,0,100,18),(3591,'2017-10-28 23:06:37',2227,14,'ensalada griega',4,'Ensalada',1,NULL,NULL,0,100,1),(3592,'2017-10-28 23:15:48',2228,71,'corona',13,'Cerveza',1,NULL,NULL,0,40,173),(3593,'2017-10-28 23:18:13',2229,79,'shot whisky',14,'Vodkas',1,NULL,NULL,0,120,177),(3594,'2017-10-28 23:18:13',2229,62,'gaseosa',11,'bebidas',1,NULL,NULL,0,30,177),(3595,'2017-10-28 23:18:48',2230,71,'corona',13,'Cerveza',1,NULL,NULL,0,40,171),(3596,'2017-10-28 23:24:14',2231,71,'corona',13,'Cerveza',1,NULL,NULL,0,40,194),(3597,'2017-10-28 23:28:35',2232,85,'redbull',14,'Vodkas',1,NULL,NULL,0,50,1),(3598,'2017-10-28 23:35:05',2233,85,'redbull',14,'Vodkas',1,NULL,NULL,0,50,151),(3599,'2017-10-28 23:35:05',2233,85,'redbull',14,'Vodkas',1,NULL,NULL,0,50,151),(3600,'2017-10-28 23:54:52',2234,135,'cigarros',16,'Vetrina',1,NULL,NULL,0,65,182),(3601,'2017-10-29 00:49:50',2235,135,'cigarros',16,'Vetrina',1,NULL,NULL,0,65,171),(3602,'2017-10-29 00:50:17',2236,135,'cigarros',16,'Vetrina',1,NULL,NULL,0,65,172),(3603,'2017-10-29 01:11:46',2237,153,'helado',16,'Vetrina',1,NULL,NULL,0,40,1),(3604,'2017-10-29 01:13:23',2238,59,'agua',11,'bebidas',1,NULL,NULL,0,20,158),(3605,'2017-10-29 01:16:50',2239,135,'cigarros',16,'Vetrina',1,NULL,NULL,0,65,173),(3606,'2017-10-29 01:16:50',2239,143,'fuego',16,'Vetrina',1,NULL,NULL,0,20,173),(3607,'2017-10-29 01:20:54',2240,74,'vaso de smirnoff con redbull',14,'Vodkas',1,NULL,NULL,0,120,172),(3608,'2017-10-29 01:28:31',2241,135,'cigarros',16,'Vetrina',1,NULL,NULL,0,65,23),(3609,'2017-10-29 01:51:47',2242,19,'tostada de queso',5,'Tostadas',1,' pan bimbo(0),tomate(0),','CON CORN',0,100,1),(3610,'2017-10-29 01:52:49',2243,35,'ziva',7,'Especiales de la casa',1,NULL,NULL,0,150,1),(3611,'2017-10-29 01:53:16',2244,6,'shakshuka',1,'Desayunos',1,NULL,NULL,0,120,1),(3612,'2017-10-29 01:53:56',2245,62,'gaseosa',11,'bebidas',1,NULL,NULL,0,30,1),(3613,'2017-10-29 02:21:48',2246,40,'hamburgesa',7,'Especiales de la casa',1,NULL,NULL,0,150,197),(3614,'2017-10-29 02:24:01',2247,59,'agua',11,'bebidas',1,NULL,NULL,0,20,197),(3615,'2017-10-29 02:24:58',2248,2,'musli',10,'Postres',1,'banana(0),melon(0),pine(0),fresa(0),granola(0),',NULL,0,100,1),(3616,'2017-10-29 02:24:58',2248,40,'hamburgesa',10,'Postres',1,'catsop(0),mayonesa(0),',NULL,0,150,1),(3617,'2017-10-29 02:27:14',2249,8,'sandwich omelet',3,'Sandwiches',1,'pan pita(0),hummos(0),',NULL,0,100,196),(3618,'2017-10-29 02:27:14',2249,62,'gaseosa',11,'bebidas',1,NULL,NULL,0,30,196),(3619,'2017-10-29 02:39:11',2250,55,'tostada de nutella',10,'Postres',1,NULL,NULL,0,100,191),(3620,'2017-10-29 02:40:01',2251,71,'corona',13,'Cerveza',1,NULL,NULL,0,40,177),(3621,'2017-10-29 02:40:43',2252,74,'vaso de smirnoff con redbull',14,'Vodkas',1,NULL,NULL,0,120,171),(3622,'2017-10-29 02:41:58',2253,74,'vaso de smirnoff con redbull',14,'Vodkas',1,NULL,NULL,0,120,174),(3623,'2017-10-29 02:41:58',2254,64,'te helado',11,'bebidas',1,NULL,NULL,0,35,181),(3624,'2017-10-29 02:43:17',2255,71,'corona',13,'Cerveza',1,NULL,NULL,0,40,23),(3625,'2017-10-29 02:45:04',2256,71,'corona',13,'Cerveza',1,NULL,NULL,0,40,173),(3626,'2017-10-29 02:48:36',2257,72,'Heineken ',13,'Cerveza',1,NULL,NULL,0,50,1),(3627,'2017-10-29 02:48:36',2257,72,'Heineken ',13,'Cerveza',1,NULL,NULL,0,50,1),(3628,'2017-10-29 02:48:36',2257,72,'Heineken ',13,'Cerveza',1,NULL,NULL,0,50,1),(3629,'2017-10-29 02:48:36',2257,72,'Heineken ',13,'Cerveza',1,NULL,NULL,0,50,1),(3630,'2017-10-29 02:48:36',2257,72,'Heineken ',13,'Cerveza',1,NULL,NULL,0,50,1),(3631,'2017-10-29 02:48:36',2257,72,'Heineken ',13,'Cerveza',1,NULL,NULL,0,50,1),(3632,'2017-10-29 02:48:36',2257,72,'Heineken ',13,'Cerveza',1,NULL,NULL,0,50,1),(3633,'2017-10-29 02:48:36',2257,72,'Heineken ',13,'Cerveza',1,NULL,NULL,0,50,1),(3634,'2017-10-29 02:48:36',2257,135,'cigarros',16,'Vetrina',1,NULL,NULL,0,65,1),(3635,'2017-10-29 02:56:01',2258,135,'cigarros',16,'Vetrina',1,NULL,NULL,0,65,172),(3636,'2017-10-29 02:56:01',2258,135,'cigarros',16,'Vetrina',1,NULL,NULL,0,65,172),(3637,'2017-10-29 02:59:27',2259,4,'desayuno israeli',1,'Desayunos',1,NULL,'con pita y hummus',0,120,197),(3638,'2017-10-29 03:02:11',2260,74,'vaso de smirnoff con redbull',14,'Vodkas',1,NULL,NULL,0,120,171),(3639,'2017-10-29 03:02:26',2261,74,'vaso de smirnoff con redbull',14,'Vodkas',1,NULL,NULL,0,120,174),(3640,'2017-10-29 03:04:48',2262,59,'agua',11,'bebidas',1,NULL,NULL,0,20,197),(3641,'2017-10-29 03:05:15',2263,8,'sandwich omelet',3,'Sandwiches',1,'pan pita(0),queso filli(0),queso(10),bulgara(20),',NULL,0,130,192),(3642,'2017-10-29 03:20:01',2264,59,'agua',11,'bebidas',1,NULL,NULL,0,20,151),(3643,'2017-10-29 03:20:01',2264,72,'Heineken ',13,'Cerveza',1,NULL,NULL,0,50,151),(3644,'2017-10-29 03:37:54',2265,59,'agua',11,'bebidas',1,NULL,NULL,0,20,182),(3645,'2017-10-29 03:37:54',2265,59,'agua',11,'bebidas',1,NULL,NULL,0,20,182),(3646,'2017-10-29 03:42:51',2266,71,'corona',13,'Cerveza',1,NULL,NULL,0,40,172),(3647,'2017-10-29 04:25:09',2267,59,'agua',11,'bebidas',1,NULL,NULL,0,20,173),(3648,'2017-10-29 04:42:45',2268,59,'agua',11,'bebidas',1,NULL,NULL,0,20,181),(3649,'2017-10-29 04:56:27',2269,74,'vaso de smirnoff con redbull',14,'Vodkas',1,NULL,NULL,0,120,179),(3650,'2017-10-29 05:31:53',2270,31,'falfel pita',7,'Especiales de la casa',1,NULL,NULL,0,100,182),(3651,'2017-10-29 05:32:14',2271,21,'tostada de atun',5,'Tostadas',1,NULL,NULL,0,120,172),(3652,'2017-10-29 05:45:37',2272,20,'tostada bulgara',5,'Tostadas',1,NULL,NULL,0,120,171),(3653,'2017-10-29 06:47:45',2273,71,'corona',13,'Cerveza',1,NULL,NULL,0,40,23),(3654,'2017-10-29 06:47:45',2273,71,'corona',13,'Cerveza',1,NULL,NULL,0,40,23),(3655,'2017-10-29 06:47:45',2273,71,'corona',13,'Cerveza',1,NULL,NULL,0,40,23),(3656,'2017-10-29 08:29:32',2274,141,'condom',16,'Vetrina',1,NULL,NULL,0,40,23),(3657,'2017-10-29 08:29:32',2274,141,'condom',16,'Vetrina',1,NULL,NULL,0,40,23),(3658,'2017-10-29 08:29:32',2274,135,'cigarros',16,'Vetrina',1,NULL,NULL,0,65,23),(3659,'2017-10-29 09:28:18',2275,4,'desayuno israeli',1,'Desayunos',1,NULL,NULL,0,120,193),(3660,'2017-10-29 09:37:21',2276,20,'tostada bulgara',5,'Tostadas',1,NULL,NULL,0,120,194),(3661,'2017-10-29 09:37:21',2276,63,'jugos en botalla',11,'bebidas',1,NULL,NULL,0,35,194),(3662,'2017-10-29 09:39:10',2277,68,'nescafe',12,'Bebidas caliente',1,NULL,NULL,0,30,193),(3663,'2017-10-29 09:42:52',2278,59,'agua',11,'bebidas',1,NULL,NULL,0,20,192),(3664,'2017-10-29 11:03:15',2279,6,'shakshuka',1,'Desayunos',1,NULL,NULL,0,120,1),(3665,'2017-10-29 11:18:30',2280,20,'tostada bulgara',5,'Tostadas',1,NULL,NULL,0,120,1),(3666,'2017-10-29 11:18:30',2280,88,'EXTRA',5,'Tostadas',1,NULL,NULL,0,0,1),(3667,'2017-10-29 11:18:30',2280,90,'aceitunas verde',5,'Tostadas',1,NULL,NULL,0,10,1),(3668,'2017-10-29 11:30:00',2281,139,'filter + rizla',16,'Vetrina',1,NULL,NULL,0,90,1),(3669,'2017-10-29 11:38:29',2282,135,'cigarros',16,'Vetrina',1,NULL,NULL,0,65,198),(3670,'2017-10-29 11:54:16',2283,8,'sandwich omelet',3,'Sandwiches',1,'pan pita(0),queso filli(0),homelet(0),',NULL,0,100,192),(3671,'2017-10-29 11:54:16',2283,88,'EXTRA',3,'Sandwiches',1,NULL,NULL,0,0,192),(3672,'2017-10-29 11:54:16',2283,98,'queso feta',3,'Sandwiches',1,NULL,NULL,0,20,192),(3673,'2017-10-29 11:54:16',2283,8,'sandwich omelet',3,'Sandwiches',1,'pan pita(0),queso filli(0),homelet(0),',NULL,0,100,192),(3674,'2017-10-29 11:54:16',2283,88,'EXTRA',3,'Sandwiches',1,NULL,NULL,0,0,192),(3675,'2017-10-29 11:54:16',2283,98,'queso feta',3,'Sandwiches',1,NULL,NULL,0,20,192),(3676,'2017-10-29 12:01:05',2284,142,'pipa',1,'Desayunos',1,NULL,NULL,0,80,1),(3677,'2017-10-29 12:05:36',2285,3,'Desayuno de la casa',1,'Desayunos',1,NULL,'de sineor',0,100,1),(3678,'2017-10-29 12:05:36',2285,3,'Desayuno de la casa',1,'Desayunos',1,NULL,'de sineor',0,100,1),(3679,'2017-10-29 12:06:13',2286,62,'gaseosa',11,'bebidas',1,NULL,NULL,0,30,1),(3680,'2017-10-29 12:06:13',2286,62,'gaseosa',11,'bebidas',1,NULL,NULL,0,30,1),(3681,'2017-10-29 12:13:31',2287,20,'tostada bulgara',5,'Tostadas',1,' pan bimbo(0),salsa pizza(0),queso feta(0),','y acitunas verde',0,120,1),(3682,'2017-10-29 12:13:31',2287,69,'cafe ',12,'Bebidas caliente',1,'cafe frio(0),',NULL,0,30,1),(3683,'2017-10-29 12:13:31',2287,20,'tostada bulgara',5,'Tostadas',1,' pan bimbo(0),salsa pizza(0),queso feta(0),tomate(0),',NULL,0,120,1),(3684,'2017-10-29 12:13:31',2287,88,'EXTRA',5,'Tostadas',1,NULL,NULL,0,0,1),(3685,'2017-10-29 12:13:31',2287,92,'maiz',5,'Tostadas',1,NULL,'en la tostada',0,10,1),(3686,'2017-10-29 12:13:31',2287,21,'tostada de atun',5,'Tostadas',1,' pan bimbo(0),salsa pizza(0),queso(0),atun(0),',NULL,0,120,1),(3687,'2017-10-29 12:13:31',2287,69,'cafe ',12,'Bebidas caliente',1,'cafe frio(0),',NULL,0,30,1),(3688,'2017-10-29 12:13:31',2287,53,'malteada de oreo',10,'Postres',1,NULL,NULL,0,80,1),(3689,'2017-10-29 12:14:57',2288,4,'desayuno israeli',1,'Desayunos',1,NULL,NULL,0,120,1),(3690,'2017-10-29 12:14:57',2288,4,'desayuno israeli',1,'Desayunos',1,'huevos homelet(0),cebolla(0),pan pita(0),hummos(0),',NULL,0,120,1),(3691,'2017-10-29 12:14:57',2288,14,'ensalada griega',4,'Ensalada',1,'pepino(0),tomate(0),lechoga(0),queso feta(0),aceitunas negras(0),aceite de oliva(0),limon(0),',NULL,0,100,1),(3692,'2017-10-29 12:14:57',2288,69,'cafe ',12,'Bebidas caliente',1,'cafe frio(0),',NULL,0,30,1),(3693,'2017-10-29 12:14:57',2288,69,'cafe ',12,'Bebidas caliente',1,'cafe frio(0),',NULL,0,30,1),(3694,'2017-10-29 12:14:57',2288,53,'malteada de oreo',10,'Postres',1,NULL,NULL,0,80,1),(3695,'2017-10-29 12:18:39',2289,68,'nescafe',12,'Bebidas caliente',1,NULL,NULL,0,30,178),(3696,'2017-10-29 12:33:15',2290,63,'jugos en botalla',11,'bebidas',1,NULL,NULL,0,35,151),(3697,'2017-10-29 12:35:12',2291,4,'desayuno israeli',1,'Desayunos',1,NULL,NULL,0,120,178),(3698,'2017-10-29 12:39:42',2292,19,'tostada de queso',5,'Tostadas',1,NULL,NULL,0,100,1),(3699,'2017-10-29 12:39:42',2292,106,'pan pita',1,'Desayunos',1,NULL,NULL,0,10,1),(3700,'2017-10-29 12:39:42',2292,106,'pan pita',1,'Desayunos',1,NULL,NULL,0,10,1),(3701,'2017-10-29 12:39:42',2292,106,'pan pita',1,'Desayunos',1,NULL,NULL,0,10,1),(3702,'2017-10-29 12:39:42',2292,106,'pan pita',1,'Desayunos',1,NULL,NULL,0,10,1),(3703,'2017-10-29 12:39:42',2292,106,'pan pita',1,'Desayunos',1,NULL,NULL,0,10,1),(3704,'2017-10-29 12:39:42',2292,106,'pan pita',1,'Desayunos',1,NULL,NULL,0,10,1),(3705,'2017-10-29 12:39:42',2292,106,'pan pita',1,'Desayunos',1,NULL,NULL,0,10,1),(3706,'2017-10-29 12:39:42',2292,106,'pan pita',1,'Desayunos',1,NULL,NULL,0,10,1),(3707,'2017-10-29 12:39:42',2292,106,'pan pita',1,'Desayunos',1,NULL,NULL,0,10,1),(3708,'2017-10-29 12:39:42',2292,106,'pan pita',1,'Desayunos',1,NULL,NULL,0,10,1),(3709,'2017-10-29 13:02:18',2293,6,'shakshuka',1,'Desayunos',1,NULL,NULL,0,120,151),(3710,'2017-10-29 13:02:18',2293,6,'shakshuka',1,'Desayunos',1,NULL,NULL,0,120,151),(3711,'2017-10-29 13:21:09',2294,63,'jugos en botalla',11,'bebidas',1,NULL,NULL,0,35,178),(3712,'2017-10-29 13:22:19',2295,59,'agua',11,'bebidas',1,NULL,NULL,0,20,151),(3713,'2017-10-29 13:31:58',2296,152,'artik',16,'Vetrina',1,NULL,NULL,0,30,1),(3714,'2017-10-29 13:31:58',2296,152,'artik',16,'Vetrina',1,NULL,NULL,0,30,1),(3715,'2017-10-29 13:37:41',2297,63,'jugos en botalla',11,'bebidas',1,NULL,NULL,0,35,1),(3716,'2017-10-29 13:37:41',2297,62,'gaseosa',11,'bebidas',1,NULL,NULL,0,30,1),(3717,'2017-10-29 13:37:41',2297,62,'gaseosa',11,'bebidas',1,NULL,NULL,0,30,1),(3718,'2017-10-29 13:37:41',2297,64,'te helado',11,'bebidas',1,NULL,NULL,0,35,1),(3719,'2017-10-29 13:39:40',2298,66,'jogo natural en leche',11,'bebidas',1,'fresa(0),pine(0),banana(0),',NULL,0,60,1),(3720,'2017-10-29 13:40:06',2299,64,'te helado',11,'bebidas',1,NULL,NULL,0,35,171),(3721,'2017-10-29 13:44:57',2300,59,'agua',11,'bebidas',1,NULL,NULL,0,20,171),(3722,'2017-10-29 13:44:57',2300,21,'tostada de atun',5,'Tostadas',1,NULL,NULL,0,120,171),(3723,'2017-10-29 13:44:57',2300,64,'te helado',11,'bebidas',1,NULL,NULL,0,35,171),(3724,'2017-10-29 14:33:39',2301,68,'nescafe',12,'Bebidas caliente',1,NULL,NULL,0,30,171),(3725,'2017-10-29 14:33:48',2302,68,'nescafe',12,'Bebidas caliente',1,NULL,NULL,0,30,182),(3726,'2017-10-29 14:45:26',2303,66,'jogo natural en leche',11,'bebidas',1,'pine(0),banana(0),',NULL,0,60,1),(3727,'2017-10-29 15:02:34',2304,147,'bamba chica',1,'Desayunos',1,NULL,NULL,0,35,1),(3728,'2017-10-29 15:02:34',2304,147,'bamba chica',1,'Desayunos',1,NULL,NULL,0,35,1),(3729,'2017-10-29 15:22:37',2305,64,'te helado',11,'bebidas',1,NULL,NULL,0,35,171),(3730,'2017-10-29 16:04:42',2306,62,'gaseosa',11,'bebidas',1,NULL,NULL,0,30,181),(3731,'2017-10-29 16:08:10',2307,66,'jogo natural en leche',11,'bebidas',1,'fresa(0),banana(0),',NULL,0,60,151),(3732,'2017-10-29 16:08:42',2308,68,'nescafe',12,'Bebidas caliente',1,NULL,NULL,0,30,179),(3733,'2017-10-29 16:11:02',2309,143,'fuego',16,'Vetrina',1,NULL,NULL,0,20,179),(3734,'2017-10-29 16:11:12',2310,63,'jugos en botalla',11,'bebidas',1,NULL,NULL,0,35,179),(3735,'2017-10-29 16:12:05',2311,181,'sandwich carne',19,'Sandwiches carnes',1,'milanesa(0),pan bagget(0),hummos(0),picnte(0),ensalada(0),papas a la francesa(30),','poco tahini y el bagget tostado',0,180,9),(3736,'2017-10-29 16:26:11',2312,21,'tostada de atun',5,'Tostadas',1,NULL,NULL,0,120,171),(3737,'2017-10-29 16:26:11',2312,21,'tostada de atun',5,'Tostadas',1,NULL,NULL,0,120,171),(3738,'2017-10-29 16:26:11',2312,20,'tostada bulgara',5,'Tostadas',1,NULL,'con atun',0,120,171),(3739,'2017-10-29 16:26:11',2312,18,'ensalada de pollo',4,'Ensalada',1,NULL,'ensalada y el pollo muy cortado',0,150,171),(3740,'2017-10-29 16:37:03',2313,31,'falfel pita',7,'Especiales de la casa',1,'pan pita(0),hummos(0),ensalada(0),',NULL,0,100,151),(3741,'2017-10-29 17:20:55',2314,181,'sandwich carne',19,'Sandwiches carnes',1,'pechuga de pollo (0),pan pita(0),hummos(0),tajini(0),picnte(0),ensalada(0),papas a la francesa(30),',NULL,0,180,9),(3742,'2017-10-29 18:55:15',2315,59,'agua',11,'bebidas',1,NULL,NULL,0,20,172),(3743,'2017-10-29 19:06:58',2316,-1,'Other',0,NULL,1,NULL,'pollo a la plancha pure papas a la francesa y arroz',0,120,1),(3744,'2017-10-29 19:19:00',2317,59,'agua',11,'bebidas',1,NULL,NULL,0,20,151),(3745,'2017-10-29 19:20:35',2318,64,'te helado',11,'bebidas',1,NULL,NULL,0,35,181),(3746,'2017-10-29 19:30:45',2319,181,'sandwich carne',19,'Sandwiches carnes',1,'pargit(0),pan bagget(0),hummos(0),ensalada(0),papas a la francesa(30),',NULL,0,180,178),(3747,'2017-10-29 19:31:26',2320,154,'helado grande',16,'Vetrina',1,NULL,NULL,0,100,172),(3748,'2017-10-29 19:31:26',2320,64,'te helado',11,'bebidas',1,NULL,NULL,0,35,172),(3749,'2017-10-29 19:33:20',2321,43,'pasta rose',8,'pastas',1,NULL,NULL,0,140,19),(3750,'2017-10-29 20:37:30',2322,181,'sandwich carne',19,'Sandwiches carnes',1,'milanesa(0),pan bagget(0),papas a la francesa(30),',NULL,0,180,158),(3751,'2017-10-29 20:37:30',2322,59,'agua',11,'bebidas',1,NULL,NULL,0,20,158),(3752,'2017-10-29 20:57:37',2323,-1,'Other',0,NULL,1,NULL,'cigarros',0,50,1),(3753,'2017-10-29 21:20:47',2324,53,'malteada de oreo',10,'Postres',1,'banana(10),',NULL,0,90,181),(3754,'2017-10-29 21:21:03',2325,53,'malteada de oreo',10,'Postres',1,'banana(10),',NULL,0,90,182),(3755,'2017-10-29 21:21:32',2326,53,'malteada de oreo',10,'Postres',1,NULL,NULL,0,80,171),(3756,'2017-10-29 21:21:32',2326,54,'malteada de kinder bueno',10,'Postres',1,NULL,NULL,0,100,171),(3757,'2017-10-29 21:31:20',2327,-1,'Other',0,NULL,1,NULL,'corona',0,30,1),(3758,'2017-10-29 21:34:35',2328,53,'malteada de oreo',10,'Postres',1,'banana(10),',NULL,0,90,179),(3759,'2017-10-29 21:43:36',2329,59,'agua',11,'bebidas',1,NULL,NULL,0,20,171),(3760,'2017-10-29 22:07:27',2330,181,'sandwich carne',19,'Sandwiches carnes',1,'milanesa(0),pan pita(0),',NULL,0,150,174),(3761,'2017-10-29 22:07:27',2330,181,'sandwich carne',19,'Sandwiches carnes',1,'milanesa(0),pan pita(0),',NULL,0,150,174),(3762,'2017-10-29 22:07:27',2330,181,'sandwich carne',19,'Sandwiches carnes',1,'milanesa(0),pan bagget(0),papas a la francesa(30),',NULL,0,180,174),(3763,'2017-10-29 22:07:27',2330,134,'KOSHER',19,'Sandwiches carnes',1,NULL,NULL,0,50,174),(3764,'2017-10-29 22:07:27',2330,134,'KOSHER',19,'Sandwiches carnes',1,NULL,NULL,0,50,174),(3765,'2017-10-29 22:07:27',2330,134,'KOSHER',19,'Sandwiches carnes',1,NULL,NULL,0,50,174),(3766,'2017-10-29 22:07:27',2330,132,'papas fritas',19,'Sandwiches carnes',1,NULL,NULL,0,30,174),(3767,'2017-10-29 22:07:27',2330,132,'papas fritas',19,'Sandwiches carnes',1,NULL,NULL,0,30,174),(3768,'2017-10-29 22:08:08',2331,62,'gaseosa',11,'bebidas',1,NULL,NULL,0,30,174),(3769,'2017-10-29 22:08:08',2331,62,'gaseosa',11,'bebidas',1,NULL,NULL,0,30,174),(3770,'2017-10-29 22:08:08',2331,64,'te helado',11,'bebidas',1,NULL,NULL,0,35,174),(3771,'2017-10-29 22:18:49',2332,72,'Heineken ',13,'Cerveza',1,NULL,NULL,0,50,9),(3772,'2017-10-29 22:55:12',2333,23,'milanesa',6,'Comidas',1,'papas a la francesa(0),ensalada(0),',NULL,0,150,1),(3773,'2017-10-29 22:55:12',2333,23,'milanesa',6,'Comidas',1,'papas a la francesa(0),ensalada(0),',NULL,0,150,1),(3774,'2017-10-29 22:55:12',2333,23,'milanesa',6,'Comidas',1,'papas a la francesa(0),ensalada(0),',NULL,0,150,1),(3775,'2017-10-29 23:13:03',2334,20,'tostada bulgara',5,'Tostadas',1,NULL,NULL,0,120,1),(3776,'2017-10-29 23:15:32',2335,23,'milanesa',6,'Comidas',1,'papas a la francesa(0),ensalada(0),',NULL,0,150,1),(3777,'2017-10-29 23:21:26',2336,64,'te helado',11,'bebidas',1,NULL,NULL,0,35,1),(3778,'2017-10-29 23:21:26',2336,63,'jugos en botalla',11,'bebidas',1,NULL,NULL,0,35,1),(3779,'2017-10-29 23:21:26',2336,123,'arroz para mokpatz',15,'Extras',1,NULL,NULL,0,40,1),(3780,'2017-10-29 23:24:11',2337,132,'papas fritas',15,'Extras',1,NULL,NULL,0,30,1),(3781,'2017-10-29 23:32:04',2338,62,'gaseosa',11,'bebidas',1,NULL,NULL,0,30,1),(3782,'2017-10-29 23:35:27',2339,23,'milanesa',6,'Comidas',1,'papas a la francesa(0),ensalada(0),','para llevar arroz',0,150,1),(3783,'2017-10-29 23:54:16',2340,-1,'Other',0,NULL,1,NULL,'sigar',0,50,1),(3784,'2017-10-30 00:01:05',2341,-1,'Other',0,NULL,1,NULL,'total',0,100,1),(3785,'2017-10-30 00:35:12',2342,181,'sandwich carne',19,'Sandwiches carnes',1,'pechuga de pollo (0),pan bagget(0),hummos(0),ensalada(0),',NULL,0,150,198),(3786,'2017-10-30 01:05:18',2343,6,'shakshuka',1,'Desayunos',1,'pan pita(0),',NULL,0,120,182),(3787,'2017-10-30 01:10:03',2344,59,'agua',11,'bebidas',1,NULL,NULL,0,20,181),(3788,'2017-10-30 01:16:00',2345,31,'falfel pita',7,'Especiales de la casa',1,'pan pita(0),hummos(0),ensalada(0),papas a la francesa(30),',NULL,0,130,181),(3789,'2017-10-30 01:20:46',2346,62,'gaseosa',11,'bebidas',1,NULL,NULL,0,30,182),(3790,'2017-10-30 02:06:54',2347,135,'cigarros',16,'Vetrina',1,NULL,NULL,0,65,23),(3791,'2017-10-30 02:15:21',2348,62,'gaseosa',11,'bebidas',1,NULL,NULL,0,30,179),(3792,'2017-10-30 03:34:25',2349,64,'te helado',11,'bebidas',1,NULL,NULL,0,35,1),(3793,'2017-10-30 03:34:25',2349,64,'te helado',11,'bebidas',1,NULL,NULL,0,35,1),(3794,'2017-10-30 06:26:25',2350,-1,'Other',0,NULL,1,NULL,'NUCHE B',0,90,201),(3795,'2017-10-30 08:34:16',2351,4,'desayuno israeli',1,'Desayunos',1,NULL,NULL,0,120,178),(3796,'2017-10-30 08:34:16',2351,70,'chocolate',12,'Bebidas caliente',1,NULL,NULL,0,25,178),(3797,'2017-10-30 09:39:40',2352,4,'desayuno israeli',1,'Desayunos',1,NULL,NULL,0,120,193),(3798,'2017-10-30 09:39:40',2352,59,'agua',11,'bebidas',1,NULL,NULL,0,20,193),(3799,'2017-10-30 09:40:23',2353,4,'desayuno israeli',1,'Desayunos',1,NULL,NULL,0,120,194),(3800,'2017-10-30 09:42:43',2354,68,'nescafe',12,'Bebidas caliente',1,NULL,NULL,0,30,193),(3801,'2017-10-30 10:03:55',2355,63,'jugos en botalla',11,'bebidas',1,NULL,NULL,0,35,151),(3802,'2017-10-30 10:05:24',2356,6,'shakshuka',1,'Desayunos',1,NULL,NULL,0,120,1),(3803,'2017-10-30 10:07:07',2357,63,'jugos en botalla',11,'bebidas',1,NULL,NULL,0,35,1),(3804,'2017-10-30 10:15:42',2358,20,'tostada bulgara',5,'Tostadas',1,NULL,NULL,0,120,1),(3805,'2017-10-30 10:15:42',2358,69,'cafe ',12,'Bebidas caliente',1,'cafe frio(0),',NULL,0,30,1),(3806,'2017-10-30 10:15:42',2358,-1,'Other',0,NULL,1,NULL,'t.a',0,0,1),(3807,'2017-10-30 12:47:16',2359,36,'burekas',7,'Especiales de la casa',1,'queso(0),',NULL,0,140,158),(3808,'2017-10-30 12:49:58',2360,6,'shakshuka',1,'Desayunos',1,NULL,NULL,0,120,151),(3809,'2017-10-30 12:49:58',2360,63,'jugos en botalla',11,'bebidas',1,NULL,NULL,0,35,151),(3810,'2017-10-30 12:59:13',2361,59,'agua',11,'bebidas',1,NULL,NULL,0,20,151),(3811,'2017-10-30 13:09:40',2362,181,'sandwich carne',19,'Sandwiches carnes',1,'milanesa(0),pan pita(0),',NULL,0,150,191),(3812,'2017-10-30 13:09:40',2362,181,'sandwich carne',19,'Sandwiches carnes',1,'falfel(0),pan pita(0),',NULL,0,150,191),(3813,'2017-10-30 13:11:05',2363,34,'malawah pizza',7,'Especiales de la casa',1,'salsa pizza(0),queso(0),EXTRA(0),tomate(10),aceitunas negras(10),queso feta(20),','PARA LLEVAR',0,160,1),(3814,'2017-10-30 13:36:46',2364,6,'shakshuka',1,'Desayunos',1,'pan pita(0),ensalada(0),hummos(10),','todo en pan oita',0,130,182),(3815,'2017-10-30 13:50:32',2365,23,'milanesa',6,'Comidas',1,'arroz(0),ensalada(0),','Y TAHINI',0,150,9),(3816,'2017-10-30 13:52:13',2366,185,'soda',11,'bebidas',1,NULL,NULL,0,20,192),(3817,'2017-10-30 13:52:13',2366,135,'cigarros',16,'Vetrina',1,NULL,NULL,0,65,192),(3818,'2017-10-30 13:59:34',2367,64,'te helado',11,'bebidas',1,NULL,NULL,0,35,181),(3819,'2017-10-30 14:18:35',2368,135,'cigarros',16,'Vetrina',1,NULL,NULL,0,65,179),(3820,'2017-10-30 14:18:35',2368,143,'fuego',16,'Vetrina',1,NULL,NULL,0,20,179),(3821,'2017-10-30 15:12:43',2369,71,'corona',13,'Cerveza',1,NULL,NULL,0,40,202),(3822,'2017-10-30 15:12:55',2370,62,'gaseosa',11,'bebidas',1,NULL,NULL,0,30,204),(3823,'2017-10-30 15:20:49',2371,22,'pechuga de pollo  asado',6,'Comidas',1,'papas a la francesa(0),ensalada(0),',NULL,0,150,198),(3824,'2017-10-30 16:44:20',2372,6,'shakshuka',1,'Desayunos',1,NULL,NULL,0,120,1),(3825,'2017-10-30 16:44:20',2372,42,'pasta napolitana',8,'pastas',1,NULL,'todo para llevar',0,120,1),(3826,'2017-10-30 17:37:52',2373,181,'sandwich carne',19,'Sandwiches carnes',1,'milanesa(0),pan bagget(0),hummos(0),tajini(0),picnte(0),ensalada(0),papas a la francesa(30),',NULL,0,180,207);
/*!40000 ALTER TABLE `order_items` ENABLE KEYS */;
UNLOCK TABLES;

--
-- Table structure for table `pay_type`
--

DROP TABLE IF EXISTS `pay_type`;
/*!40101 SET @saved_cs_client     = @@character_set_client */;
/*!40101 SET character_set_client = utf8 */;
CREATE TABLE `pay_type` (
  `id` int(11) NOT NULL AUTO_INCREMENT,
  `type` varchar(45) COLLATE utf8_unicode_ci DEFAULT NULL,
  PRIMARY KEY (`id`)
) ENGINE=InnoDB AUTO_INCREMENT=4 DEFAULT CHARSET=utf8 COLLATE=utf8_unicode_ci;
/*!40101 SET character_set_client = @saved_cs_client */;

--
-- Dumping data for table `pay_type`
--

LOCK TABLES `pay_type` WRITE;
/*!40000 ALTER TABLE `pay_type` DISABLE KEYS */;
INSERT INTO `pay_type` VALUES (1,'tab'),(2,'credit'),(3,'cash');
/*!40000 ALTER TABLE `pay_type` ENABLE KEYS */;
UNLOCK TABLES;

--
-- Table structure for table `reservation`
--

DROP TABLE IF EXISTS `reservation`;
/*!40101 SET @saved_cs_client     = @@character_set_client */;
/*!40101 SET character_set_client = utf8 */;
CREATE TABLE `reservation` (
  `id` int(11) NOT NULL AUTO_INCREMENT,
  `room_type` int(11) DEFAULT NULL,
  `res_date` datetime NOT NULL,
  `sex` bit(1) DEFAULT NULL,
  `nights` int(11) DEFAULT NULL,
  `res_name` varchar(145) COLLATE utf8_unicode_ci DEFAULT NULL,
  `employee_name` varchar(45) COLLATE utf8_unicode_ci DEFAULT NULL,
  `status` int(11) NOT NULL DEFAULT '1',
  `allow_mix_dorm` bit(1) DEFAULT b'0',
  `bed_id` int(11) DEFAULT NULL,
  PRIMARY KEY (`id`),
  KEY `res_date_indx` (`res_date`)
) ENGINE=InnoDB DEFAULT CHARSET=utf8 COLLATE=utf8_unicode_ci;
/*!40101 SET character_set_client = @saved_cs_client */;

--
-- Dumping data for table `reservation`
--

LOCK TABLES `reservation` WRITE;
/*!40000 ALTER TABLE `reservation` DISABLE KEYS */;
/*!40000 ALTER TABLE `reservation` ENABLE KEYS */;
UNLOCK TABLES;

--
-- Table structure for table `reservation_status`
--

DROP TABLE IF EXISTS `reservation_status`;
/*!40101 SET @saved_cs_client     = @@character_set_client */;
/*!40101 SET character_set_client = utf8 */;
CREATE TABLE `reservation_status` (
  `id` int(11) NOT NULL,
  `name` varchar(45) COLLATE utf8_unicode_ci DEFAULT NULL,
  PRIMARY KEY (`id`)
) ENGINE=InnoDB DEFAULT CHARSET=utf8 COLLATE=utf8_unicode_ci;
/*!40101 SET character_set_client = @saved_cs_client */;

--
-- Dumping data for table `reservation_status`
--

LOCK TABLES `reservation_status` WRITE;
/*!40000 ALTER TABLE `reservation_status` DISABLE KEYS */;
INSERT INTO `reservation_status` VALUES (1,'PendingAssignment'),(2,'Assigned'),(3,'NotAvailable');
/*!40000 ALTER TABLE `reservation_status` ENABLE KEYS */;
UNLOCK TABLES;

--
-- Table structure for table `resident`
--

DROP TABLE IF EXISTS `resident`;
/*!40101 SET @saved_cs_client     = @@character_set_client */;
/*!40101 SET character_set_client = utf8 */;
CREATE TABLE `resident` (
  `id` int(11) NOT NULL AUTO_INCREMENT,
  `user_id` int(11) DEFAULT NULL,
  PRIMARY KEY (`id`),
  KEY `resident_user_idx` (`user_id`),
  CONSTRAINT `resident_user` FOREIGN KEY (`user_id`) REFERENCES `user` (`id`) ON DELETE NO ACTION ON UPDATE NO ACTION
) ENGINE=InnoDB AUTO_INCREMENT=5 DEFAULT CHARSET=utf8 COLLATE=utf8_unicode_ci;
/*!40101 SET character_set_client = @saved_cs_client */;

--
-- Dumping data for table `resident`
--

LOCK TABLES `resident` WRITE;
/*!40000 ALTER TABLE `resident` DISABLE KEYS */;
INSERT INTO `resident` VALUES (1,9),(3,18),(4,19),(2,23);
/*!40000 ALTER TABLE `resident` ENABLE KEYS */;
UNLOCK TABLES;

--
-- Table structure for table `room`
--

DROP TABLE IF EXISTS `room`;
/*!40101 SET @saved_cs_client     = @@character_set_client */;
/*!40101 SET character_set_client = utf8 */;
CREATE TABLE `room` (
  `id` int(11) NOT NULL AUTO_INCREMENT,
  `room_number` int(11) DEFAULT NULL,
  `floor` int(11) DEFAULT NULL,
  `room_type_id` int(11) DEFAULT NULL,
  `is_clean_required` bit(1) DEFAULT NULL,
  `reservation_id` int(11) DEFAULT NULL,
  `reservation_date` datetime DEFAULT NULL,
  `reservation_name` varchar(145) COLLATE utf8_unicode_ci DEFAULT NULL,
  `note` varchar(145) COLLATE utf8_unicode_ci DEFAULT NULL,
  PRIMARY KEY (`id`)
) ENGINE=InnoDB AUTO_INCREMENT=68 DEFAULT CHARSET=utf8 COLLATE=utf8_unicode_ci;
/*!40101 SET character_set_client = @saved_cs_client */;

--
-- Dumping data for table `room`
--

LOCK TABLES `room` WRITE;
/*!40000 ALTER TABLE `room` DISABLE KEYS */;
INSERT INTO `room` VALUES (1,1,1,1,'\0',NULL,NULL,NULL,NULL),(2,2,1,1,'\0',NULL,NULL,NULL,NULL),(3,3,1,2,'\0',NULL,NULL,NULL,NULL),(4,4,1,2,'\0',NULL,NULL,NULL,NULL),(5,5,1,2,'\0',NULL,NULL,NULL,NULL),(6,6,1,2,'\0',NULL,NULL,NULL,NULL),(7,7,1,2,'\0',NULL,NULL,NULL,NULL),(8,8,1,2,'\0',NULL,NULL,NULL,NULL),(9,9,1,2,'\0',NULL,NULL,NULL,NULL),(10,10,1,2,'\0',NULL,NULL,NULL,NULL),(11,11,1,2,'\0',NULL,NULL,NULL,NULL),(12,12,1,2,'\0',NULL,NULL,NULL,NULL),(13,13,1,1,'\0',NULL,NULL,NULL,NULL),(14,14,1,1,'\0',NULL,NULL,NULL,NULL),(15,15,2,1,'\0',NULL,NULL,NULL,NULL),(16,16,2,1,'\0',NULL,NULL,NULL,'orel doga'),(17,17,2,2,'\0',NULL,NULL,NULL,'elior y vaneza'),(18,18,2,2,'\0',NULL,NULL,NULL,NULL),(19,19,2,2,'\0',NULL,NULL,NULL,'haim compo'),(20,20,2,2,'\0',NULL,NULL,NULL,NULL),(21,21,2,2,'\0',NULL,NULL,NULL,NULL),(22,22,2,2,'\0',NULL,NULL,NULL,NULL),(23,23,2,1,'\0',NULL,NULL,NULL,'kobi'),(24,24,2,1,'\0',NULL,NULL,NULL,'אופיר עובד'),(25,25,2,1,'\0',NULL,NULL,NULL,NULL),(26,26,2,1,'\0',NULL,NULL,NULL,NULL),(27,27,2,1,'\0',NULL,NULL,NULL,NULL),(28,28,2,1,'\0',NULL,NULL,NULL,NULL),(29,29,2,1,'\0',NULL,NULL,NULL,NULL),(30,30,2,1,'\0',NULL,NULL,NULL,NULL),(31,31,2,2,'\0',NULL,NULL,NULL,NULL),(32,32,2,2,'\0',NULL,NULL,NULL,NULL),(33,33,2,2,'\0',NULL,NULL,NULL,NULL),(34,34,2,2,'\0',NULL,NULL,NULL,NULL),(35,35,2,2,'\0',NULL,NULL,NULL,NULL),(36,36,2,2,'\0',NULL,NULL,NULL,'ציוד מלון'),(37,37,2,1,'\0',NULL,NULL,NULL,NULL),(38,38,2,1,'\0',NULL,NULL,NULL,NULL),(39,39,3,1,'\0',NULL,NULL,NULL,NULL),(40,40,3,1,'\0',NULL,NULL,NULL,'cuarto mal'),(41,41,3,2,'\0',NULL,NULL,NULL,NULL),(42,42,3,2,'\0',NULL,NULL,NULL,NULL),(43,43,3,2,'\0',NULL,NULL,NULL,NULL),(44,44,3,2,'\0',NULL,NULL,NULL,NULL),(45,45,3,2,'\0',NULL,NULL,NULL,NULL),(46,46,3,2,'\0',NULL,NULL,NULL,NULL),(47,47,3,1,'\0',NULL,NULL,NULL,NULL),(48,48,3,1,'\0',NULL,NULL,NULL,'CUARTO MASSAG / חדר מסא\'ז'),(49,49,3,1,'\0',NULL,NULL,NULL,NULL),(50,50,3,1,'\0',NULL,NULL,NULL,NULL),(51,51,3,1,'\0',NULL,NULL,NULL,NULL),(52,52,3,1,'\0',NULL,NULL,NULL,NULL),(53,53,3,1,'\0',NULL,NULL,NULL,NULL),(54,54,3,1,'\0',NULL,NULL,NULL,NULL),(55,55,3,2,'\0',NULL,NULL,NULL,NULL),(56,56,3,2,'\0',NULL,NULL,NULL,NULL),(57,57,3,2,'\0',NULL,NULL,NULL,NULL),(58,58,3,2,'\0',NULL,NULL,NULL,NULL),(59,59,3,2,'\0',NULL,NULL,NULL,NULL),(60,60,3,2,'\0',NULL,NULL,NULL,'ציוד מלון'),(61,61,3,1,'\0',NULL,NULL,NULL,NULL),(62,62,3,1,'\0',NULL,NULL,NULL,NULL),(63,63,3,1,'\0',NULL,NULL,NULL,'בשיפוץ'),(64,64,3,1,'\0',NULL,NULL,NULL,'בשיפוץ'),(65,65,3,1,'\0',NULL,NULL,NULL,NULL),(66,66,3,1,'\0',NULL,NULL,NULL,'חדר ההנהלה'),(67,67,1,2,NULL,NULL,NULL,NULL,NULL);
/*!40000 ALTER TABLE `room` ENABLE KEYS */;
UNLOCK TABLES;

--
-- Table structure for table `room_bed`
--

DROP TABLE IF EXISTS `room_bed`;
/*!40101 SET @saved_cs_client     = @@character_set_client */;
/*!40101 SET character_set_client = utf8 */;
CREATE TABLE `room_bed` (
  `id` int(11) NOT NULL AUTO_INCREMENT,
  `room_id` int(11) NOT NULL,
  `room_number` int(11) DEFAULT NULL,
  `bed_id` int(11) NOT NULL,
  `bed_type_id` int(11) DEFAULT NULL,
  `double_bed_partner_id` int(11) DEFAULT NULL,
  `reservation_id` int(11) DEFAULT NULL,
  `reservation_date` datetime DEFAULT NULL,
  `reservation_sex` bit(1) DEFAULT NULL,
  `reservation_name` varchar(145) COLLATE utf8_unicode_ci DEFAULT NULL,
  PRIMARY KEY (`id`),
  UNIQUE KEY `room_bed_unq` (`room_id`,`bed_id`),
  KEY `toombed_fk_idx` (`bed_id`),
  CONSTRAINT `roombed_fk` FOREIGN KEY (`room_id`) REFERENCES `room` (`id`) ON DELETE NO ACTION ON UPDATE NO ACTION,
  CONSTRAINT `toombed_fk` FOREIGN KEY (`bed_id`) REFERENCES `bed` (`id`) ON DELETE NO ACTION ON UPDATE NO ACTION
) ENGINE=InnoDB AUTO_INCREMENT=428 DEFAULT CHARSET=utf8 COLLATE=utf8_unicode_ci;
/*!40101 SET character_set_client = @saved_cs_client */;

--
-- Dumping data for table `room_bed`
--

LOCK TABLES `room_bed` WRITE;
/*!40000 ALTER TABLE `room_bed` DISABLE KEYS */;
INSERT INTO `room_bed` VALUES (15,1,0,3,1,NULL,NULL,NULL,'\0',NULL),(17,1,0,5,2,4,NULL,NULL,'\0',NULL),(18,1,0,4,2,5,NULL,NULL,'\0',NULL),(20,2,0,7,2,6,NULL,NULL,'\0',NULL),(21,2,0,6,2,7,NULL,NULL,'\0',NULL),(22,2,0,8,1,NULL,NULL,NULL,'\0',NULL),(23,2,0,10,2,9,NULL,NULL,'\0',NULL),(24,2,0,9,2,10,NULL,NULL,'\0',NULL),(29,3,0,11,1,NULL,NULL,NULL,'\0',NULL),(31,3,0,12,1,NULL,NULL,NULL,'\0',NULL),(34,3,0,13,1,NULL,NULL,NULL,'\0',NULL),(54,3,0,14,1,NULL,NULL,NULL,'\0',NULL),(55,3,0,15,1,NULL,NULL,NULL,'\0',NULL),(56,4,0,16,1,NULL,NULL,NULL,'\0',NULL),(57,4,0,17,1,NULL,NULL,NULL,'\0',NULL),(58,4,0,18,1,NULL,NULL,NULL,'\0',NULL),(59,4,0,19,1,NULL,NULL,NULL,'\0',NULL),(60,4,0,20,1,NULL,NULL,NULL,'\0',NULL),(62,5,0,21,1,NULL,NULL,NULL,'\0',NULL),(63,5,0,22,1,NULL,NULL,NULL,'\0',NULL),(64,5,0,23,1,NULL,NULL,NULL,'\0',NULL),(65,5,0,24,1,NULL,NULL,NULL,'\0',NULL),(66,5,0,25,1,NULL,NULL,NULL,'\0',NULL),(67,6,0,26,1,NULL,NULL,NULL,'\0',NULL),(68,6,0,27,1,NULL,NULL,NULL,'\0',NULL),(69,6,0,28,1,NULL,NULL,NULL,'\0',NULL),(70,6,0,29,1,NULL,NULL,NULL,'\0',NULL),(71,6,0,30,1,NULL,NULL,NULL,'\0',NULL),(72,7,0,32,2,31,NULL,NULL,'\0',NULL),(73,7,0,31,2,32,NULL,NULL,'\0',NULL),(74,7,0,33,1,NULL,NULL,NULL,'\0',NULL),(75,7,0,35,2,34,NULL,NULL,'\0',NULL),(76,7,0,34,2,35,NULL,NULL,'\0',NULL),(77,7,0,36,1,NULL,NULL,NULL,'\0',NULL),(78,7,0,37,1,NULL,NULL,NULL,'\0',NULL),(79,7,0,38,1,NULL,NULL,NULL,'\0',NULL),(81,8,0,39,1,NULL,NULL,NULL,'\0',NULL),(82,8,0,40,1,NULL,NULL,NULL,'\0',NULL),(83,8,0,41,1,NULL,NULL,NULL,'\0',NULL),(84,8,0,42,1,NULL,NULL,NULL,'\0',NULL),(85,8,0,43,1,NULL,NULL,NULL,'\0',NULL),(86,8,0,44,1,NULL,NULL,NULL,'\0',NULL),(87,9,0,45,1,NULL,NULL,NULL,'\0',NULL),(88,9,0,46,1,NULL,NULL,NULL,'\0',NULL),(89,9,0,47,1,NULL,NULL,NULL,'\0',NULL),(90,9,0,48,1,NULL,NULL,NULL,'\0',NULL),(91,9,0,49,1,NULL,NULL,NULL,'\0',NULL),(92,10,0,50,1,NULL,NULL,NULL,'\0',NULL),(93,10,0,51,1,NULL,NULL,NULL,'\0',NULL),(94,10,0,52,1,NULL,NULL,NULL,'\0',NULL),(95,10,0,53,1,NULL,NULL,NULL,'\0',NULL),(96,10,0,54,1,NULL,NULL,NULL,'\0',NULL),(97,11,0,55,1,NULL,NULL,NULL,'\0',NULL),(98,11,0,56,1,NULL,NULL,NULL,'\0',NULL),(99,11,0,57,1,NULL,NULL,NULL,'\0',NULL),(100,11,0,58,1,NULL,NULL,NULL,'\0',NULL),(101,11,0,59,1,NULL,NULL,NULL,'\0',NULL),(102,12,0,60,1,NULL,NULL,NULL,'\0',NULL),(103,12,0,61,1,NULL,NULL,NULL,'\0',NULL),(104,12,0,62,1,NULL,NULL,NULL,'\0',NULL),(105,12,0,63,1,NULL,NULL,NULL,'\0',NULL),(106,12,0,64,1,NULL,NULL,NULL,'\0',NULL),(107,13,0,66,2,65,NULL,NULL,'\0',NULL),(108,13,0,65,2,66,NULL,NULL,'\0',NULL),(109,13,0,67,1,NULL,NULL,NULL,'\0',NULL),(110,13,0,69,2,68,NULL,NULL,'\0',NULL),(111,13,0,68,2,69,NULL,NULL,'\0',NULL),(112,14,0,71,2,70,NULL,NULL,'\0',NULL),(113,14,0,70,2,71,NULL,NULL,'\0',NULL),(114,14,0,72,1,NULL,NULL,NULL,'\0',NULL),(115,14,0,74,2,73,NULL,NULL,'\0',NULL),(116,14,0,73,2,74,NULL,NULL,'\0',NULL),(118,15,0,76,2,75,NULL,NULL,'\0',NULL),(119,15,0,75,2,76,NULL,NULL,'\0',NULL),(120,15,0,78,2,77,NULL,NULL,'\0',NULL),(121,15,0,77,2,78,NULL,NULL,'\0',NULL),(122,16,0,80,2,79,NULL,NULL,'\0',NULL),(123,16,0,79,2,80,NULL,NULL,'\0',NULL),(124,16,0,82,2,81,NULL,NULL,'\0',NULL),(125,16,0,81,2,82,NULL,NULL,'\0',NULL),(126,17,0,84,1,NULL,NULL,NULL,'\0',NULL),(127,17,0,83,1,NULL,NULL,NULL,'\0',NULL),(135,18,0,88,1,NULL,NULL,NULL,'\0',NULL),(136,18,0,89,1,NULL,NULL,NULL,'\0',NULL),(144,19,0,93,1,NULL,NULL,NULL,'\0',NULL),(145,19,0,94,1,NULL,NULL,NULL,'\0',NULL),(149,20,0,98,1,NULL,NULL,NULL,'\0',NULL),(150,20,0,99,1,NULL,NULL,NULL,'\0',NULL),(154,21,0,103,1,NULL,NULL,NULL,'\0',NULL),(155,21,0,104,1,NULL,NULL,NULL,'\0',NULL),(159,22,0,108,1,NULL,NULL,NULL,'\0',NULL),(160,22,0,109,1,NULL,NULL,NULL,'\0',NULL),(161,17,0,85,1,NULL,NULL,NULL,'\0',NULL),(162,17,0,86,1,NULL,NULL,NULL,'\0',NULL),(163,17,0,87,1,NULL,NULL,NULL,'\0',NULL),(164,18,0,90,1,NULL,NULL,NULL,'\0',NULL),(165,18,0,91,1,NULL,NULL,NULL,'\0',NULL),(166,18,0,92,1,NULL,NULL,NULL,'\0',NULL),(167,19,0,95,1,NULL,NULL,NULL,'\0',NULL),(168,19,0,96,1,NULL,NULL,NULL,'\0',NULL),(169,19,0,97,1,NULL,NULL,NULL,'\0',NULL),(170,20,0,100,1,NULL,NULL,NULL,'\0',NULL),(171,20,0,101,1,NULL,NULL,NULL,'\0',NULL),(172,20,0,102,1,NULL,NULL,NULL,'\0',NULL),(173,21,0,105,1,NULL,NULL,NULL,'\0',NULL),(174,21,0,106,1,NULL,NULL,NULL,'\0',NULL),(175,21,0,107,1,NULL,NULL,NULL,'\0',NULL),(176,22,0,110,1,NULL,NULL,NULL,'\0',NULL),(177,22,0,111,1,NULL,NULL,NULL,'\0',NULL),(178,22,0,112,1,NULL,NULL,NULL,'\0',NULL),(179,23,0,114,2,113,NULL,NULL,'\0',NULL),(180,23,0,113,2,114,NULL,NULL,'\0',NULL),(181,23,0,116,2,115,NULL,NULL,'\0',NULL),(182,23,0,115,2,116,NULL,NULL,'\0',NULL),(183,24,0,118,2,117,NULL,NULL,'\0',NULL),(184,24,0,117,2,118,NULL,NULL,'\0',NULL),(185,25,0,120,2,119,NULL,NULL,'\0',NULL),(186,25,0,119,2,120,NULL,NULL,'\0',NULL),(187,26,0,122,2,121,NULL,NULL,'\0',NULL),(188,26,0,121,2,122,NULL,NULL,'\0',NULL),(189,27,0,124,2,123,NULL,NULL,'\0',NULL),(190,27,0,123,2,124,NULL,NULL,'\0',NULL),(191,28,0,126,2,125,NULL,NULL,'\0',NULL),(192,28,0,125,2,126,NULL,NULL,'\0',NULL),(193,29,0,128,2,127,NULL,NULL,'\0',NULL),(194,29,0,127,2,128,NULL,NULL,'\0',NULL),(195,30,0,130,2,129,NULL,NULL,'\0',NULL),(196,30,0,129,2,130,NULL,NULL,'\0',NULL),(197,30,0,132,2,131,NULL,NULL,'\0',NULL),(198,30,0,131,2,132,NULL,NULL,'\0',NULL),(199,31,0,133,1,NULL,NULL,NULL,'\0',NULL),(200,31,0,134,1,NULL,NULL,NULL,'\0',NULL),(201,31,0,135,1,NULL,NULL,NULL,'\0',NULL),(202,31,0,136,1,NULL,NULL,NULL,'\0',NULL),(203,31,0,137,1,NULL,NULL,NULL,'\0',NULL),(204,32,0,138,1,NULL,NULL,NULL,'\0',NULL),(205,32,0,139,1,NULL,NULL,NULL,'\0',NULL),(206,32,0,140,1,NULL,NULL,NULL,'\0',NULL),(207,32,0,141,1,NULL,NULL,NULL,'\0',NULL),(208,32,0,142,1,NULL,NULL,NULL,'\0',NULL),(209,33,0,143,1,NULL,NULL,NULL,'\0',NULL),(210,33,0,144,1,NULL,NULL,NULL,'\0',NULL),(211,33,0,145,1,NULL,NULL,NULL,'\0',NULL),(212,33,0,146,1,NULL,NULL,NULL,'\0',NULL),(213,33,0,147,1,NULL,NULL,NULL,'\0',NULL),(214,34,0,148,1,NULL,NULL,NULL,'\0',NULL),(215,34,0,149,1,NULL,NULL,NULL,'\0',NULL),(216,34,0,150,1,NULL,NULL,NULL,'\0',NULL),(217,34,0,151,1,NULL,NULL,NULL,'\0',NULL),(218,34,0,152,1,NULL,NULL,NULL,'\0',NULL),(219,35,0,153,1,NULL,NULL,NULL,'\0',NULL),(220,35,0,154,1,NULL,NULL,NULL,'\0',NULL),(221,35,0,155,1,NULL,NULL,NULL,'\0',NULL),(222,35,0,156,1,NULL,NULL,NULL,'\0',NULL),(223,35,0,157,1,NULL,NULL,NULL,'\0',NULL),(224,36,0,158,1,NULL,NULL,NULL,'\0',NULL),(225,36,0,159,1,NULL,NULL,NULL,'\0',NULL),(226,36,0,160,1,NULL,NULL,NULL,'\0',NULL),(227,36,0,161,1,NULL,NULL,NULL,'\0',NULL),(228,36,0,162,1,NULL,NULL,NULL,'\0',NULL),(229,37,0,164,2,163,NULL,NULL,'\0',NULL),(230,37,0,163,2,164,NULL,NULL,'\0',NULL),(231,37,0,166,2,165,NULL,NULL,'\0',NULL),(232,37,0,165,2,166,NULL,NULL,'\0',NULL),(233,38,0,168,2,167,NULL,NULL,'\0',NULL),(234,38,0,167,2,168,NULL,NULL,'\0',NULL),(235,38,0,170,2,169,NULL,NULL,'\0',NULL),(236,38,0,169,2,170,NULL,NULL,'\0',NULL),(237,39,0,172,2,171,NULL,NULL,'\0',NULL),(238,39,0,171,2,172,NULL,NULL,'\0',NULL),(239,39,0,173,1,NULL,NULL,NULL,'\0',NULL),(240,40,0,175,2,174,NULL,NULL,'\0',NULL),(241,40,0,174,2,175,NULL,NULL,'\0',NULL),(242,40,0,176,1,NULL,NULL,NULL,'\0',NULL),(243,41,0,177,2,178,NULL,NULL,'\0',NULL),(244,41,0,178,2,177,NULL,NULL,'\0',NULL),(245,41,0,179,2,180,NULL,NULL,'\0',NULL),(246,41,0,180,2,179,NULL,NULL,'\0',NULL),(247,41,0,181,1,NULL,NULL,NULL,'\0',NULL),(249,42,0,183,2,184,NULL,NULL,'\0',NULL),(250,42,0,184,2,183,NULL,NULL,'\0',NULL),(251,42,0,185,2,186,NULL,NULL,'\0',NULL),(253,42,0,186,2,185,NULL,NULL,'\0',NULL),(256,43,0,189,2,190,NULL,NULL,'\0',NULL),(257,43,0,190,2,189,NULL,NULL,'\0',NULL),(262,44,0,195,2,196,NULL,NULL,'\0',NULL),(263,44,0,196,2,195,NULL,NULL,'\0',NULL),(322,41,0,182,1,NULL,NULL,NULL,'\0',NULL),(323,42,0,187,1,NULL,NULL,NULL,'\0',NULL),(324,42,0,188,1,NULL,NULL,NULL,'\0',NULL),(325,43,0,191,2,192,NULL,NULL,'\0',NULL),(326,43,0,192,2,191,NULL,NULL,'\0',NULL),(327,43,0,193,1,NULL,NULL,NULL,'\0',NULL),(332,43,0,194,1,NULL,NULL,NULL,'\0',NULL),(333,44,0,198,2,197,NULL,NULL,'\0',NULL),(334,44,0,197,2,198,NULL,NULL,'\0',NULL),(335,44,0,199,1,NULL,NULL,NULL,'\0',NULL),(336,44,0,200,1,NULL,NULL,NULL,'\0',NULL),(337,45,0,201,2,202,NULL,NULL,'\0',NULL),(338,45,0,202,2,201,NULL,NULL,'\0',NULL),(341,45,0,204,2,203,NULL,NULL,'\0',NULL),(342,45,0,203,2,204,NULL,NULL,'\0',NULL),(343,45,0,205,1,NULL,NULL,NULL,'\0',NULL),(344,45,0,206,1,NULL,NULL,NULL,'\0',NULL),(347,46,0,208,2,207,NULL,NULL,'\0',NULL),(348,46,0,207,2,208,NULL,NULL,'\0',NULL),(349,46,0,210,2,209,NULL,NULL,'\0',NULL),(350,46,0,209,2,210,NULL,NULL,'\0',NULL),(351,46,0,211,1,NULL,NULL,NULL,'\0',NULL),(352,46,0,212,1,NULL,NULL,NULL,'\0',NULL),(353,47,0,214,2,213,NULL,NULL,'\0',NULL),(354,47,0,213,2,214,NULL,NULL,'\0',NULL),(355,47,0,215,1,NULL,NULL,NULL,'\0',NULL),(358,48,0,217,2,216,NULL,NULL,'\0',NULL),(359,48,0,216,2,217,NULL,NULL,'\0',NULL),(360,49,0,219,2,218,NULL,NULL,'\0',NULL),(361,49,0,218,2,219,NULL,NULL,'\0',NULL),(364,50,0,221,2,220,NULL,NULL,'\0',NULL),(365,50,0,220,2,221,NULL,NULL,'\0',NULL),(366,1,0,2,2,1,NULL,NULL,'\0',NULL),(367,1,0,1,2,2,NULL,NULL,'\0',NULL),(368,51,0,223,2,222,NULL,NULL,'\0',NULL),(369,51,0,222,2,223,NULL,NULL,'\0',NULL),(371,52,0,224,2,225,NULL,NULL,'\0',NULL),(372,52,0,225,2,224,NULL,NULL,'\0',NULL),(373,53,0,227,2,226,NULL,NULL,'\0',NULL),(374,53,0,226,2,227,NULL,NULL,'\0',NULL),(375,54,0,229,2,228,NULL,NULL,'\0',NULL),(376,54,0,228,2,229,NULL,NULL,'\0',NULL),(377,54,0,230,1,NULL,NULL,NULL,'\0',NULL),(378,55,0,232,1,NULL,NULL,NULL,'\0',NULL),(379,55,0,231,1,NULL,NULL,NULL,'\0',NULL),(380,55,0,233,1,NULL,NULL,NULL,'\0',NULL),(383,56,0,236,2,235,NULL,NULL,'\0',NULL),(391,55,0,234,1,NULL,NULL,NULL,'\0',NULL),(392,55,0,235,2,236,NULL,NULL,'\0',NULL),(393,56,0,238,1,NULL,NULL,NULL,'\0',NULL),(394,56,0,237,1,NULL,NULL,NULL,'\0',NULL),(395,56,0,239,1,NULL,NULL,NULL,'\0',NULL),(397,56,0,240,1,NULL,NULL,NULL,'\0',NULL),(398,57,0,241,2,242,NULL,NULL,'\0',NULL),(399,57,0,242,2,241,NULL,NULL,'\0',NULL),(400,57,0,244,2,243,NULL,NULL,'\0',NULL),(401,57,0,243,2,244,NULL,NULL,'\0',NULL),(402,58,0,246,2,245,NULL,NULL,'\0',NULL),(403,58,0,245,2,246,NULL,NULL,'\0',NULL),(404,58,0,248,2,247,NULL,NULL,'\0',NULL),(405,58,0,247,2,248,NULL,NULL,'\0',NULL),(406,59,0,250,2,249,NULL,NULL,'\0',NULL),(407,59,0,249,2,250,NULL,NULL,'\0',NULL),(408,59,0,252,2,251,NULL,NULL,'\0',NULL),(409,59,0,251,2,252,NULL,NULL,'\0',NULL),(410,60,0,254,2,253,NULL,NULL,'\0',NULL),(411,60,0,253,2,254,NULL,NULL,'\0',NULL),(412,60,0,256,2,255,NULL,NULL,'\0',NULL),(413,60,0,255,2,256,NULL,NULL,'\0',NULL),(414,61,0,258,2,257,NULL,NULL,'\0',NULL),(415,61,0,257,2,258,NULL,NULL,'\0',NULL),(416,61,0,259,1,NULL,NULL,NULL,'\0',NULL),(417,62,0,261,2,260,NULL,NULL,'\0',NULL),(418,62,0,260,2,261,NULL,NULL,'\0',NULL),(419,62,0,262,1,NULL,NULL,NULL,'\0',NULL),(420,63,0,264,2,263,NULL,NULL,'\0',NULL),(421,63,0,263,2,264,NULL,NULL,'\0',NULL),(422,64,0,266,2,265,NULL,NULL,'\0',NULL),(423,64,0,265,2,266,NULL,NULL,'\0',NULL),(424,65,0,268,2,267,NULL,NULL,'\0',NULL),(425,65,0,267,2,268,NULL,NULL,'\0',NULL),(426,66,0,270,2,269,NULL,NULL,'\0',NULL),(427,66,0,269,2,270,NULL,NULL,'\0',NULL);
/*!40000 ALTER TABLE `room_bed` ENABLE KEYS */;
UNLOCK TABLES;

--
-- Table structure for table `room_type`
--

DROP TABLE IF EXISTS `room_type`;
/*!40101 SET @saved_cs_client     = @@character_set_client */;
/*!40101 SET character_set_client = utf8 */;
CREATE TABLE `room_type` (
  `id` int(11) NOT NULL AUTO_INCREMENT,
  `type` varchar(45) COLLATE utf8_unicode_ci DEFAULT NULL,
  PRIMARY KEY (`id`)
) ENGINE=InnoDB AUTO_INCREMENT=3 DEFAULT CHARSET=utf8 COLLATE=utf8_unicode_ci;
/*!40101 SET character_set_client = @saved_cs_client */;

--
-- Dumping data for table `room_type`
--

LOCK TABLES `room_type` WRITE;
/*!40000 ALTER TABLE `room_type` DISABLE KEYS */;
INSERT INTO `room_type` VALUES (1,'Single'),(2,'Dorm');
/*!40000 ALTER TABLE `room_type` ENABLE KEYS */;
UNLOCK TABLES;

--
-- Table structure for table `shift_end`
--

DROP TABLE IF EXISTS `shift_end`;
/*!40101 SET @saved_cs_client     = @@character_set_client */;
/*!40101 SET character_set_client = utf8 */;
CREATE TABLE `shift_end` (
  `id` int(11) NOT NULL AUTO_INCREMENT,
  `shift_date` datetime NOT NULL,
  `shift_employee_name` varchar(45) COLLATE utf8_unicode_ci DEFAULT NULL,
  `shift_employee_id` int(11) DEFAULT NULL,
  `shift_total_cash` decimal(10,0) DEFAULT NULL,
  `shift_total_credit` decimal(10,0) DEFAULT NULL,
  `shift_total_canceled` decimal(10,0) DEFAULT NULL,
  `shift_total` decimal(10,0) DEFAULT NULL,
  PRIMARY KEY (`id`),
  KEY `shift_date` (`shift_date`)
) ENGINE=InnoDB AUTO_INCREMENT=43 DEFAULT CHARSET=utf8 COLLATE=utf8_unicode_ci;
/*!40101 SET character_set_client = @saved_cs_client */;

--
-- Dumping data for table `shift_end`
--

LOCK TABLES `shift_end` WRITE;
/*!40000 ALTER TABLE `shift_end` DISABLE KEYS */;
INSERT INTO `shift_end` VALUES (1,'2017-10-06 10:19:19','evyatar',4,270,0,120,270),(2,'2017-10-08 17:57:10','evyatar',4,0,0,0,0),(3,'2017-10-09 09:19:14','evyatar',4,1630,0,150,1630),(4,'2017-10-09 18:25:30','evyatar',4,775,0,0,775),(5,'2017-10-10 07:43:03','evyatar',4,245,0,50,245),(6,'2017-10-10 18:15:03','evyatar',4,1705,0,0,1705),(7,'2017-10-11 07:21:29','marco',6,2160,100,0,2260),(8,'2017-10-11 18:13:30','evyatar',4,375,0,0,375),(9,'2017-10-12 18:54:42','evyatar',4,2080,0,1000,2080),(10,'2017-10-13 18:37:20','evyatar',4,4175,0,0,4175),(11,'2017-10-14 06:15:10','marco',6,1260,0,0,1160),(12,'2017-10-15 07:26:14','marco',6,2497,0,0,2227),(13,'2017-10-15 19:13:32','evyatar',4,20,0,0,20),(14,'2017-10-16 07:34:05','evyatar',4,2080,0,0,2080),(15,'2017-10-16 18:47:35','evyatar',4,1480,0,0,1480),(16,'2017-10-17 06:08:22','marco',6,110,0,0,110),(17,'2017-10-17 18:37:15','evyatar',4,765,0,0,765),(18,'2017-10-18 06:24:03','marco',6,690,0,0,690),(19,'2017-10-18 18:23:16','evyatar',4,245,0,0,225),(20,'2017-10-19 06:20:21','kobi',15,2220,0,130,2220),(21,'2017-10-19 18:24:47','evyatar',4,1240,0,0,1240),(22,'2017-10-20 08:09:27','CAMI',16,875,20,270,895),(23,'2017-10-20 18:22:14','evyatar',4,770,240,610,920),(24,'2017-10-21 06:27:55','CAMI',16,2830,0,0,2830),(25,'2017-10-21 17:47:23','evyatar',4,1225,0,0,1145),(26,'2017-10-22 06:37:38','CAMI',16,5565,0,0,5565),(27,'2017-10-22 17:58:02','evyatar',4,440,0,0,440),(28,'2017-10-23 06:28:29','CAMI',16,870,170,0,1040),(29,'2017-10-23 16:58:13','evyatar',4,580,0,0,525),(30,'2017-10-24 06:38:20','CAMI',16,640,0,280,640),(31,'2017-10-25 06:31:47','CAMI',16,835,0,0,835),(32,'2017-10-25 19:10:04','evyatar',4,715,0,200,715),(33,'2017-10-26 06:32:57','CAMI',16,710,0,0,710),(34,'2017-10-26 18:25:02','evyatar',4,200,0,0,200),(35,'2017-10-27 07:31:38','evyatar',4,1430,0,0,1430),(36,'2017-10-27 18:43:36','evyatar',4,160,0,0,160),(37,'2017-10-28 06:42:40','CAMI',16,3505,0,105,3505),(38,'2017-10-28 18:25:42','marco',6,2400,0,0,2400),(39,'2017-10-29 05:13:25','CAMI',16,1480,0,0,1480),(40,'2017-10-29 16:56:08','evyatar',4,2250,0,0,2250),(41,'2017-10-30 06:43:53','evyatar',4,1310,0,150,1310),(42,'2017-10-30 17:44:25','evyatar',4,555,0,0,555);
/*!40000 ALTER TABLE `shift_end` ENABLE KEYS */;
UNLOCK TABLES;

--
-- Table structure for table `staff`
--

DROP TABLE IF EXISTS `staff`;
/*!40101 SET @saved_cs_client     = @@character_set_client */;
/*!40101 SET character_set_client = utf8 */;
CREATE TABLE `staff` (
  `id` int(11) NOT NULL AUTO_INCREMENT,
  `name` varchar(45) COLLATE utf8_unicode_ci DEFAULT NULL,
  `email` varchar(45) COLLATE utf8_unicode_ci DEFAULT NULL,
  `password` varchar(245) COLLATE utf8_unicode_ci DEFAULT NULL,
  `start_date` datetime DEFAULT NULL,
  `type` int(11) DEFAULT NULL,
  `is_working` bit(1) DEFAULT NULL,
  `phone` varchar(45) COLLATE utf8_unicode_ci DEFAULT NULL,
  PRIMARY KEY (`id`),
  UNIQUE KEY `staaff` (`email`,`type`),
  KEY `staff_type_idx` (`type`),
  CONSTRAINT `staff_type` FOREIGN KEY (`type`) REFERENCES `user_type` (`id`) ON DELETE NO ACTION ON UPDATE NO ACTION
) ENGINE=InnoDB AUTO_INCREMENT=18 DEFAULT CHARSET=utf8 COLLATE=utf8_unicode_ci;
/*!40101 SET character_set_client = @saved_cs_client */;

--
-- Dumping data for table `staff`
--

LOCK TABLES `staff` WRITE;
/*!40000 ALTER TABLE `staff` DISABLE KEYS */;
INSERT INTO `staff` VALUES (1,'Counter','counter@system',NULL,'0001-01-01 00:00:00',3,'\0','1'),(2,'benjamin','benjamin',NULL,'0001-01-01 00:00:00',1,'\0','1234'),(3,'guy','guy',NULL,'0001-01-01 00:00:00',3,'\0','123'),(4,'evyatar','evy2323','AKJ+cwGwqyB4JsfWJSuVkLC1pIuaIx8g9B7Tih6g43pmZxIsOPAEeN/bzHQA2EyurQ==','2017-10-02 18:00:58',3,'','9841587791'),(5,'juli','juli123',NULL,'0001-01-01 00:00:00',3,'\0','0'),(6,'marco','marco123','AMy/x5fJke+Ifl3caL8baLC0UXfJZ+wma3p7Y3c2Qpz8EaoQen0OfeyeQQZ91DRjGA==','2017-10-02 18:02:52',3,'','0'),(7,'buba','buba123','AKS1Ls+ZBeeZm09cJwuafPfxpoLlcht8A5P/HIMn/SzUp/il86i8iz3xGhicZ/Ep1Q==','2017-10-02 18:03:11',3,'','0'),(8,'hen','hen123','AM/QolVktq5z+imORbZYhMT0eizXSdxJu7P+2XZmYtdnM4P/kHr+c6Qn0fcm4Otr/w==','2017-10-02 18:03:30',3,'','0'),(9,'ruhama','ruhama123','AKUW6zucRL8pS++uOBP1vIasbgJkJxh3TkDcKJ+Hd9FTj8nBUC1kdyB8uOw4U4scVA==','2017-10-02 18:06:54',3,'','0'),(10,'beni','beni123','AE3TXKR0P0qRzzLDsLDs5skhvO9RjyiMuaeGmTLfI4jjRBnfr/v7QswyOxXo1re9VQ==','2017-10-02 18:07:23',3,'','0'),(11,'kati','kati123','AIf1SmjvHDzoJRXpHPYsmD3Y7HplRgC6J/MMkpoM5Ii0LjiadvfzNrqBQbQnuiSUlg==','2017-10-02 18:08:29',3,'','0'),(12,'ado','ado123','AA6tEDpH5Zqt3KFE8okKWYDFXm954kjjEW7W5oNhisZD1R0yVvciqdFdd6oL3sqcyA==','2017-10-02 18:08:45',3,'','0'),(13,'reception','reception','AEx80MY/DFpIaUi9XBktISEILL54V8Wb6wmq5xxO9B/0ZVWz2vVN/f3OtFTG9dzTDg==','2017-10-04 17:00:38',3,'','111'),(14,'akiko','akiko','ANLkLvWt2IjvgzEbp4yspwu1Rp/f6oRPpfeEKawjWaRRZ51T2YlCgQceQfzQhZPs2g==','2017-10-10 11:38:56',3,'','0'),(15,'kobi','kobi','AP7oNxXiYuJvSep4fMnvdFbm5BFoUpfHJKr4fYVGZT/VPdGkYHjsyhkZHlLr4WmsDA==','2017-10-10 11:39:24',3,'','0'),(16,'CAMI','CAMI123','AJdab4eAELsahSfLYTk0ScdsiwbEoyPOylQWWM+BFjQdHh+LLjK9GrdXXuEb8HdlBQ==','2017-10-19 10:41:13',3,'','0'),(17,'ofir','ofirmena@gmail.com','AHOCbOrBYZyYe+m9W7QkTAsQNt8wQ5YUmtESdz1VrM8+579PkH7TiRIyau06lx0nhA==','2017-10-30 17:29:39',3,'','0');
/*!40000 ALTER TABLE `staff` ENABLE KEYS */;
UNLOCK TABLES;

--
-- Table structure for table `staff_event`
--

DROP TABLE IF EXISTS `staff_event`;
/*!40101 SET @saved_cs_client     = @@character_set_client */;
/*!40101 SET character_set_client = utf8 */;
CREATE TABLE `staff_event` (
  `id` int(11) NOT NULL AUTO_INCREMENT,
  `event_date` datetime DEFAULT NULL,
  `staff_id` int(11) DEFAULT NULL,
  `staff_name` varchar(45) COLLATE utf8_unicode_ci DEFAULT NULL,
  `guest_id` int(11) DEFAULT NULL,
  `event_type_id` int(11) DEFAULT NULL,
  `event_value` varchar(45) COLLATE utf8_unicode_ci DEFAULT NULL,
  PRIMARY KEY (`id`),
  KEY `user_cativity_indx` (`staff_id`)
) ENGINE=InnoDB AUTO_INCREMENT=99 DEFAULT CHARSET=utf8 COLLATE=utf8_unicode_ci;
/*!40101 SET character_set_client = @saved_cs_client */;

--
-- Dumping data for table `staff_event`
--

LOCK TABLES `staff_event` WRITE;
/*!40000 ALTER TABLE `staff_event` DISABLE KEYS */;
INSERT INTO `staff_event` VALUES (1,'2017-10-04 17:47:35',4,'evyatar',21,1,'93 > 108'),(2,'2017-10-04 17:47:52',4,'evyatar',22,1,'94 > 109'),(3,'2017-10-05 13:55:18',4,'evyatar',NULL,2,'30'),(4,'2017-10-06 10:26:26',4,'evyatar',1,3,'43'),(5,'2017-10-06 11:18:47',4,'evyatar',1,3,'44'),(6,'2017-10-06 14:45:12',4,'evyatar',1,3,'45'),(7,'2017-10-06 14:45:17',4,'evyatar',1,3,'45'),(8,'2017-10-06 14:45:20',4,'evyatar',1,3,'45'),(9,'2017-10-08 16:59:46',4,'evyatar',18,1,'83 > 82'),(10,'2017-10-08 17:00:08',4,'evyatar',19,1,'88 > 83'),(11,'2017-10-08 17:00:17',4,'evyatar',20,1,'89 > 84'),(12,'2017-10-08 17:00:32',4,'evyatar',9,1,'99 > 95'),(13,'2017-10-08 17:00:49',4,'evyatar',23,1,'120 > 115'),(14,'2017-10-08 17:03:49',4,'evyatar',56,1,'122 > 117'),(15,'2017-10-08 17:07:44',4,'evyatar',54,1,'70 > 68'),(16,'2017-10-08 17:07:57',4,'evyatar',15,1,'55 > 54'),(17,'2017-10-08 17:09:12',4,'evyatar',21,1,'108 > 103'),(18,'2017-10-08 17:09:22',4,'evyatar',22,1,'109 > 104'),(19,'2017-10-08 17:10:34',4,'evyatar',58,1,'125 > 121'),(20,'2017-10-08 17:10:48',4,'evyatar',59,1,'126 > 122'),(21,'2017-10-08 17:11:28',4,'evyatar',25,1,'127 > 123'),(22,'2017-10-08 17:13:51',4,'evyatar',26,1,'131 > 127'),(23,'2017-10-08 17:14:38',4,'evyatar',60,1,'130 > 125'),(24,'2017-10-08 17:15:37',4,'evyatar',61,1,'133 > 129'),(25,'2017-10-08 17:15:51',4,'evyatar',62,1,'134 > 130'),(26,'2017-10-08 17:17:11',4,'evyatar',27,1,'173 > 167'),(27,'2017-10-08 17:17:59',4,'evyatar',28,1,'174 > 168'),(28,'2017-10-08 17:26:11',4,'evyatar',64,1,'218 > 213'),(29,'2017-10-08 17:26:24',4,'evyatar',65,1,'219 > 214'),(30,'2017-10-08 17:27:11',4,'evyatar',32,1,'233 > 228'),(31,'2017-10-08 17:27:27',4,'evyatar',33,1,'234 > 229'),(32,'2017-10-09 00:25:25',7,'buba',NULL,2,'159'),(33,'2017-10-09 07:37:37',4,'evyatar',15,1,'54 > 170'),(34,'2017-10-09 11:35:20',4,'evyatar',18,1,'82 > 80'),(35,'2017-10-10 00:01:57',7,'buba',NULL,2,'253'),(36,'2017-10-10 00:58:57',7,'buba',52,3,'182'),(37,'2017-10-10 00:59:03',7,'buba',52,3,'182'),(38,'2017-10-10 00:59:06',7,'buba',52,3,'182'),(39,'2017-10-10 00:59:09',7,'buba',52,3,'182'),(40,'2017-10-10 00:59:13',7,'buba',52,3,'182'),(41,'2017-10-10 01:00:06',7,'buba',52,3,'164'),(42,'2017-10-10 01:00:12',7,'buba',52,3,'164'),(43,'2017-10-10 09:09:14',4,'evyatar',72,3,'128'),(44,'2017-10-10 09:10:03',4,'evyatar',71,3,'127'),(45,'2017-10-11 17:14:12',7,'buba',88,1,'167 > 163'),(46,'2017-10-11 17:14:27',7,'buba',89,1,'168 > 164'),(47,'2017-10-11 17:47:10',4,'evyatar',56,1,'117 > 65'),(48,'2017-10-11 18:10:54',7,'buba',64,1,'213 > 129'),(49,'2017-10-11 18:11:10',7,'buba',65,1,'214 > 130'),(50,'2017-10-12 02:35:15',4,'evyatar',56,3,'71'),(51,'2017-10-12 02:35:20',4,'evyatar',56,3,'71'),(52,'2017-10-12 02:35:26',4,'evyatar',56,3,'71'),(53,'2017-10-12 02:35:35',4,'evyatar',56,3,'71'),(54,'2017-10-12 17:18:47',4,'evyatar',77,1,'260 > 253'),(55,'2017-10-12 17:19:03',4,'evyatar',78,1,'262 > 254'),(56,'2017-10-12 18:53:34',4,'evyatar',NULL,2,'443'),(57,'2017-10-14 00:40:07',7,'buba',96,3,'600'),(58,'2017-10-14 00:40:19',7,'buba',96,3,'597'),(59,'2017-10-14 00:40:41',7,'buba',97,3,'601'),(60,'2017-10-14 00:40:52',7,'buba',97,3,'598'),(61,'2017-10-14 00:41:21',7,'buba',105,3,'605'),(62,'2017-10-14 00:43:49',7,'buba',NULL,2,'11'),(63,'2017-10-14 18:09:08',15,'kobi',NULL,2,'664'),(64,'2017-10-15 15:10:08',4,'evyatar',NULL,2,'779'),(65,'2017-10-15 22:08:15',15,'kobi',NULL,2,'799'),(66,'2017-10-18 11:23:17',10,'beni',NULL,2,'1019'),(67,'2017-10-18 23:09:27',15,'kobi',NULL,2,'1089'),(68,'2017-10-19 01:42:51',15,'kobi',NULL,2,'1118'),(69,'2017-10-19 21:58:04',16,'CAMI',NULL,2,'1224'),(70,'2017-10-19 22:49:02',16,'CAMI',NULL,2,'1233'),(71,'2017-10-20 12:24:39',4,'evyatar',NULL,2,'1324'),(72,'2017-10-20 15:32:11',4,'evyatar',NULL,2,'1336'),(73,'2017-10-20 20:01:12',16,'CAMI',162,3,'1329'),(74,'2017-10-21 03:43:35',16,'CAMI',1,3,'1417'),(75,'2017-10-21 08:02:18',6,'marco',168,3,'1447'),(76,'2017-10-21 08:02:27',6,'marco',168,3,'1447'),(77,'2017-10-22 03:32:37',7,'buba',143,3,'1565'),(78,'2017-10-22 03:32:42',7,'buba',143,3,'1565'),(79,'2017-10-22 03:32:49',7,'buba',143,3,'1565'),(80,'2017-10-22 09:18:22',4,'evyatar',169,1,'127 > 227'),(81,'2017-10-22 20:29:53',16,'CAMI',147,1,'16 > 26'),(82,'2017-10-22 20:30:18',16,'CAMI',148,1,'17 > 27'),(83,'2017-10-22 20:30:40',16,'CAMI',149,1,'18 > 28'),(84,'2017-10-22 22:06:20',16,'CAMI',NULL,2,'1647'),(85,'2017-10-22 22:06:30',16,'CAMI',NULL,2,'1646'),(86,'2017-10-22 22:06:38',16,'CAMI',NULL,2,'1645'),(87,'2017-10-23 19:40:54',16,'CAMI',NULL,2,'1730'),(88,'2017-10-24 00:43:46',16,'CAMI',NULL,2,'1744'),(89,'2017-10-24 23:41:43',16,'CAMI',183,1,'23 > 16'),(90,'2017-10-24 23:46:03',16,'CAMI',183,1,'16 > 23'),(91,'2017-10-25 13:50:52',4,'evyatar',NULL,2,'1869'),(92,'2017-10-26 00:06:57',16,'CAMI',184,1,'1 > 6'),(93,'2017-10-27 03:18:54',4,'evyatar',NULL,2,'1987'),(94,'2017-10-27 16:06:19',4,'evyatar',196,1,'231 > 241'),(95,'2017-10-27 16:06:42',4,'evyatar',197,1,'232 > 242'),(96,'2017-10-27 22:16:49',16,'CAMI',NULL,2,'2071'),(97,'2017-10-28 22:40:58',16,'CAMI',NULL,2,'2219'),(98,'2017-10-29 23:16:32',7,'buba',NULL,2,'2335');
/*!40000 ALTER TABLE `staff_event` ENABLE KEYS */;
UNLOCK TABLES;

--
-- Table structure for table `stock`
--

DROP TABLE IF EXISTS `stock`;
/*!40101 SET @saved_cs_client     = @@character_set_client */;
/*!40101 SET character_set_client = utf8 */;
CREATE TABLE `stock` (
  `id` int(11) NOT NULL AUTO_INCREMENT,
  `menu_item_id` int(11) NOT NULL,
  `menu_item_name` varchar(45) COLLATE utf8_unicode_ci NOT NULL,
  `menu_item_number` int(11) DEFAULT NULL,
  `menu_item_category_name` varchar(45) COLLATE utf8_unicode_ci DEFAULT NULL,
  `quantity` int(11) NOT NULL,
  `warning_quantity` int(11) NOT NULL DEFAULT '0',
  PRIMARY KEY (`id`),
  UNIQUE KEY `mi_fk_unq` (`menu_item_id`),
  KEY `mi_fk_indx` (`menu_item_id`),
  CONSTRAINT `mi_fk` FOREIGN KEY (`menu_item_id`) REFERENCES `menu_item` (`id`) ON DELETE NO ACTION ON UPDATE NO ACTION
) ENGINE=InnoDB AUTO_INCREMENT=70 DEFAULT CHARSET=utf8 COLLATE=utf8_unicode_ci;
/*!40101 SET character_set_client = @saved_cs_client */;

--
-- Dumping data for table `stock`
--

LOCK TABLES `stock` WRITE;
/*!40000 ALTER TABLE `stock` DISABLE KEYS */;
INSERT INTO `stock` VALUES (57,82,'botella de absolut',79,'Vodkas',10,3),(58,84,'botella de black label',81,'Vodkas',10,3),(59,83,'botella de grey goose',80,'Vodkas',19,5),(60,85,'redbull',82,'Vodkas',87,20),(61,81,'botella de smirnoff',78,'Vodkas',32,10),(62,71,'corona',68,'Cerveza',39,20),(63,73,'dos xx',70,'Cerveza',90,20),(64,72,'Heineken ',69,'Cerveza',75,20),(65,146,'bisli',140,'Vetrina',69,20),(66,144,'kamagra',138,'Vetrina',50,10),(67,147,'bamba chica',141,'Vetrina',61,20),(68,148,'bamba grnde',142,'Vetrina',47,5),(69,135,'sigaros',129,'Vetrina',228,10);
/*!40000 ALTER TABLE `stock` ENABLE KEYS */;
UNLOCK TABLES;

--
-- Table structure for table `user`
--

DROP TABLE IF EXISTS `user`;
/*!40101 SET @saved_cs_client     = @@character_set_client */;
/*!40101 SET character_set_client = utf8 */;
CREATE TABLE `user` (
  `id` int(11) NOT NULL AUTO_INCREMENT,
  `passport` varchar(20) COLLATE utf8_unicode_ci NOT NULL,
  `cidate` datetime NOT NULL,
  `codate` datetime DEFAULT NULL,
  `is_checked_out` bit(1) DEFAULT NULL,
  `pic` varchar(512) COLLATE utf8_unicode_ci DEFAULT NULL,
  `bed_id` int(11) DEFAULT NULL,
  `sex` bit(1) DEFAULT NULL,
  `email` varchar(145) COLLATE utf8_unicode_ci DEFAULT NULL,
  `name` varchar(145) COLLATE utf8_unicode_ci NOT NULL,
  `nationality` varchar(45) COLLATE utf8_unicode_ci DEFAULT NULL,
  `checked_in_by` varchar(45) COLLATE utf8_unicode_ci DEFAULT NULL,
  `is_hidden` bit(1) DEFAULT NULL,
  `phone` varchar(45) COLLATE utf8_unicode_ci DEFAULT NULL,
  PRIMARY KEY (`id`),
  KEY `email_indx` (`email`),
  KEY `user_bed_fk_idx` (`bed_id`),
  KEY `codate_index` (`codate`),
  KEY `cidate_indx` (`cidate`),
  CONSTRAINT `user_bed_fk` FOREIGN KEY (`bed_id`) REFERENCES `bed` (`id`) ON DELETE NO ACTION ON UPDATE NO ACTION
) ENGINE=InnoDB AUTO_INCREMENT=208 DEFAULT CHARSET=utf8 COLLATE=utf8_unicode_ci;
/*!40101 SET character_set_client = @saved_cs_client */;

--
-- Dumping data for table `user`
--

LOCK TABLES `user` WRITE;
/*!40000 ALTER TABLE `user` DISABLE KEYS */;
INSERT INTO `user` VALUES (1,'1234','2017-09-22 18:50:20',NULL,NULL,NULL,500,NULL,NULL,'system',NULL,NULL,'',NULL),(9,'123456','2017-08-15 19:05:00',NULL,'\0','123456.png',95,'',NULL,'haim','Israel','evyatar',NULL,NULL),(10,'205780745','2017-10-03 14:00:00','2017-10-09 10:53:11','','205780745.png',48,'',NULL,'rotem yohananof','Israel','evyatar',NULL,NULL),(11,'21767782','2017-10-03 14:33:00','2017-10-09 11:12:11','','21767782.png',49,'',NULL,'daniel bitton','Israel','evyatar',NULL,NULL),(12,'22611522','2017-10-03 14:37:00','2017-10-08 13:43:58','','22611522.png',52,'',NULL,'tal hason','Israel','evyatar',NULL,NULL),(13,'21863394','2017-10-04 14:39:00','2017-10-08 13:42:36','','21863394.png',53,'',NULL,'EDEN shirabni','Israel','evyatar',NULL,NULL),(14,'31355954','2017-10-04 15:44:00','2017-10-08 13:41:34','','31355954.png',54,'',NULL,'TZAH saban','Israel','evyatar',NULL,NULL),(15,'20645151','2017-10-04 15:46:00','2017-10-10 00:05:37','','20645151.png',170,'',NULL,'ZVI blank','Israel','evyatar',NULL,NULL),(16,'22667664','2017-07-25 15:54:00','2017-10-08 13:53:48','','22667664.png',77,'',NULL,'guy juli','Israel','evyatar',NULL,NULL),(17,'30562700','2017-10-03 14:57:00','2017-10-08 12:22:01','','30562700.png',82,'',NULL,'moshe yehoshua','Israel','evyatar',NULL,NULL),(18,'356457','2017-07-18 16:02:00',NULL,'\0','356457.png',80,'',NULL,'orel f','Israel','evyatar',NULL,NULL),(19,'373568358','2017-07-18 16:03:00',NULL,'\0','373568358.png',83,'',NULL,'elior buba','Israel','evyatar',NULL,NULL),(20,'0','2017-07-18 16:04:00',NULL,'\0','0.png',84,'',NULL,'VENEZA d','Israel','evyatar',NULL,NULL),(21,'14997275','2017-10-04 16:05:00','2017-10-09 10:51:10','','14997275.png',103,'',NULL,'ASAF DANIELOV','Israel','evyatar',NULL,NULL),(22,'238410139','2017-10-04 16:06:00','2017-10-09 10:51:34','','238410139.png',104,'',NULL,'AMIR DANILOV','Israel','evyatar',NULL,NULL),(23,'647373468','2017-08-15 16:07:00',NULL,'\0','647373468.png',115,'',NULL,'קובי','Israel','evyatar',NULL,NULL),(24,'13260536','2017-10-02 14:10:00','2017-10-05 08:46:22','','13260536.png',126,'',NULL,'matan נ','Israel','evyatar',NULL,NULL),(25,'14937499','2017-09-21 14:16:00','2017-10-21 16:04:06','','14937499.png',123,'',NULL,'daniel manobela','Israel','evyatar',NULL,NULL),(26,'22414605','2017-10-03 14:23:00','2017-10-17 12:04:32','','22414605.png',127,'\0',NULL,'noa hofman','Israel','evyatar',NULL,NULL),(27,'21024056','2017-10-04 14:25:00','2017-10-10 10:51:02','','21024056.png',167,'\0',NULL,'FREIDI GERLITZ','Israel','evyatar',NULL,NULL),(28,'30408135','2017-10-04 16:28:00','2017-10-10 10:51:16','','30408135.png',168,'\0',NULL,'LEA SHROER','Israel','evyatar',NULL,NULL),(29,'20848135','2017-10-03 14:29:00','2017-10-05 10:17:56','','20848135.png',218,'\0',NULL,'limor noked','Israel','evyatar',NULL,NULL),(30,'21358653','2017-10-03 16:30:00','2017-10-05 10:18:20','','21358653.png',219,'\0',NULL,'maayan israelovitz','Israel','evyatar',NULL,NULL),(32,'6791490','2017-09-19 16:35:00',NULL,'\0','6791490.png',228,'\0',NULL,'SUSAN F','Israel','evyatar',NULL,NULL),(33,'5048220','2017-09-19 16:36:00',NULL,'\0','5048220.png',229,'\0',NULL,'KEREN leiva','colombia','evyatar',NULL,NULL),(34,'31450787','2017-10-05 18:16:00','2017-10-08 13:34:05','','31450787.png',58,'\0',NULL,'avia van','Israel','evyatar',NULL,NULL),(35,'22117535','2017-10-05 18:18:00','2017-10-08 13:35:11','','22117535.png',59,'\0',NULL,'talia kolovski','Israel','evyatar',NULL,NULL),(36,'30205887','2017-10-06 14:53:00','2017-10-11 09:33:00','','30205887.png',6,'',NULL,'shlomi DAVID','Israel','evyatar',NULL,NULL),(37,'14939220','2017-10-06 14:57:00','2017-10-11 09:32:47','','14939220.png',7,'',NULL,'amitay TAYEB','Israel','evyatar',NULL,NULL),(38,'208481350','2017-10-06 15:00:00','2017-10-11 11:52:49','','208481350.png',11,'\0',NULL,'limor noked','Israel','evyatar',NULL,NULL),(39,'346346376','2017-10-06 15:01:00','2017-10-11 11:52:41','','346346376.png',12,'\0',NULL,'mayyan r','Israel','evyatar',NULL,NULL),(40,'22512283','2017-10-06 15:01:00','2017-10-11 11:52:30','','22512283.png',13,'\0',NULL,'mor barzani','Israel','evyatar',NULL,NULL),(41,'20778575','2017-10-06 15:02:00','2017-10-10 22:58:03','','20778575.png',16,'\0',NULL,'inbar edri','Israel','evyatar',NULL,NULL),(42,'22706528','2017-10-06 15:04:00','2017-10-10 23:00:08','','22706528.png',17,'\0',NULL,'efrat netanel','Israel','evyatar',NULL,NULL),(43,'23275641','2017-10-06 15:04:00','2017-10-11 10:48:46','','23275641.png',18,'\0',NULL,'SHIR AVIV','Israel','evyatar',NULL,NULL),(44,'22987793','2017-10-06 15:06:00','2017-10-11 10:49:00','','22987793.png',19,'\0',NULL,'MOR SHALEV','Israel','evyatar',NULL,NULL),(45,'499462100','2017-10-05 15:08:00','2017-10-08 23:02:03','','499462100.png',21,'\0',NULL,'gal uzan','Israel','evyatar',NULL,NULL),(46,'23173652','2017-10-05 15:10:00','2017-10-11 11:55:35','','23173652.png',22,'\0',NULL,'Fsharon MARCUS','Israel','evyatar',NULL,NULL),(47,'31038116','2017-10-05 15:13:00','2017-10-11 11:58:07','','31038116.png',23,'\0',NULL,'Fsandra LUBARSKI','Israel','evyatar',NULL,NULL),(48,'30187216','2017-10-07 15:15:00','2017-10-11 07:19:07','','30187216.png',26,'\0',NULL,'maya dahan','Israel','evyatar',NULL,NULL),(49,'315070219','2017-10-07 15:16:00','2017-10-11 07:46:53','','315070219.png',27,'',NULL,'ido donsky','Israel','evyatar',NULL,NULL),(50,'205892201','2017-10-07 15:18:00','2017-10-11 07:17:35','','205892201.png',28,'',NULL,'guy haviv','Israel','evyatar',NULL,NULL),(51,'23115327','2017-10-05 15:33:00','2017-10-09 12:26:06','','23115327.png',57,'\0',NULL,'shir VOLOZKY','Israel','evyatar',NULL,NULL),(52,'31005426','2017-10-05 15:34:00','2017-10-18 15:23:26','','31005426.png',67,'',NULL,'udi lotem','Israel','evyatar',NULL,NULL),(53,'23318578','2017-10-07 15:38:00','2017-10-18 15:24:08','','23318578.png',69,'',NULL,'avi reuven','Israel','evyatar',NULL,NULL),(54,'15051673','2017-10-07 15:39:00','2017-10-18 15:23:51','','15051673.png',68,'',NULL,'billi yegudayev','Israel','evyatar',NULL,NULL),(55,'22615456','2017-10-05 15:40:00','2017-10-09 13:16:41','','22615456.png',72,'',NULL,'yakir dabas','Israel','evyatar',NULL,NULL),(56,'21837103','2017-10-08 10:40:00','2017-10-13 16:36:45','','21837103.png',65,'',NULL,'stav karo','Israel','evyatar',NULL,NULL),(57,'31042056','2017-10-05 15:44:00','2017-10-09 13:14:19','','31042056.png',73,'',NULL,'amitay rahum','Israel','evyatar',NULL,NULL),(58,'20413348','2017-10-07 15:44:00','2017-10-11 09:36:18','','20413348.png',121,'\0',NULL,'linoy damti','Israel','buba',NULL,NULL),(59,'23040864','2017-10-07 15:46:00','2017-10-11 09:36:31','','23040864.png',122,'\0',NULL,'odaya kobous','Israel','evyatar',NULL,NULL),(60,'579998308','2017-10-08 15:59:00','2017-10-18 15:21:54','','579998308.png',125,'',NULL,'gnesin alexsander','Israel','evyatar',NULL,NULL),(61,'21183094','2017-10-07 16:03:00','2017-10-10 10:07:48','','21183094.png',129,'\0',NULL,'ayala trabelsi','Israel','evyatar',NULL,NULL),(62,'22892819','2017-10-07 16:04:00','2017-10-10 10:08:27','','22892819.png',130,'',NULL,'niv dayan','Israel','evyatar',NULL,NULL),(63,'30569799','2017-10-08 16:14:00','2017-10-09 12:24:36','','30569799.png',58,'\0',NULL,'mor fadida','Israel','evyatar',NULL,NULL),(64,'20467254','2017-10-07 16:16:00','2017-10-15 09:16:58','','20467254.png',129,'',NULL,'israel biro','Israel','evyatar',NULL,NULL),(65,'20603070','2017-10-07 16:18:00','2017-10-15 09:17:07','','20603070.png',130,'',NULL,'salomon gabiahu','Israel','evyatar',NULL,NULL),(66,'04444','2017-10-07 16:24:00','2017-10-08 16:25:18','','04444.png',265,'',NULL,'jp fd','Israel','evyatar',NULL,NULL),(67,'04444','2017-10-06 16:25:00','2017-10-13 08:09:05','','04444.png',267,'',NULL,'jp fd','Israel','evyatar',NULL,NULL),(68,'29295505','2017-10-08 17:19:00','2017-10-09 07:38:24','','29295505.png',59,'\0',NULL,'maya doron','Israel','evyatar',NULL,NULL),(69,'21797015','2017-10-08 19:12:00','2017-10-09 12:06:29','','21797015.png',163,'',NULL,'tal garfi','Israel','evyatar',NULL,NULL),(70,'14801507','2017-10-08 19:13:00','2017-10-09 12:06:01','','14801507.png',164,'',NULL,'guy hanegvi','Israel','evyatar',NULL,NULL),(71,'22138150','2017-10-08 19:36:00','2017-10-10 09:12:53','','22138150.png',153,'\0',NULL,'noa elbaz','Israel','buba',NULL,NULL),(72,'14631464','2017-10-08 19:37:00','2017-10-10 09:12:37','','14631464.png',154,'\0',NULL,'yael katz','Israel','buba',NULL,NULL),(73,'23368083','2017-10-08 22:43:00','2017-10-10 11:31:34','','23368083.png',60,'\0',NULL,'MICHAL FEFERBERG','Israel','ado',NULL,NULL),(74,'21185713','2017-10-08 22:45:00','2017-10-10 11:22:41','','21185713.png',61,'\0',NULL,'KEREN MELAMED','Israel','ado',NULL,NULL),(75,'20385491','2017-10-09 11:58:00','2017-10-10 13:33:00','','20385491.png',257,'\0',NULL,'hen halzband','Israel','ruhama',NULL,NULL),(76,'20486580','2017-10-09 13:24:00','2017-10-10 13:32:26','','20486580.png',258,'\0',NULL,'yali izak','Israel','evyatar',NULL,NULL),(77,'31042056','2017-10-09 14:17:00','2017-10-15 13:29:32','','31042056.png',253,'',NULL,'amitay rahum','Israel','evyatar',NULL,NULL),(78,'22615456','2017-10-09 14:19:00','2017-10-16 07:20:43','','22615456.png',254,'',NULL,'yakir dabas','Israel','evyatar',NULL,NULL),(79,'30284446','2017-10-09 20:33:00','2017-10-10 08:54:18','','30284446.png',155,'\0',NULL,'HODAYA ITTA GOTTLIEB','Israel','buba',NULL,NULL),(80,'22182415','2017-10-09 20:36:00','2017-10-10 08:54:05','','22182415.png',156,'\0',NULL,'ORPAZ HOUTA','Israel','buba',NULL,NULL),(81,'30358089','2017-10-10 10:36:00','2017-10-11 09:17:05','','30358089.png',45,'\0',NULL,'SHANI','Israel','evyatar',NULL,NULL),(82,'23237290','2017-10-10 10:37:00','2017-10-11 09:17:26','','23237290.png',46,'\0',NULL,'SHIRAN MASICH','Israel','evyatar',NULL,NULL),(83,'14714796','2017-10-10 15:54:00','2017-10-11 08:20:47','','14714796.png',163,'\0',NULL,'dorin hazak','Israel','evyatar',NULL,NULL),(84,'22399213','2017-10-10 15:54:00','2017-10-11 08:20:33','','22399213.png',164,'\0',NULL,'michal choen','Israel','evyatar',NULL,NULL),(85,'22447996','2017-10-10 23:01:00','2017-10-11 09:11:25','','22447996.png',47,'\0',NULL,'talia haddad','Israel','buba',NULL,NULL),(86,'21244134','2017-10-10 23:02:00','2017-10-11 09:13:56','','21244134.png',48,'\0',NULL,'michal nagar','Israel','buba',NULL,NULL),(87,'22413708','2017-10-10 23:03:00','2017-10-11 09:11:04','','22413708.png',49,'\0',NULL,'racheli avrhami','Israel','buba',NULL,NULL),(88,'31085133','2017-10-11 11:58:00','2017-10-13 10:50:54','','31085133.png',163,'\0',NULL,'OFIR AZANKOT','Israel','evyatar',NULL,NULL),(89,'205780745','2017-10-11 11:59:00','2017-10-13 11:09:56','','205780745.png',164,'',NULL,'ROTEM YOHANANUF','Israel','evyatar',NULL,NULL),(90,'21060355','2017-10-11 14:03:00','2017-10-20 13:27:21','','21060355.png',31,'',NULL,'moshe shimon','Israel','evyatar',NULL,NULL),(91,'30978446','2017-10-11 14:04:00','2017-10-20 13:28:14','','30978446.png',33,'',NULL,'itamar gabay','Israel','evyatar',NULL,NULL),(92,'31544997','2017-10-11 14:05:00','2017-10-20 13:28:00','','31544997.png',32,'',NULL,'ram moshe','Israel','evyatar',NULL,NULL),(93,'21061488','2017-10-11 14:06:00','2017-10-20 13:28:26','','21061488.png',34,'',NULL,'shmuel moshe','Israel','evyatar',NULL,NULL),(94,'20896005','2017-10-12 12:00:00','2017-10-14 02:34:18','','20896005.png',11,'',NULL,'omer nidam','Israel','evyatar',NULL,NULL),(95,'315070219','2017-10-12 14:19:00','2017-10-17 12:03:42','','315070219.png',12,'',NULL,'ido donky','Israel','evyatar',NULL,NULL),(96,'23040864','2017-10-12 18:09:00','2017-10-16 13:25:19','','23040864.png',6,'\0',NULL,'odaya kobous','Israel','evyatar',NULL,NULL),(97,'20413348','2017-10-12 18:10:00','2017-10-16 13:25:34','','20413348.png',7,'\0',NULL,'linoy damti','Israel','evyatar',NULL,NULL),(98,'23261468','2017-10-12 18:32:00','2017-10-13 11:45:53','','23261468.png',16,'',NULL,'DALE TSAGA','Israel','evyatar',NULL,NULL),(99,'30341942','2017-10-12 18:33:00','2017-10-13 11:46:07','','30341942.png',17,'',NULL,'NADAV BINYAMIN','Israel','evyatar',NULL,NULL),(100,'14714796','2017-10-12 20:29:00','2017-10-14 02:27:31','','14714796.png',167,'\0',NULL,'dorin hazak','Israel','marco',NULL,NULL),(101,'22399213','2017-10-12 20:32:00','2017-10-14 02:28:12','','22399213.png',169,'\0',NULL,'michal choen','Israel','marco',NULL,NULL),(102,'20778575','2017-10-12 21:31:00','2017-10-15 00:06:52','','20778575.png',21,'\0',NULL,'inbar edri','Israel','marco',NULL,NULL),(103,'22706528','2017-10-12 21:34:00','2017-10-15 00:07:04','','22706528.png',22,'\0',NULL,'efrat netanel','Israel','marco',NULL,NULL),(104,'23237290','2017-10-12 22:28:00','2017-10-15 11:39:00','','23237290.png',70,'\0',NULL,'SHIRAN MASICH','Israel','marco',NULL,NULL),(105,'30358089','2017-10-12 22:29:00','2017-10-15 11:37:47','','30358089.png',73,'\0',NULL,'SHANI SUDRI','Israel','marco',NULL,NULL),(106,'31527254','2017-10-13 20:24:00','2017-10-18 13:13:09','','31527254.png',16,'',NULL,'YAN FRIDAN','Israel','hen',NULL,NULL),(107,'20920101','2017-10-13 20:26:00','2017-10-18 11:57:08','','20920101.png',17,'\0',NULL,'SHIR ELIYAHU','Israel','hen',NULL,NULL),(108,'22958018','2017-10-13 20:27:00','2017-10-18 13:13:34','','22958018.png',18,'',NULL,'SHAHAR LEVI','Israel','hen',NULL,NULL),(109,'21159214','2017-10-14 10:40:00','2017-10-16 08:59:07','','21159214.png',45,'',NULL,'KIMHI GAL','Israel','ado',NULL,NULL),(110,'30341942','2017-10-14 21:26:00','2017-10-15 12:00:43','','30341942.png',13,'',NULL,'NADAV BINYAMIN','Israel','marco',NULL,NULL),(111,'23261468','2017-10-14 21:27:00','2017-10-15 12:00:54','','23261468.png',14,'',NULL,'DALE TSAGA','Israel','marco',NULL,NULL),(112,'1111111111','2017-10-15 00:10:00','2017-10-15 14:59:44','','1111111111.png',267,'',NULL,'g bee','Israel','marco',NULL,NULL),(113,'20034661','2017-10-15 13:04:00','2017-10-16 12:06:04','','20034661.png',21,'',NULL,'OREN HAREL','Israel','evyatar',NULL,NULL),(114,'23306013','2017-10-15 13:05:00','2017-10-16 12:06:17','','23306013.png',22,'',NULL,'HOVAV KAROANI','Israel','evyatar',NULL,NULL),(115,'20413967','2017-10-15 13:13:00','2017-10-16 12:06:55','','20413967.png',23,'',NULL,'ELDAR EFRAT','Israel','evyatar',NULL,NULL),(116,'14631464','2017-10-15 15:00:00','2017-10-17 13:48:50','','14631464.png',26,'\0',NULL,'yael katz','Israel','evyatar',NULL,NULL),(117,'22138150','2017-10-15 15:01:00','2017-10-19 12:36:15','','22138150.png',27,'\0',NULL,'noa elbaz','Israel','evyatar',NULL,NULL),(118,'22918198','2017-10-15 15:27:00','2017-10-22 14:25:15','','22918198.png',163,'\0',NULL,'amit hagai','Israel','evyatar',NULL,NULL),(119,'22464200','2017-10-15 15:28:00','2017-10-22 13:02:19','','22464200.png',164,'\0',NULL,'hila meir','Israel','evyatar',NULL,NULL),(120,'30241932','2017-10-15 17:11:00','2017-10-16 12:12:06','','30241932.png',167,'',NULL,'ELAD MAZOR','Israel','evyatar',NULL,NULL),(121,'21193617','2017-10-15 17:12:00','2017-10-16 12:12:29','','21193617.png',168,'\0',NULL,'HANNA PINCHASI','Israel','evyatar',NULL,NULL),(122,'21353029','2017-10-15 21:10:00','2017-10-18 11:58:50','','21353029.png',19,'\0',NULL,'lior damari','Israel','buba',NULL,NULL),(123,'31258192','2017-10-16 13:32:00','2017-10-21 14:16:28','','31258192.png',11,'',NULL,'atias yarden','Israel','ruhama',NULL,NULL),(124,'20026143','2017-10-16 18:38:00','2017-10-17 13:56:54','','20026143.png',267,'',NULL,'TAL ASSARAF ','Israel','evyatar',NULL,NULL),(125,'21475059','2017-10-16 18:39:00','2017-10-17 13:57:19','','21475059.png',268,'\0',NULL,'ADVA BEN ISHAY','Israel','evyatar',NULL,NULL),(126,'22724704','2017-10-17 12:05:00','2017-10-21 14:29:28','','22724704.png',30,'\0',NULL,'sapir horesh','Israel','evyatar',NULL,NULL),(127,'22414605','2017-10-17 13:36:00','2017-10-20 10:47:45','','22414605.png',127,'\0',NULL,'noa hofman','Israel','ruhama',NULL,NULL),(128,'30497462','2017-10-17 18:33:00','2017-10-21 12:03:18','','30497462.png',129,'',NULL,'MOR ALMAGOR','Israel','evyatar',NULL,NULL),(129,'30495415','2017-10-17 18:34:00','2017-10-21 12:03:27','','30495415.png',130,'',NULL,'IDAN ALMAGOR','Israel','evyatar',NULL,NULL),(130,'31038116','2017-10-17 19:07:00','2017-10-26 10:51:45','','31038116.png',21,'\0',NULL,'Fsandra LUBARSKI','Israel','evyatar',NULL,NULL),(131,'23173652','2017-10-17 19:08:00','2017-10-26 10:55:58','','23173652.png',22,'\0',NULL,'Fsharon MARCUS','Israel','evyatar',NULL,NULL),(132,'20752866','2017-10-17 19:10:00','2017-10-19 07:01:00','','20752866.png',23,'\0',NULL,'GAL UZAN','Israel','evyatar',NULL,NULL),(133,'2982334','2017-10-17 19:11:00','2017-10-19 12:24:26','','2982334.png',167,'',NULL,'TOMER BEN ALTAVA','Israel','evyatar',NULL,NULL),(134,'22622295','2017-10-17 19:12:00','2017-10-19 12:24:12','','22622295.png',168,'',NULL,'GUY FISHMAN','Israel','evyatar',NULL,NULL),(135,'21225258','2017-10-17 20:33:00','2017-10-18 12:19:28','','21225258.png',45,'',NULL,'HEN ROEI','Israel','marco',NULL,NULL),(136,'21424247','2017-10-17 20:35:00','2017-10-18 12:18:53','','21424247.png',46,'',NULL,'KASH AMOS','Israel','marco',NULL,NULL),(137,'30536708','2017-10-17 20:36:00','2017-10-18 12:18:21','','30536708.png',47,'',NULL,'BARANES MOSHE','Israel','marco',NULL,NULL),(138,'204694970','2017-10-18 10:20:00','2017-10-20 10:16:15','','204694970.png',75,'',NULL,'haim aharon','Israel','evyatar',NULL,NULL),(139,'ar300376','2017-10-18 10:21:00','2017-10-20 10:15:56','','ar300376.png',76,'\0',NULL,'leoniris moya','Israel','evyatar',NULL,NULL),(140,'205780745','2017-10-18 10:39:00','2017-10-23 11:15:47','','205780745.png',257,'',NULL,'ROTEM YOHANANUF','Israel','evyatar',NULL,NULL),(141,'206069312','2017-10-18 10:40:00','2017-10-23 11:15:58','','206069312.png',258,'\0',NULL,'OFIR AZANKOT','Israel','evyatar',NULL,NULL),(142,'21159214','2017-10-18 12:41:00','2017-10-23 11:41:12','','21159214.png',12,'',NULL,'KIMHI GAL','Israel','evyatar',NULL,NULL),(143,'20437572','2017-10-18 16:35:00','2017-10-24 16:08:58','','20437572.png',125,'',NULL,'refael saban','Israel','evyatar',NULL,NULL),(144,'23040864','2017-10-18 17:49:00','2017-10-21 11:56:46','','23040864.png',6,'\0',NULL,'odaya kobous','Israel','evyatar',NULL,NULL),(145,'20413348','2017-10-18 17:50:00','2017-10-21 11:57:00','','20413348.png',7,'\0',NULL,'linoy damti','Israel','evyatar',NULL,NULL),(146,'am803445','2017-10-18 19:52:00','2017-10-20 12:45:57','','am803445.png',119,'\0',NULL,'sara juliana perez diaz','colombia','kobi',NULL,NULL),(147,'22254912','2017-10-18 21:51:00','2017-10-23 10:03:40','','22254912.png',26,'',NULL,'tal yehoshua','Israel','kobi',NULL,NULL),(148,'30101781','2017-10-18 21:52:00','2017-10-23 11:35:43','','30101781.png',27,'',NULL,'tomer skliar','Israel','kobi',NULL,NULL),(149,'30415922','2017-10-18 21:53:00','2017-10-23 10:03:55','','30415922.png',28,'',NULL,'ezra yeoshua','Israel','kobi',NULL,NULL),(150,'22346992','2017-10-18 22:37:00','2017-10-20 12:31:38','','22346992.png',121,'',NULL,'ron shahin','Israel','kobi',NULL,NULL),(151,'30408242','2017-10-19 12:04:00',NULL,'\0','30408242.png',260,'',NULL,'IDAN MOZ','Israel','evyatar',NULL,NULL),(152,'31399605','2017-10-19 16:34:00','2017-10-21 20:21:55','','31399605.png',26,'\0',NULL,'BAR ELMALKAYS','Israel','evyatar',NULL,NULL),(153,'30953544','2017-10-19 16:38:00','2017-10-21 20:02:18','','30953544.png',27,'\0',NULL,'ROTEM ASHURY','Israel','evyatar',NULL,NULL),(154,'31526272','2017-10-19 16:55:00','2017-10-20 11:45:46','','31526272.png',213,'\0',NULL,'LEA ITHAK','Israel','evyatar',NULL,NULL),(155,'23361007','2017-10-19 16:57:00','2017-10-20 11:46:01','','23361007.png',214,'\0',NULL,'MAY DEMRI','Israel','evyatar',NULL,NULL),(156,'30358089','2017-10-19 17:41:00','2017-10-23 09:53:03','','30358089.png',70,'\0',NULL,'SHANI','Israel','evyatar',NULL,NULL),(157,'23237290','2017-10-19 17:42:00','2017-10-23 09:53:15','','23237290.png',71,'\0',NULL,'SHIRAN MASICH','Israel','evyatar',NULL,NULL),(158,'30569473','2017-10-19 19:51:00',NULL,'\0','30569473.png',262,'',NULL,'liron  twito','Israel','CAMI',NULL,NULL),(159,'202713985','2017-10-20 00:38:00','2017-10-22 12:18:05','','202713985.png',167,'',NULL,'DOR AHARON','Israel','buba',NULL,NULL),(160,'31484134','2017-10-20 00:40:00','2017-10-22 12:18:14','','31484134.png',168,'\0',NULL,'EMUNA AHARON','Israel','buba',NULL,NULL),(161,'555555','2017-10-20 10:21:00',NULL,'\0','555555.png',267,'\0',NULL,'CUAIDIA','Israel','evyatar',NULL,NULL),(162,'21729146','2017-10-20 11:41:00','2017-10-21 09:09:16','','21729146.png',60,'\0',NULL,'daniel cohen','Israel','evyatar',NULL,NULL),(163,'13996351','2017-10-20 11:42:00','2017-10-21 09:09:52','','13996351.png',61,'\0',NULL,'mor dahry ','Israel','evyatar',NULL,NULL),(164,'22399213','2017-10-20 14:04:00','2017-10-23 10:18:24','','22399213.png',75,'\0',NULL,'michal choen','Israel','evyatar',NULL,NULL),(165,'14714796','2017-10-20 14:05:00','2017-10-23 10:18:35','','14714796.png',76,'\0',NULL,'dorin hazak','Israel','evyatar',NULL,NULL),(166,'30531808','2017-10-18 17:49:00','2017-10-21 11:46:16','','30531808.png',8,'',NULL,'franggely ','Israel','evyatar',NULL,NULL),(167,'20026143','2017-10-20 19:05:00','2017-10-23 10:27:33','','20026143.png',265,'',NULL,'TAL ASSARAF ','Israel','evyatar',NULL,NULL),(168,'21475059','2017-10-20 19:07:00','2017-10-23 10:27:49','','21475059.png',266,'\0',NULL,'ADVA BEN ISHAY','Israel','evyatar',NULL,NULL),(169,'53334242','2017-10-21 23:16:00',NULL,'\0','53334242.png',227,'',NULL,'FRANCISCO','MEXICO','beni',NULL,NULL),(170,'21978058','2017-10-22 10:35:00','2017-10-23 09:49:00','','21978058.png',11,'',NULL,'ben sahar','Israel','evyatar',NULL,NULL),(171,'31544997','2017-10-22 13:24:00','2017-10-29 22:39:21','','31544997.png',31,'',NULL,'MOSHE RAM','Israel','evyatar',NULL,NULL),(172,'21060355','2017-10-22 13:25:00','2017-10-29 22:40:26','','21060355.png',32,'',NULL,'moshe shimon','Israel','evyatar',NULL,NULL),(173,'21061488','2017-10-22 13:25:00','2017-10-29 22:40:56','','21061488.png',33,'',NULL,'shmuel moshe','Israel','evyatar',NULL,NULL),(174,'30978446','2017-10-22 13:26:00','2017-10-29 22:41:54','','30978446.png',34,'',NULL,'itamar gabay','Israel','evyatar',NULL,NULL),(175,'31321098','2017-10-22 14:55:00','2017-10-23 11:31:29','','31321098.png',129,'\0',NULL,'LISA LUGASI','Israel','evyatar',NULL,NULL),(176,'23092192','2017-10-22 14:57:00','2017-10-23 11:31:16','','23092192.png',130,'',NULL,'OMRI LUGASI','Israel','evyatar',NULL,NULL),(177,'21985442','2017-10-24 14:20:00','2017-10-29 14:20:51','','21985442.png',11,'',NULL,'sharon yardeni','Israel','evyatar',NULL,NULL),(178,'21159214','2017-10-24 16:11:00',NULL,'\0','21159214.png',12,'',NULL,'KIMHI GAL','Israel','evyatar',NULL,NULL),(179,'30415922','2017-10-24 19:43:00',NULL,'\0','30415922.png',26,'',NULL,'ezra yeoshua','Israel','CAMI',NULL,NULL),(180,'21978058','2017-10-24 19:44:00','2017-10-28 13:21:47','','21978058.png',13,'',NULL,'ben sahar','Israel','CAMI',NULL,NULL),(181,'30101781','2017-10-24 19:46:00',NULL,'\0','30101781.png',27,'',NULL,'tomer skliar','Israel','CAMI',NULL,NULL),(182,'22254912','2017-10-24 19:46:00',NULL,'\0','22254912.png',28,'',NULL,'tal yehoshua','Israel','CAMI',NULL,NULL),(183,'14631464','2017-10-24 23:38:00','2017-10-25 11:05:40','','14631464.png',23,'\0',NULL,'yael katz','Israel','CAMI',NULL,NULL),(184,'000','2017-10-26 00:00:00','2017-10-26 18:01:35','','000.png',6,'',NULL,'jb','Israel','CAMI',NULL,NULL),(185,'000','2017-10-26 00:07:00','2017-10-26 18:01:06','','000.png',1,'',NULL,'dj','Israel','CAMI',NULL,NULL),(186,'0','2017-10-26 00:09:00','2017-10-26 18:00:47','','0.png',4,'',NULL,'dj 2','Israel','CAMI',NULL,NULL),(187,'4353434','2017-10-26 00:11:00','2017-10-26 18:01:52','','4353434.png',167,'',NULL,'amigo jp','Israel','buba',NULL,NULL),(188,'30061821','2017-10-26 16:53:00','2017-10-28 11:55:01','','30061821.png',52,'\0',NULL,'shir nagar ','Israel','evyatar',NULL,NULL),(189,'31250747','2017-10-26 16:58:00','2017-10-28 11:55:24','','31250747.png',53,'\0',NULL,'amit amar','Israel','evyatar',NULL,NULL),(190,'31158332','2017-10-26 17:00:00','2017-10-28 14:02:41','','31158332.png',54,'\0',NULL,'orel ben muyal','Israel','evyatar',NULL,NULL),(191,'31085133','2017-10-26 18:04:00',NULL,'\0','31085133.png',163,'\0',NULL,'OFIR AZANKOT','Israel','evyatar',NULL,NULL),(192,'20578045','2017-10-26 18:08:00',NULL,'\0','20578045.png',164,'\0',NULL,'ROTEM YOHANANUF','Israel','evyatar',NULL,NULL),(193,'23116921','2017-10-26 18:59:00','2017-10-30 09:46:57','','23116921.png',129,'',NULL,'BEN BEN YAIR','Israel','evyatar',NULL,NULL),(194,'14110215','2017-10-26 19:00:00','2017-10-30 09:47:09','','14110215.png',130,'',NULL,'NIR SAMUELS ','Israel','evyatar',NULL,NULL),(195,'242342','2017-10-26 23:45:00','2017-10-27 00:14:50','','242342.png',1,'',NULL,'jp','Israel','buba',NULL,NULL),(196,'31484134','2017-10-27 16:00:00','2017-10-29 12:29:07','','31484134.png',241,'\0',NULL,'EMUNA AHARON','Israel','evyatar',NULL,NULL),(197,'20271385','2017-10-27 16:01:00','2017-10-29 12:29:23','','20271385.png',242,'',NULL,'DOR AHARON','Israel','evyatar',NULL,NULL),(198,'5353454343','2017-10-29 11:37:00',NULL,'\0','5353454343.png',81,'',NULL,'alon ','Israel','buba',NULL,NULL),(199,'0909102117655','2017-10-29 14:17:00',NULL,'\0','0909102117655.png',21,'',NULL,'JOSE PERES','Israel','evyatar',NULL,NULL),(200,'21985442','2017-10-29 14:22:00',NULL,'\0','21985442.png',11,'',NULL,'sharon yardeni','Israel','evyatar',NULL,NULL),(201,'E001628','2017-10-29 18:28:00','2017-10-30 06:27:39','','E001628.png',22,'',NULL,'RAUL MAYOLO RAMIREZ','MEXICANO','marco',NULL,NULL),(202,'22690716','2017-10-30 11:14:00',NULL,'\0','22690716.png',16,'\0',NULL,'nofar tsur','Israel','ruhama',NULL,NULL),(203,'31176176','2017-10-30 11:16:00',NULL,'\0','31176176.png',17,'\0',NULL,'yuval yehezkel','Israel','ruhama',NULL,NULL),(204,'23654411','2017-10-30 11:17:00',NULL,'\0','23654411.png',18,'\0',NULL,'tal tzur','Israel','ruhama',NULL,NULL),(205,'23571579','2017-10-30 13:04:00',NULL,'\0','23571579.png',45,'\0',NULL,'noa eitan','Israel','ruhama',NULL,NULL),(206,'21175127','2017-10-30 13:06:00',NULL,'\0','21175127.png',46,'\0',NULL,'eden shabat','Israel','ruhama',NULL,NULL),(207,'22316442','2017-10-30 17:18:00',NULL,'\0','22316442.png',117,'',NULL,'ofir mena','Israel','evyatar',NULL,NULL);
/*!40000 ALTER TABLE `user` ENABLE KEYS */;
UNLOCK TABLES;

--
-- Table structure for table `user_bed`
--

DROP TABLE IF EXISTS `user_bed`;
/*!40101 SET @saved_cs_client     = @@character_set_client */;
/*!40101 SET character_set_client = utf8 */;
CREATE TABLE `user_bed` (
  `id` int(11) NOT NULL AUTO_INCREMENT,
  `user_id` int(11) DEFAULT NULL,
  `bed_id` int(11) DEFAULT NULL,
  `price` decimal(10,0) DEFAULT NULL,
  `comment` varchar(45) COLLATE utf8_unicode_ci DEFAULT NULL,
  `start_date` datetime DEFAULT NULL,
  `end_date` datetime DEFAULT NULL,
  PRIMARY KEY (`id`),
  KEY `user_bed_user_fk_idx` (`user_id`),
  KEY `user_bed_bed_fl_idx` (`bed_id`),
  CONSTRAINT `user_bed_bed_fl` FOREIGN KEY (`bed_id`) REFERENCES `bed` (`id`) ON DELETE NO ACTION ON UPDATE NO ACTION,
  CONSTRAINT `user_bed_user_fk` FOREIGN KEY (`user_id`) REFERENCES `user` (`id`) ON DELETE NO ACTION ON UPDATE NO ACTION
) ENGINE=InnoDB AUTO_INCREMENT=240 DEFAULT CHARSET=utf8 COLLATE=utf8_unicode_ci;
/*!40101 SET character_set_client = @saved_cs_client */;

--
-- Dumping data for table `user_bed`
--

LOCK TABLES `user_bed` WRITE;
/*!40000 ALTER TABLE `user_bed` DISABLE KEYS */;
INSERT INTO `user_bed` VALUES (8,9,99,0,NULL,'2017-08-15 19:05:00','2017-10-08 17:00:32'),(9,10,48,300,NULL,'2017-10-03 14:00:00','2017-10-09 10:53:11'),(10,11,49,300,NULL,'2017-10-03 14:33:00','2017-10-09 11:12:11'),(11,12,52,300,NULL,'2017-10-03 14:37:00','2017-10-08 13:43:58'),(12,13,53,300,NULL,'2017-10-04 14:39:00','2017-10-08 13:42:36'),(13,14,54,300,NULL,'2017-10-04 15:44:00','2017-10-08 13:41:34'),(14,15,55,300,NULL,'2017-10-04 15:46:00','2017-10-08 17:07:57'),(15,16,77,0,NULL,'2017-07-25 15:54:00','2017-10-08 13:53:48'),(16,17,82,300,NULL,'2017-10-03 14:57:00','2017-10-08 12:22:01'),(17,18,83,0,NULL,'2017-07-18 16:02:00','2017-10-08 16:59:46'),(18,19,88,0,NULL,'2017-07-18 16:03:00','2017-10-08 17:00:08'),(19,20,89,0,NULL,'2017-07-18 16:04:00','2017-10-08 17:00:17'),(20,21,108,300,NULL,'2017-10-04 16:05:00','2017-10-08 17:09:12'),(21,22,109,300,NULL,'2017-10-04 16:06:00','2017-10-08 17:09:22'),(22,23,120,0,NULL,'2017-08-15 16:07:00','2017-10-08 17:00:49'),(23,24,126,400,NULL,'2017-10-02 14:10:00','2017-10-05 08:46:22'),(24,25,127,500,NULL,'2017-09-21 14:16:00','2017-10-08 17:11:28'),(25,26,131,600,NULL,'2017-10-03 14:23:00','2017-10-08 17:13:51'),(26,27,173,400,NULL,'2017-10-04 14:25:00','2017-10-08 17:17:11'),(27,28,174,400,NULL,'2017-10-04 16:28:00','2017-10-08 17:17:59'),(28,29,218,400,NULL,'2017-10-03 14:29:00','2017-10-05 10:17:56'),(29,30,219,400,NULL,'2017-10-03 16:30:00','2017-10-05 10:18:20'),(31,32,233,0,NULL,'2017-09-19 16:35:00','2017-10-08 17:27:11'),(32,33,234,0,NULL,'2017-09-19 16:36:00','2017-10-08 17:27:27'),(33,34,58,300,NULL,'2017-10-05 18:16:00','2017-10-08 13:34:05'),(34,35,59,300,NULL,'2017-10-05 18:18:00','2017-10-08 13:35:11'),(35,36,6,600,NULL,'2017-10-06 14:53:00','2017-10-11 09:33:00'),(36,37,7,600,NULL,'2017-10-06 14:57:00','2017-10-11 09:32:47'),(37,38,11,300,NULL,'2017-10-06 15:00:00','2017-10-11 11:52:49'),(38,39,12,300,NULL,'2017-10-06 15:01:00','2017-10-11 11:52:41'),(39,40,13,300,NULL,'2017-10-06 15:01:00','2017-10-11 11:52:30'),(40,41,16,300,NULL,'2017-10-06 15:02:00','2017-10-10 22:58:03'),(41,42,17,300,NULL,'2017-10-06 15:04:00','2017-10-10 23:00:08'),(42,43,18,300,NULL,'2017-10-06 15:04:00','2017-10-11 10:48:46'),(43,44,19,300,NULL,'2017-10-06 15:06:00','2017-10-11 10:49:00'),(44,45,21,300,NULL,'2017-10-05 15:08:00','2017-10-08 23:02:03'),(45,46,22,300,NULL,'2017-10-05 15:10:00','2017-10-11 11:55:35'),(46,47,23,300,NULL,'2017-10-05 15:13:00','2017-10-11 11:58:07'),(47,48,26,300,NULL,'2017-10-07 15:15:00','2017-10-11 07:19:07'),(48,49,27,300,NULL,'2017-10-07 15:16:00','2017-10-11 07:46:53'),(49,50,28,300,NULL,'2017-10-07 15:18:00','2017-10-11 07:17:35'),(50,51,57,300,NULL,'2017-10-05 15:33:00','2017-10-09 12:26:06'),(51,52,67,400,NULL,'2017-10-05 15:34:00','2017-10-18 15:23:26'),(52,53,69,300,NULL,'2017-10-07 15:38:00','2017-10-18 15:24:08'),(53,54,70,300,NULL,'2017-10-07 15:39:00','2017-10-08 17:07:44'),(54,55,72,400,NULL,'2017-10-05 15:40:00','2017-10-09 13:16:41'),(55,56,122,400,NULL,'2017-10-08 10:40:00','2017-10-08 17:03:49'),(56,57,73,400,NULL,'2017-10-05 15:44:00','2017-10-09 13:14:19'),(57,58,125,400,NULL,'2017-10-07 15:44:00','2017-10-08 17:10:34'),(58,59,126,400,NULL,'2017-10-07 15:46:00','2017-10-08 17:10:48'),(59,60,125,800,NULL,'2017-10-08 15:59:00','2017-10-18 15:21:54'),(60,61,133,400,NULL,'2017-10-07 16:03:00','2017-10-08 17:15:37'),(61,62,134,400,NULL,'2017-10-07 16:04:00','2017-10-08 17:15:51'),(62,63,58,300,NULL,'2017-10-08 16:14:00','2017-10-09 12:24:36'),(63,64,218,400,NULL,'2017-10-07 16:16:00','2017-10-08 17:26:11'),(64,65,219,400,NULL,'2017-10-07 16:18:00','2017-10-08 17:26:24'),(65,66,265,0,NULL,'2017-10-07 16:24:00','2017-10-08 16:25:18'),(66,67,267,0,NULL,'2017-10-06 16:25:00','2017-10-13 08:09:05'),(67,18,82,1,'','2017-10-08 16:59:46','2017-10-09 11:35:20'),(68,19,83,1,'','2017-10-08 17:00:08',NULL),(69,20,84,1,'','2017-10-08 17:00:17',NULL),(70,9,95,1,'','2017-10-08 17:00:32',NULL),(71,23,115,1,'','2017-10-08 17:00:49',NULL),(72,56,117,400,'','2017-10-08 17:03:49','2017-10-11 17:47:10'),(73,54,68,400,'','2017-10-08 17:07:44','2017-10-18 15:23:51'),(74,15,54,300,'','2017-10-08 17:07:57','2017-10-09 07:37:37'),(75,21,103,300,'','2017-10-08 17:09:12','2017-10-09 10:51:10'),(76,22,104,300,'','2017-10-08 17:09:22','2017-10-09 10:51:34'),(77,58,121,400,'','2017-10-08 17:10:34','2017-10-11 09:36:18'),(78,59,122,400,'','2017-10-08 17:10:48','2017-10-11 09:36:31'),(79,25,123,500,'','2017-10-08 17:11:28','2017-10-21 16:04:06'),(80,26,127,400,'','2017-10-08 17:13:51','2017-10-17 12:04:32'),(81,61,129,400,'','2017-10-08 17:15:37','2017-10-10 10:07:48'),(82,62,130,400,'','2017-10-08 17:15:51','2017-10-10 10:08:27'),(83,27,167,400,'','2017-10-08 17:17:11','2017-10-10 10:51:02'),(84,28,168,400,'','2017-10-08 17:17:59','2017-10-10 10:51:16'),(85,68,59,300,NULL,'2017-10-08 17:19:00','2017-10-09 07:38:24'),(86,64,213,400,'','2017-10-08 17:26:11','2017-10-11 18:10:54'),(87,65,214,400,'','2017-10-08 17:26:24','2017-10-11 18:11:10'),(88,32,228,1,'','2017-10-08 17:27:11',NULL),(89,33,229,1,'','2017-10-08 17:27:27',NULL),(90,69,163,400,NULL,'2017-10-08 19:12:00','2017-10-09 12:06:29'),(91,70,164,400,NULL,'2017-10-08 19:13:00','2017-10-09 12:06:01'),(92,71,153,300,NULL,'2017-10-08 19:36:00','2017-10-10 09:12:53'),(93,72,154,300,NULL,'2017-10-08 19:37:00','2017-10-10 09:12:37'),(94,73,60,250,NULL,'2017-10-08 22:43:00','2017-10-10 11:31:34'),(95,74,61,250,NULL,'2017-10-08 22:45:00','2017-10-10 11:22:41'),(96,15,170,300,'','2017-10-09 07:37:37','2017-10-10 00:05:37'),(97,18,80,1,'','2017-10-09 11:35:20',NULL),(98,75,257,360,NULL,'2017-10-09 11:58:00','2017-10-10 13:33:00'),(99,76,258,400,NULL,'2017-10-09 13:24:00','2017-10-10 13:32:26'),(100,77,260,0,NULL,'2017-10-09 14:17:00','2017-10-12 17:18:47'),(101,78,262,0,NULL,'2017-10-09 14:19:00','2017-10-12 17:19:03'),(102,79,155,300,NULL,'2017-10-09 20:33:00','2017-10-10 08:54:18'),(103,80,156,300,NULL,'2017-10-09 20:36:00','2017-10-10 08:54:05'),(104,81,45,400,NULL,'2017-10-10 10:36:00','2017-10-11 09:17:05'),(105,82,46,400,NULL,'2017-10-10 10:37:00','2017-10-11 09:17:26'),(106,83,163,400,NULL,'2017-10-10 15:54:00','2017-10-11 08:20:47'),(107,84,164,400,NULL,'2017-10-10 15:54:00','2017-10-11 08:20:33'),(108,85,47,300,NULL,'2017-10-10 23:01:00','2017-10-11 09:11:25'),(109,86,48,300,NULL,'2017-10-10 23:02:00','2017-10-11 09:13:56'),(110,87,49,300,NULL,'2017-10-10 23:03:00','2017-10-11 09:11:04'),(111,88,163,300,NULL,'2017-10-11 11:58:00','2017-10-13 10:50:54'),(112,89,164,300,NULL,'2017-10-11 11:59:00','2017-10-13 11:09:56'),(113,90,31,300,NULL,'2017-10-11 14:03:00','2017-10-20 13:27:21'),(114,91,33,300,NULL,'2017-10-11 14:04:00','2017-10-20 13:28:14'),(115,92,32,300,NULL,'2017-10-11 14:05:00','2017-10-20 13:28:00'),(116,93,34,300,NULL,'2017-10-11 14:06:00','2017-10-20 13:28:26'),(117,56,65,300,'','2017-10-11 17:47:10','2017-10-13 16:36:45'),(118,64,129,400,'','2017-10-11 18:10:54','2017-10-15 09:16:58'),(119,65,130,400,'','2017-10-11 18:11:10','2017-10-15 09:17:07'),(120,94,11,300,NULL,'2017-10-12 12:00:00','2017-10-14 02:34:18'),(121,95,12,300,NULL,'2017-10-12 14:19:00','2017-10-17 12:03:42'),(122,77,253,300,'','2017-10-12 17:18:47','2017-10-15 13:29:32'),(123,78,254,300,'','2017-10-12 17:19:03','2017-10-16 07:20:43'),(124,96,6,400,NULL,'2017-10-12 18:09:00','2017-10-16 13:25:19'),(125,97,7,400,NULL,'2017-10-12 18:10:00','2017-10-16 13:25:34'),(126,98,16,300,NULL,'2017-10-12 18:32:00','2017-10-13 11:45:53'),(127,99,17,300,NULL,'2017-10-12 18:33:00','2017-10-13 11:46:07'),(128,100,167,400,NULL,'2017-10-12 20:29:00','2017-10-14 02:27:31'),(129,101,169,400,NULL,'2017-10-12 20:32:00','2017-10-14 02:28:12'),(130,102,21,300,NULL,'2017-10-12 21:31:00','2017-10-15 00:06:52'),(131,103,22,300,NULL,'2017-10-12 21:34:00','2017-10-15 00:07:04'),(132,104,70,400,NULL,'2017-10-12 22:28:00','2017-10-15 11:39:00'),(133,105,73,400,NULL,'2017-10-12 22:29:00','2017-10-15 11:37:47'),(134,106,16,300,NULL,'2017-10-13 20:24:00','2017-10-18 13:13:09'),(135,107,17,300,NULL,'2017-10-13 20:26:00','2017-10-18 11:57:08'),(136,108,18,300,NULL,'2017-10-13 20:27:00','2017-10-18 13:13:34'),(137,109,45,400,NULL,'2017-10-14 10:40:00','2017-10-16 08:59:07'),(138,110,13,300,NULL,'2017-10-14 21:26:00','2017-10-15 12:00:43'),(139,111,14,300,NULL,'2017-10-14 21:27:00','2017-10-15 12:00:54'),(140,112,267,0,NULL,'2017-10-15 00:10:00','2017-10-15 14:59:44'),(141,113,21,300,NULL,'2017-10-15 13:04:00','2017-10-16 12:06:04'),(142,114,22,300,NULL,'2017-10-15 13:05:00','2017-10-16 12:06:17'),(143,115,23,300,NULL,'2017-10-15 13:13:00','2017-10-16 12:06:55'),(144,116,26,300,NULL,'2017-10-15 15:00:00','2017-10-17 13:48:50'),(145,117,27,300,NULL,'2017-10-15 15:01:00','2017-10-19 12:36:15'),(146,118,163,300,NULL,'2017-10-15 15:27:00','2017-10-22 14:25:15'),(147,119,164,300,NULL,'2017-10-15 15:28:00','2017-10-22 13:02:19'),(148,120,167,400,NULL,'2017-10-15 17:11:00','2017-10-16 12:12:06'),(149,121,168,400,NULL,'2017-10-15 17:12:00','2017-10-16 12:12:29'),(150,122,19,300,NULL,'2017-10-15 21:10:00','2017-10-18 11:58:50'),(151,123,11,300,NULL,'2017-10-16 13:32:00','2017-10-21 14:16:28'),(152,124,267,800,NULL,'2017-10-16 18:38:00','2017-10-17 13:56:54'),(153,125,268,800,NULL,'2017-10-16 18:39:00','2017-10-17 13:57:19'),(154,126,30,300,NULL,'2017-10-17 12:05:00','2017-10-21 14:29:28'),(155,127,127,400,NULL,'2017-10-17 13:36:00','2017-10-20 10:47:45'),(156,128,129,400,NULL,'2017-10-17 18:33:00','2017-10-21 12:03:18'),(157,129,130,400,NULL,'2017-10-17 18:34:00','2017-10-21 12:03:27'),(158,130,21,300,NULL,'2017-10-17 19:07:00','2017-10-26 10:51:45'),(159,131,22,300,NULL,'2017-10-17 19:08:00','2017-10-26 10:55:58'),(160,132,23,300,NULL,'2017-10-17 19:10:00','2017-10-19 07:01:00'),(161,133,167,400,NULL,'2017-10-17 19:11:00','2017-10-19 12:24:26'),(162,134,168,400,NULL,'2017-10-17 19:12:00','2017-10-19 12:24:12'),(163,135,45,300,NULL,'2017-10-17 20:33:00','2017-10-18 12:19:28'),(164,136,46,300,NULL,'2017-10-17 20:35:00','2017-10-18 12:18:53'),(165,137,47,300,NULL,'2017-10-17 20:36:00','2017-10-18 12:18:21'),(166,138,75,400,NULL,'2017-10-18 10:20:00','2017-10-20 10:16:15'),(167,139,76,400,NULL,'2017-10-18 10:21:00','2017-10-20 10:15:56'),(168,140,257,400,NULL,'2017-10-18 10:39:00','2017-10-23 11:15:47'),(169,141,258,400,NULL,'2017-10-18 10:40:00','2017-10-23 11:15:58'),(170,142,12,300,NULL,'2017-10-18 12:41:00','2017-10-23 11:41:12'),(171,143,125,800,NULL,'2017-10-18 16:35:00','2017-10-24 16:08:58'),(172,144,6,400,NULL,'2017-10-18 17:49:00','2017-10-21 11:56:46'),(173,145,7,400,NULL,'2017-10-18 17:50:00','2017-10-21 11:57:00'),(174,146,119,500,NULL,'2017-10-18 19:52:00','2017-10-20 12:45:57'),(175,147,16,300,NULL,'2017-10-18 21:51:00','2017-10-22 20:29:53'),(176,148,17,300,NULL,'2017-10-18 21:52:00','2017-10-22 20:30:18'),(177,149,18,300,NULL,'2017-10-18 21:53:00','2017-10-22 20:30:40'),(178,150,121,800,NULL,'2017-10-18 22:37:00','2017-10-20 12:31:38'),(179,151,260,400,NULL,'2017-10-19 12:04:00',NULL),(180,152,26,270,NULL,'2017-10-19 16:34:00','2017-10-21 20:21:55'),(181,153,27,270,NULL,'2017-10-19 16:38:00','2017-10-21 20:02:18'),(182,154,213,360,NULL,'2017-10-19 16:55:00','2017-10-20 11:45:46'),(183,155,214,360,NULL,'2017-10-19 16:57:00','2017-10-20 11:46:01'),(184,156,70,400,NULL,'2017-10-19 17:41:00','2017-10-23 09:53:03'),(185,157,71,400,NULL,'2017-10-19 17:42:00','2017-10-23 09:53:15'),(186,158,262,300,NULL,'2017-10-19 19:51:00',NULL),(187,159,167,400,NULL,'2017-10-20 00:38:00','2017-10-22 12:18:05'),(188,160,168,400,NULL,'2017-10-20 00:40:00','2017-10-22 12:18:14'),(189,161,267,0,NULL,'2017-10-20 10:21:00',NULL),(190,162,60,300,NULL,'2017-10-20 11:41:00','2017-10-21 09:09:16'),(191,163,61,300,NULL,'2017-10-20 11:42:00','2017-10-21 09:09:52'),(192,164,75,400,NULL,'2017-10-20 14:04:00','2017-10-23 10:18:24'),(193,165,76,400,NULL,'2017-10-20 14:05:00','2017-10-23 10:18:35'),(194,166,8,500,NULL,'2017-10-18 17:49:00','2017-10-21 11:46:16'),(195,167,265,750,NULL,'2017-10-20 19:05:00','2017-10-23 10:27:33'),(196,168,266,750,NULL,'2017-10-20 19:07:00','2017-10-23 10:27:49'),(197,169,127,0,NULL,'2017-10-21 23:16:00','2017-10-22 09:18:22'),(198,169,227,1,'','2017-10-22 09:18:22',NULL),(199,170,11,300,NULL,'2017-10-22 10:35:00','2017-10-23 09:49:00'),(200,171,31,300,NULL,'2017-10-22 13:24:00','2017-10-29 22:39:21'),(201,172,32,300,NULL,'2017-10-22 13:25:00','2017-10-29 22:40:26'),(202,173,33,300,NULL,'2017-10-22 13:25:00','2017-10-29 22:40:56'),(203,174,34,300,NULL,'2017-10-22 13:26:00','2017-10-29 22:41:54'),(204,175,129,400,NULL,'2017-10-22 14:55:00','2017-10-23 11:31:29'),(205,176,130,400,NULL,'2017-10-22 14:57:00','2017-10-23 11:31:16'),(206,147,26,300,'','2017-10-22 20:29:53','2017-10-23 10:03:40'),(207,148,27,300,'','2017-10-22 20:30:18','2017-10-23 11:35:43'),(208,149,28,300,'','2017-10-22 20:30:40','2017-10-23 10:03:55'),(209,177,11,390,NULL,'2017-10-24 14:20:00','2017-10-29 14:20:51'),(210,178,12,300,NULL,'2017-10-24 16:11:00',NULL),(211,179,26,300,NULL,'2017-10-24 19:43:00',NULL),(212,180,13,300,NULL,'2017-10-24 19:44:00','2017-10-28 13:21:47'),(213,181,27,300,NULL,'2017-10-24 19:46:00',NULL),(214,182,28,300,NULL,'2017-10-24 19:46:00',NULL),(215,183,23,300,NULL,'2017-10-24 23:38:00','2017-10-25 11:05:40'),(216,184,6,600,NULL,'2017-10-26 00:00:00','2017-10-26 18:01:35'),(217,185,1,598,NULL,'2017-10-26 00:07:00','2017-10-26 18:01:06'),(218,186,4,300,NULL,'2017-10-26 00:09:00','2017-10-26 18:00:47'),(219,187,167,600,NULL,'2017-10-26 00:11:00','2017-10-26 18:01:52'),(220,188,52,300,NULL,'2017-10-26 16:53:00','2017-10-28 11:55:01'),(221,189,53,300,NULL,'2017-10-26 16:58:00','2017-10-28 11:55:24'),(222,190,54,300,NULL,'2017-10-26 17:00:00','2017-10-28 14:02:41'),(223,191,163,400,NULL,'2017-10-26 18:04:00',NULL),(224,192,164,400,NULL,'2017-10-26 18:08:00',NULL),(225,193,129,400,NULL,'2017-10-26 18:59:00','2017-10-30 09:46:57'),(226,194,130,400,NULL,'2017-10-26 19:00:00','2017-10-30 09:47:09'),(227,195,1,0,NULL,'2017-10-26 23:45:00','2017-10-27 00:14:50'),(228,196,241,400,NULL,'2017-10-27 16:00:00','2017-10-29 12:29:07'),(229,197,242,400,NULL,'2017-10-27 16:01:00','2017-10-29 12:29:23'),(230,198,81,0,NULL,'2017-10-29 11:37:00',NULL),(231,199,21,400,NULL,'2017-10-29 14:17:00',NULL),(232,200,11,300,NULL,'2017-10-29 14:22:00',NULL),(233,201,22,300,NULL,'2017-10-29 18:28:00','2017-10-30 06:27:39'),(234,202,16,300,NULL,'2017-10-30 11:14:00',NULL),(235,203,17,300,NULL,'2017-10-30 11:16:00',NULL),(236,204,18,298,NULL,'2017-10-30 11:17:00',NULL),(237,205,45,300,NULL,'2017-10-30 13:04:00',NULL),(238,206,46,300,NULL,'2017-10-30 13:06:00',NULL),(239,207,117,-1,NULL,'2017-10-30 17:18:00',NULL);
/*!40000 ALTER TABLE `user_bed` ENABLE KEYS */;
UNLOCK TABLES;

--
-- Table structure for table `user_discount`
--

DROP TABLE IF EXISTS `user_discount`;
/*!40101 SET @saved_cs_client     = @@character_set_client */;
/*!40101 SET character_set_client = utf8 */;
CREATE TABLE `user_discount` (
  `id` int(11) NOT NULL AUTO_INCREMENT,
  `user_id` int(11) NOT NULL,
  `comment` varchar(145) COLLATE utf8_unicode_ci DEFAULT NULL,
  `price` int(11) DEFAULT NULL,
  `discount_date` datetime NOT NULL,
  `staff` varchar(45) COLLATE utf8_unicode_ci DEFAULT NULL,
  `payment_type_id` int(11) DEFAULT NULL,
  `user_name` varchar(45) COLLATE utf8_unicode_ci DEFAULT NULL,
  `order_id` int(11) DEFAULT NULL,
  PRIMARY KEY (`id`),
  KEY `dis_user_id_idx` (`user_id`),
  CONSTRAINT `dis_user_id` FOREIGN KEY (`user_id`) REFERENCES `user` (`id`) ON DELETE NO ACTION ON UPDATE NO ACTION
) ENGINE=InnoDB AUTO_INCREMENT=30 DEFAULT CHARSET=utf8 COLLATE=utf8_unicode_ci;
/*!40101 SET character_set_client = @saved_cs_client */;

--
-- Dumping data for table `user_discount`
--

LOCK TABLES `user_discount` WRITE;
/*!40000 ALTER TABLE `user_discount` DISABLE KEYS */;
INSERT INTO `user_discount` VALUES (1,28,'אוכל שלא הוזמן ',240,'2017-10-10 08:35:06','evyatar',1,NULL,NULL),(2,1,'PARA AVIV',80,'2017-10-12 17:33:39','evyatar',3,NULL,NULL),(3,1,'סגירת קופה 11/10 לילנ',1000,'2017-10-12 18:51:16','evyatar',3,NULL,NULL),(4,1,'סגירת קופה לילה11.10',1000,'2017-10-12 18:54:31','evyatar',3,NULL,NULL),(5,56,'אוכל שלא הוזמן',1075,'2017-10-13 16:15:00','evyatar',1,NULL,NULL),(6,9,'test',100,'2017-10-13 18:47:51','evyatar',1,NULL,NULL),(7,1,'test',100,'2017-10-13 18:53:43','evyatar',3,NULL,NULL),(8,94,'vodkas',1700,'2017-10-13 22:24:49','evyatar',1,NULL,NULL),(9,1,'COMIDA PARA LLEVAR',270,'2017-10-15 07:23:55','evyatar',3,NULL,NULL),(10,95,'אוכל שלא הוזמן',185,'2017-10-17 07:27:26','evyatar',1,'ido donky',0),(11,26,'הנחה לינה מבני ',1200,'2017-10-17 10:54:20','evyatar',1,'noa hofman',0),(12,117,'סלט שלא הוזמן',100,'2017-10-18 14:46:20','evyatar',1,'noa elbaz',0),(13,60,'צק אווט ב פחות הלילות15.10 ',3200,'2017-10-18 15:21:32','evyatar',1,'gnesin alexsander',0),(14,1,'הנחה ישראלי מקומי',20,'2017-10-18 17:48:25','evyatar',3,'system',1056),(15,146,'NUCHE TARDE',500,'2017-10-19 15:19:46','evyatar',1,'sara juliana perez diaz',0),(16,9,'TEST',390,'2017-10-19 16:19:14','evyatar',1,'haim',1184),(17,150,'הנחה קובי',400,'2017-10-20 12:31:06','evyatar',1,'ron shahin',0),(18,1,'הנחה מקומי',70,'2017-10-20 15:33:21','evyatar',3,'system',1342),(19,152,'check out tarde',360,'2017-10-20 17:58:01','evyatar',1,'BAR ELMALKAYS',0),(20,153,'check out tarde',360,'2017-10-20 17:58:22','evyatar',1,'ROTEM ASHURY',0),(21,1,'הנחה מקומי ',20,'2017-10-20 18:21:08','evyatar',3,'system',1361),(22,144,'JAHNON + AGUA',140,'2017-10-21 11:55:55','marco',1,'odaya kobous',0),(23,1,'הנחה יוחאי',80,'2017-10-21 12:52:32','buba',3,'system',1478),(24,126,'CHECK OUT TARDE',300,'2017-10-21 14:29:02','evyatar',1,'sapir horesh',0),(25,118,'muche tarde',300,'2017-10-22 14:24:33','evyatar',1,'amit hagai',0),(26,141,'הנחה מגבת בני',200,'2017-10-23 10:05:27','evyatar',1,'OFIR AZANKOT',0),(27,1,'הנחה אביב',40,'2017-10-23 13:18:20','evyatar',3,'system',1709),(28,1,'הנחה ארי',15,'2017-10-23 16:12:04','evyatar',3,'system',1711),(29,143,'check out tarde ',800,'2017-10-24 15:55:09','evyatar',1,'refael saban',0);
/*!40000 ALTER TABLE `user_discount` ENABLE KEYS */;
UNLOCK TABLES;

--
-- Table structure for table `user_type`
--

DROP TABLE IF EXISTS `user_type`;
/*!40101 SET @saved_cs_client     = @@character_set_client */;
/*!40101 SET character_set_client = utf8 */;
CREATE TABLE `user_type` (
  `id` int(11) NOT NULL AUTO_INCREMENT,
  `type` varchar(45) COLLATE utf8_unicode_ci DEFAULT NULL,
  PRIMARY KEY (`id`)
) ENGINE=InnoDB AUTO_INCREMENT=4 DEFAULT CHARSET=utf8 COLLATE=utf8_unicode_ci;
/*!40101 SET character_set_client = @saved_cs_client */;

--
-- Dumping data for table `user_type`
--

LOCK TABLES `user_type` WRITE;
/*!40000 ALTER TABLE `user_type` DISABLE KEYS */;
INSERT INTO `user_type` VALUES (1,'Admin'),(2,'Guest'),(3,'Employee');
/*!40000 ALTER TABLE `user_type` ENABLE KEYS */;
UNLOCK TABLES;
/*!40103 SET TIME_ZONE=@OLD_TIME_ZONE */;

/*!40101 SET SQL_MODE=@OLD_SQL_MODE */;
/*!40014 SET FOREIGN_KEY_CHECKS=@OLD_FOREIGN_KEY_CHECKS */;
/*!40014 SET UNIQUE_CHECKS=@OLD_UNIQUE_CHECKS */;
/*!40101 SET CHARACTER_SET_CLIENT=@OLD_CHARACTER_SET_CLIENT */;
/*!40101 SET CHARACTER_SET_RESULTS=@OLD_CHARACTER_SET_RESULTS */;
/*!40101 SET COLLATION_CONNECTION=@OLD_COLLATION_CONNECTION */;
/*!40111 SET SQL_NOTES=@OLD_SQL_NOTES */;

-- Dump completed on 2017-10-30 18:21:17
